iheart.com	197
msn.com	81
yahoo.com	70
nationalinterest.org	65
army.mil	64
stripes.com	43
dvidshub.net	37
marshallcenter.org	36
chron.com	34
af.mil	33
thetelegraph.com	27
sfgate.com	26
prnewswire.com	25
dredgingtoday.com	24
washingtonpost.com	24
military.com	21
nbcnews.com	20
reuters.com	20
aerotechnews.com	19
go.com	18
startribune.com	17
theintelligencer.com	15
armytimes.com	15
timesunion.com	15
theepochtimes.com	15
clarksvilleonline.com	15
pressreleasepoint.com	14
militarytimes.com	14
seattletimes.com	14
sandiegouniontribune.com	13
union-bulletin.com	13
chicagotribune.com	13
wondradio.com	13
940wfaw.com	13
eurekalert.org	13
lmtonline.com	12
foxnews.com	12
wkjc.com	12
hitsfm.net	12
aero-news.net	12
freerepublic.com	12
upi.com	12
wadk.com	12
mysanantonio.com	12
airforcetimes.com	11
seattlepi.com	11
ricochet.com	10
thetimestribune.com	10
fool.com	10
mynorthwest.com	10
omaha.com	10
pressherald.com	10
sofmag.com	10
expressnews.com	10
tucson.com	10
americanmilitarynews.com	10
nhregister.com	10
spacecoastdaily.com	9
postandcourier.com	9
gazettextra.com	9
centralmaine.com	9
abc7chicago.com	9
vindy.com	9
voanews.com	9
record-eagle.com	9
wimsradio.com	9
myaustinminnesota.com	9
caller.com	9
mlive.com	9
ksyl.com	9
ctpost.com	9
hollandsentinel.com	9
dailyrepublic.com	8
abc11.com	8
thestar.com	8
baltimoresun.com	8
marinelink.com	8
richmond.com	8
cnsnews.com	8
abc13.com	8
abcnewsradioonline.com	8
smallwarsjournal.com	8
sfchronicle.com	8
sofrep.com	8
greenwichtime.com	8
mycentraloregon.com	8
edmontonsun.com	8
680news.com	8
heraldmailmedia.com	8
beaumontenterprise.com	8
wacotrib.com	7
duluthnewstribune.com	7
goskagit.com	7
tmcnet.com	7
thedailyreview.com	7
lmtribune.com	7
unionleader.com	7
chattanoogan.com	7
newsweek.com	7
strategypage.com	7
dailyherald.com	7
dailyadvance.com	7
capegazette.com	7
middletownpress.com	7
poststar.com	7
cnbc.com	7
ksl.com	7
k101fm.net	7
exploreseiowa.com	7
waterwaysjournal.net	7
popularmechanics.com	7
apnews.com	7
stamfordadvocate.com	7
richmondregister.com	7
houstonchronicle.com	7
nbcdfw.com	7
reflector.com	7
stltoday.com	7
floridapolitics.com	7
heavy.com	7
news4jax.com	7
accesswdun.com	7
thehour.com	7
kdhnews.com	7
defenseone.com	7
theadvocate.com	7
myjournalcourier.com	6
wickedlocal.com	6
brookingsradio.com	6
joplinglobe.com	6
wjnt.com	6
nwfdailynews.com	6
dothaneagle.com	6
tribtoday.com	6
theeagle.com	6
washingtonexaminer.com	6
paducahsun.com	6
al.com	6
azcentral.com	6
northwestmoinfo.com	6
surfky.com	6
fairfieldcitizenonline.com	6
thebrunswicknews.com	6
newsday.com	6
1049maxcountry.com	6
inforum.com	6
daily-journal.com	6
phys.org	6
tulsaworld.com	6
madison.com	6
abc30.com	6
clickondetroit.com	6
somerset-kentucky.com	6
teamusa.org	6
abc7ny.com	6
mix1005.fm	6
theindependent.com	6
hawaiinewsnow.com	6
seekingalpha.com	6
kob.com	6
pantagraph.com	6
independentsentinel.com	6
pacom.mil	6
patch.com	6
kneb.com	6
postbulletin.com	6
cdispatch.com	6
newstimes.com	6
live5news.com	6
yakimaherald.com	6
themoreheadnews.com	5
king5.com	5
warontherocks.com	5
nwitimes.com	5
palmbeachpost.com	5
therepublic.com	5
1049thebeat.com	5
kearneyhub.com	5
kmaland.com	5
wtvm.com	5
grandhaventribune.com	5
sungazette.com	5
syracuse.com	5
wfmz.com	5
auburnpub.com	5
northwestgeorgianews.com	5
infotel.ca	5
benzinga.com	5
marinecorpstimes.com	5
firstcoastnews.com	5
glasgowdailytimes.com	5
news957.com	5
whig.com	5
navytimes.com	5
prweb.com	5
wjol.com	5
norwich.edu	5
itbusinessnet.com	5
news-gazette.com	5
wbal.com	5
bozemandailychronicle.com	5
ajc.com	5
ktbs.com	5
newmilfordspectrum.com	5
crestviewbulletin.com	5
abc7news.com	5
wowt.com	5
sun-sentinel.com	5
tampabay.com	5
mcall.com	5
dentonrc.com	5
6abc.com	5
fredericknewspost.com	5
wdrb.com	5
idahostatejournal.com	5
thetandd.com	5
wral.com	5
wnep.com	5
newsherald.com	5
monroenews.com	5
ksat.com	5
siouxcityjournal.com	5
moultrienews.com	5
mrt.com	5
windsorstar.com	5
wthr.com	5
coastalnewstoday.com	5
courant.com	5
gillettenewsrecord.com	5
patriotpost.us	4
muscatinejournal.com	4
nbcconnecticut.com	4
latimes.com	4
news12.com	4
myalbertlea.com	4
oann.com	4
hngnews.com	4
southernminn.com	4
sooeveningnews.com	4
qctimes.com	4
krvn.com	4
thenewsdispatch.com	4
businessnorth.com	4
milfordmirror.com	4
salemnews.net	4
goerie.com	4
triblive.com	4
cleveland.com	4
messenger-inquirer.com	4
khq.com	4
local10.com	4
qconline.com	4
einnews.com	4
13newsnow.com	4
fox6now.com	4
7thspace.com	4
starnewsonline.com	4
alternet.org	4
helenair.com	4
herald-review.com	4
palmbeachdailynews.com	4
journalstar.com	4
winchesterstar.com	4
caledonianrecord.com	4
theworldlink.com	4
freepressonline.com	4
nbcphiladelphia.com	4
silive.com	4
trib.com	4
forbes.com	4
observer-reporter.com	4
click2houston.com	4
morning-times.com	4
albanyherald.com	4
netscape.com	4
rrstar.com	4
kentuckynewera.com	4
kticradio.com	4
abqjournal.com	4
suntimes.com	4
bedfordnow.com	4
politico.com	4
realclearpolitics.com	4
detroitnews.com	4
finanznachrichten.de	4
floridatoday.com	4
newspressnow.com	4
howstuffworks.com	4
law360.com	4
fayobserver.com	4
680kfeq.com	4
gjsentinel.com	4
dailyindependent.com	4
850wftl.com	4
elpasoinc.com	4
thecourier.com	4
thedailytimes.com	4
petoskeynews.com	4
miragenews.com	4
naturalnews.com	4
herald-dispatch.com	4
brainerddispatch.com	4
digitaljournal.com	4
courier-journal.com	4
kokomotribune.com	4
abc7.com	4
breitbart.com	4
theintermountain.com	4
wilsontimes.com	4
bignewsnetwork.com	4
mprnews.org	4
wuwf.org	4
srpressgazette.com	4
ntd.com	4
wrdw.com	4
russiaherald.com	4
inquirer.com	4
fox29.com	4
michigansthumb.com	4
wnmufm.org	4
savannahnow.com	4
staradvertiser.com	4
myplainview.com	4
nonpareilonline.com	4
570news.com	4
theconservativetreehouse.com	4
europesun.com	4
mymoinfo.com	4
iowapublicradio.org	4
ourmidland.com	4
wydaily.com	4
smdailyjournal.com	4
pennlive.com	4
thenewsenterprise.com	4
centralmoinfo.com	4
yourfortdodge.com	4
roanoke.com	4
newsadvance.com	4
mankatofreepress.com	4
mycolumbiabasin.com	4
news-journalonline.com	4
lacrossetribune.com	4
registercitizen.com	4
wjtn.com	4
pilotonline.com	4
aviationweek.com	4
1310news.com	4
wcvb.com	4
wdio.com	4
elpasotimes.com	4
portcitydaily.com	4
dailyprogress.com	4
adn.com	4
wsls.com	4
fox2now.com	3
armyrecognition.com	3
mainepublic.org	3
ktva.com	3
marketwatch.com	3
timesreview.com	3
kbia.org	3
kasu.org	3
missourinet.com	3
bgdailynews.com	3
springfieldnewssun.com	3
wuft.org	3
thetrucker.com	3
pressrepublican.com	3
globegazette.com	3
myeasternoregon.com	3
dailyjournal.net	3
ktar.com	3
ketr.org	3
kitv.com	3
heraldpalladium.com	3
wibw.com	3
fox40.com	3
tribtown.com	3
westport-news.com	3
theintelligencer.net	3
delrionewsherald.com	3
kvia.com	3
tdtnews.com	3
baystreet.ca	3
waltonsun.com	3
whec.com	3
kacu.org	3
jpost.com	3
journaltimes.com	3
journal-news.net	3
greensboro.com	3
ktep.org	3
voiceofalexandria.com	3
montgomerynews.com	3
kmbc.com	3
courthousenews.com	3
nny360.com	3
wwnytv.com	3
kenw.org	3
cumberlink.com	3
santafenewmexican.com	3
newjerseytelegraph.com	3
fox7austin.com	3
spacewar.com	3
abcfoxmontana.com	3
onenewsnow.com	3
wphm.net	3
standardspeaker.com	3
buffalonews.com	3
usatoday.com	3
houmatimes.com	3
wjct.org	3
centcom.mil	3
telegraphherald.com	3
gosanangelo.com	3
newsminer.com	3
marinelog.com	3
kbtx.com	3
emsworld.com	3
burlingtoncountytimes.com	3
macombdaily.com	3
kfvs12.com	3
newyorktelegraph.com	3
timesleaderonline.com	3
pnj.com	3
nrtoday.com	3
dailymail.co.uk	3
tribstar.com	3
nbcbayarea.com	3
salemnews.com	3
fosters.com	3
nbcsandiego.com	3
indiedb.com	3
mdjonline.com	3
insurancenewsnet.com	3
nbcwashington.com	3
rollcall.com	3
fox10phoenix.com	3
people.com	3
napavalleyregister.com	3
natlawreview.com	3
thedailynewsonline.com	3
historynet.com	3
deseret.com	3
fox43.com	3
uppermichiganssource.com	3
thedrive.com	3
aikenstandard.com	3
bradfordera.com	3
globenewswire.com	3
starherald.com	3
yumasun.com	3
kulr8.com	3
appeal-democrat.com	3
delcotimes.com	3
thedestinlog.com	3
gunsandammo.com	3
theredstonerocket.com	3
heritage.org	3
govexec.com	3
lockhaven.com	3
northcountrypublicradio.org	3
timesofsandiego.com	3
spacedaily.com	3
seacoastonline.com	3
sentinelsource.com	3
clarksvillenow.com	3
ainonline.com	3
freep.com	3
defensenews.com	3
texasguardian.com	3
kynt1450.com	3
tnledger.com	3
sandiegosun.com	3
wgbh.org	3
beaver1003.com	3
aberdeennews.com	3
thesouthern.com	3
forthoodsentinel.com	3
nbcchicago.com	3
foxbusiness.com	3
wtvbam.com	3
bdtonline.com	3
jsonline.com	3
sputniknews.com	3
bakersfield.com	3
muskogeephoenix.com	3
coladaily.com	3
jamestownsun.com	3
troyrecord.com	3
kelofm.com	3
ibtimes.com	3
whas11.com	3
wkyc.com	3
thepublicopinion.com	3
tuscaloosanews.com	3
nasdaq.com	3
kxl.com	3
sentinel-standard.com	3
wksn.com	3
soldiersystems.net	3
nytimes.com	3
se933.com	3
azerbaijannews.net	3
spokesman.com	3
thealpenanews.com	3
10tv.com	3
myqcountry.com	3
iraqsun.com	3
dailyfreeman.com	3
africaleader.com	3
13abc.com	3
wsj.com	3
afghanistannews.net	3
afghanistansun.com	3
voicenews.com	3
nigeriasun.com	3
lcsun-news.com	3
fox103.com	3
phillytrib.com	3
hccommunityjournal.com	3
daytondailynews.com	3
dispatch.com	3
quadcitiesdaily.com	3
tdn.com	3
jg-tc.com	3
cbsnews.com	3
sierraleonetimes.com	3
ktvb.com	3
irishsun.com	3
arabherald.com	3
herald-citizen.com	3
parisguardian.com	3
koka.am	3
q108.com	3
whotv.com	3
q957.com	3
theranch.fm	3
leadertelegram.com	3
tcpalm.com	3
rewind943.com	3
wcfcourier.com	3
japantimes.co.jp	3
cltampa.com	3
register-herald.com	3
americanpress.com	3
dailylocal.com	3
radio.com	3
kentreporter.com	3
candgnews.com	3
klkl.fm	3
clevelandbanner.com	3
kstp.com	3
chronicleonline.com	3
wbtv.com	3
hudsonvalley360.com	3
gazette.com	3
hppr.org	3
wsgw.com	3
eastoregonian.com	3
woad.com	3
northcountrynow.com	3
kcci.com	3
rfdtv.com	2
grandforksherald.com	2
chetekalert.com	2
grahamleader.com	2
shorelinemedia.net	2
heraldtribune.com	2
myiowainfo.com	2
heraldstandard.com	2
wiscnews.com	2
knzr.com	2
heraldandnews.com	2
wusa9.com	2
thezone1059.com	2
kens5.com	2
counterpunch.org	2
swoknews.com	2
tribuneledgernews.com	2
5newsonline.com	2
molawyersmedia.com	2
winonapost.com	2
citybeat.com	2
oklahoman.com	2
missoulian.com	2
wrul.com	2
hillaac.net	2
newsandsentinel.com	2
11alive.com	2
effinghamradio.com	2
yumanewsnow.com	2
usf.edu	2
kaaltv.com	2
publicnow.com	2
dailyadvocate.com	2
kpcnews.com	2
wybz.com	2
time.com	2
dailytimes.com	2
amazingmadison.com	2
chronicle-tribune.com	2
gastongazette.com	2
factcheck.org	2
midutahradio.com	2
fingerlakes1.com	2
fox4kc.com	2
directionsmag.com	2
fox4news.com	2
buffalobulletin.com	2
gloucestertimes.com	2
xtra99.com	2
927thedrive.net	2
faribaultcountyregister.com	2
1220thelegends.com	2
floydct.com	2
fox5ny.com	2
reviewtimes.com	2
gbtribune.com	2
telegram.com	2
sj-r.com	2
independentnews.com	2
hellenicshippingnews.com	2
tahlequahdailypress.com	2
theparisnews.com	2
wishtv.com	2
wccq.com	2
komu.com	2
dailypress.com	2
witl.com	2
theglobeandmail.com	2
pineandlakes.com	2
sanmarcosrecord.com	2
capecodtoday.com	2
wdtimes.com	2
thefacts.com	2
frontpageafricaonline.com	2
goobjoog.com	2
civilbeat.org	2
couriernews.com	2
keysnews.com	2
k105.com	2
newportri.com	2
wmbfnews.com	2
myheraldreview.com	2
thepilot.com	2
registerguard.com	2
wdsu.com	2
myuscountry.com	2
tctimes.com	2
thetimesnews.com	2
mtstandard.com	2
kaperadio1550.com	2
kait8.com	2
cbs19.tv	2
godanriver.com	2
kenyastar.com	2
dailyiowegian.com	2
cochranetoday.ca	2
wtva.com	2
standard-journal.com	2
c4isrnet.com	2
superiortelegram.com	2
thejoyfm.com	2
vestnikkavkaza.net	2
israelherald.com	2
okotokstoday.ca	2
pamplinmedia.com	2
ketv.com	2
thedailybeast.com	2
medicalxpress.com	2
kazu.org	2
wvik.org	2
wjsu.org	2
kios.org	2
capjournal.com	2
nashvilleherald.com	2
globalsistersreport.org	2
kelo.com	2
theusnews.com	2
kqed.org	2
stlouisstar.com	2
auburnvillager.com	2
srilankasource.com	2
kanw.com	2
ktvz.com	2
12news.com	2
baltimorestar.com	2
medium.com	2
defence-blog.com	2
airdrietoday.com	2
goshennews.com	2
wosu.org	2
thesubtimes.com	2
wbir.com	2
10news.com	2
wyff4.com	2
sunjournal.com	2
wandtv.com	2
greensburgdailynews.com	2
lakeplacidnews.com	2
nwherald.com	2
wfpl.org	2
937kclb.com	2
marketscreener.com	2
southbendtribune.com	2
fairfieldsuntimes.com	2
greeleytribune.com	2
wlec.com	2
oleantimesherald.com	2
kyssfm.com	2
beloitdailynews.com	2
stargazette.com	2
africanews.com	2
westhawaiitoday.com	2
mondaq.com	2
worldmaritimenews.com	2
smenet.org	2
theadanews.com	2
hannibal.net	2
albuquerqueexpress.com	2
timesnewspapers.com	2
wpsu.org	2
murrayledger.com	2
fox5atlanta.com	2
gcaptain.com	2
staugustine.com	2
health.mil	2
themonitor.com	2
997wtn.com	2
biospace.com	2
columbustelegram.com	2
clevelandstar.com	2
1011now.com	2
jacksonville.com	2
timesdaily.com	2
chestertontribune.com	2
centralasiatimes.com	2
wbay.com	2
japantoday.com	2
wrganews.com	2
weatherforddemocrat.com	2
kwsn.com	2
auburn-reporter.com	2
usni.org	2
hibbingmn.com	2
patriotledger.com	2
westkentuckystar.com	2
sciencedaily.com	2
hawaiitelegraph.com	2
publishersmarketplace.com	2
wypr.org	2
ssuchronicle.com	2
saltlakecitysun.com	2
politifact.com	2
ktuu.com	2
kwtx.com	2
ksro.com	2
bostonstar.com	2
tennesseedaily.com	2
drgnews.com	2
ftleavenworthlamp.com	2
dallassun.com	2
techcrunch.com	2
publicradiotulsa.org	2
californiatelegraph.com	2
wrvo.org	2
wcbe.org	2
verticalmag.com	2
pittsburghstar.com	2
textileworld.com	2
memphissun.com	2
padresteve.com	2
kjo1055.com	2
whio.com	2
lobotero.com	2
standard.net	2
dtnpf.com	2
whtc.com	2
michiganradio.org	2
starfl.com	2
phoenixherald.com	2
winonadailynews.com	2
kpax.com	2
furnituretoday.com	2
wtaq.com	2
bangordailynews.com	2
khou.com	2
orlandosentinel.com	2
lodinews.com	2
bismarcktribune.com	2
kiiitv.com	2
laramieboomerang.com	2
torontosun.com	2
kelownadailycourier.ca	2
timesrepublican.com	2
huffpost.com	2
timesobserver.com	2
coastalcourier.com	2
eagletribune.com	2
kare11.com	2
galesburg.com	2
danspapers.com	2
nuvo.net	2
dailyrecordnews.com	2
news-herald.com	2
jdsupra.com	2
crescent-news.com	2
apalachtimes.com	2
wtsp.com	2
championnewspapers.com	2
cbs8.com	2
outsidethebeltway.com	2
nptelegraph.com	2
thehill.com	2
927thevan.com	2
975klak.com	2
dailycaller.com	2
1075zoofm.com	2
lohud.com	2
swissinfo.ch	2
independenttribune.com	2
bizpacreview.com	2
wfsu.org	2
timestelegram.com	2
news9.com	2
bensonnews-sun.com	2
wibwnewsnow.com	2
esciencenews.com	2
montgomeryadvertiser.com	2
nbcnewyork.com	2
rawstory.com	2
thenews-messenger.com	2
norfolkdailynews.com	2
whvoradio.com	2
wsau.com	2
gowatertown.net	2
cecildaily.com	2
ktsa.com	2
weather.com	2
blacklistednews.com	2
hillsdale.net	2
kptv.com	2
wapt.com	2
wgntv.com	2
njbiz.com	2
wbur.org	2
nvdaily.com	2
journalpioneer.com	2
augustafreepress.com	2
inquirer.net	2
thedailyworld.com	2
sitnews.us	2
plos.org	2
southcom.mil	2
pbcommercial.com	2
williamsondailynews.com	2
britannica.com	2
religionnews.com	2
pottsmerc.com	2
eagletimes.com	2
dnews.com	2
theday.com	2
columbiamissourian.com	2
zerohedge.com	2
thecabin.net	2
communitynewspapergroup.com	2
artfixdaily.com	2
alexcityoutlook.com	2
warbirdsnews.com	2
magnoliareporter.com	2
yourdailyglobe.com	2
myklgr.com	2
miningjournal.net	2
rgj.com	2
wwno.org	2
myozarksonline.com	2
calgarysun.com	2
bonnercountydailybee.com	2
crainsdetroit.com	2
brownsvilleherald.com	2
avpress.com	2
news-expressky.com	2
ijr.com	2
thegardnernews.com	2
advocateanddemocrat.com	2
reporternews.com	2
djournal.com	2
mitchellrepublic.com	2
zimbabwestar.com	2
power96radio.com	2
kdhlradio.com	2
timesrecordnews.com	2
salon.com	2
limaohio.com	2
wvtm13.com	2
statesman.com	2
bpr.org	2
thereporteronline.com	2
nbcrightnow.com	2
minicassia.com	2
republic-online.com	2
nydailynews.com	2
rockymounttelegram.com	2
kzyx.org	2
adirondackdailyenterprise.com	2
idahopress.com	2
weaa.org	2
hpherald.com	2
ksmu.org	2
wifc.com	2
fox13now.com	2
shanghainews.net	2
theguardian.pe.ca	2
aginfo.net	2
mycentralnebraska.com	2
peakoil.com	2
wfmj.com	2
doorcountydailynews.com	2
fauquier.com	2
jaxdailyrecord.com	2
centraljersey.com	2
wsfa.com	2
clearancejobs.com	2
clintonherald.com	2
morningjournalnews.com	2
csbj.com	2
saratogian.com	2
stgeorgeutah.com	2
kuic.com	2
chinanationalnews.com	2
chippewa.com	2
clevelandjewishnews.com	2
1073modfm.com	2
dailyitem.com	2
wdsm710.com	2
necn.com	2
kcrg.com	2
nbcmiami.com	2
hometownstation.com	2
upenn.edu	2
dailyvoice.com	2
kkdv.com	2
workers.org	2
theconversation.com	2
jns.org	2
lasvegassun.com	2
whbl.com	2
mobilitytechzone.com	2
kkiq.com	2
infowars.com	2
csmonitor.com	2
cobizmag.com	2
wctrib.com	2
dailyunion.com	2
neworleanscitybusiness.com	2
biometricupdate.com	2
tribdem.com	2
taku105.com	2
gazettenet.com	2
pressconnects.com	2
oc-breeze.com	2
revolutionradio.org	2
communityimpact.com	2
yankton.net	2
oregonlive.com	2
nationaldefensemagazine.org	2
stwnewspress.com	2
theeagle1069.com	2
lockportjournal.com	2
lawfareblog.com	2
statesville.com	2
vvdailypress.com	2
thedefensepost.com	2
rapidcityjournal.com	2
newburyportnews.com	2
wlbt.com	2
tamu.edu	2
ulm.edu	2
thelcn.com	2
ithacajournal.com	2
clarionledger.com	2
padailypost.com	1
97rockonline.com	1
tnonline.com	1
foxla.com	1
carolinacoastonline.com	1
xinhuanet.com	1
devdiscourse.com	1
coinnews.net	1
ksoo.com	1
sydneysun.com	1
irishcentral.com	1
timeswv.com	1
jta.org	1
econintersect.com	1
batonrougepost.com	1
australiannews.net	1
krem.com	1
montanakaimin.com	1
eturbonews.com	1
fox21online.com	1
ohiostandard.com	1
kivitv.com	1
wbko.com	1
haitisun.com	1
us105fm.com	1
energycentral.com	1
sanantoniopost.com	1
cbc.ca	1
finance-commerce.com	1
japanherald.com	1
laosnews.net	1
urbanacitizen.com	1
tbnweekly.com	1
newscentermaine.com	1
londonmercury.com	1
en.protothema.gr	1
atchisonglobenow.com	1
naplesnews.com	1
lebanondemocrat.com	1
oanow.com	1
theplainsman.com	1
enterprisepub.com	1
oklahomacitysun.com	1
cincinnatisun.com	1
wltx.com	1
heraldnet.com	1
iranherald.com	1
aaas.org	1
photonicsonline.com	1
indiagazette.com	1
wtol.com	1
929jackfm.com	1
mexicostar.com	1
power959.com	1
massachusettssun.com	1
floridastatesman.com	1
1007sandiego.com	1
12newsnow.com	1
taiwansun.com	1
thv11.com	1
caribbeanherald.com	1
allotsego.com	1
kdat.com	1
nepalnational.com	1
975now.com	1
newyorkstatesman.com	1
malaysiasun.com	1
b100quadcities.com	1
bangladeshsun.com	1
13wmaz.com	1
classicrock1051.com	1
92moose.fm	1
i1071.com	1
b1027.com	1
woas-fm.org	1
classicrock1069.com	1
philippinetimes.com	1
jamaicantimes.com	1
myanmarnews.net	1
torontotelegraph.com	1
wgrd.com	1
1023thebullfm.com	1
cbs7.com	1
richlandsource.com	1
wfgr.com	1
pakistantelegraph.com	1
barrie.ctvnews.ca	1
northkoreatimes.com	1
brazilsun.com	1
thetimesherald.com	1
krock1017fm.com	1
argentinastar.com	1
singaporestar.com	1
kfox95.com	1
calcuttanews.net	1
milwaukeesun.com	1
oklahomastar.com	1
mysteriousuniverse.org	1
nampa.org	1
circlevilleherald.com	1
thetowntalk.com	1
newbusinessethiopia.com	1
kyivpost.com	1
ahram.org.eg	1
kxxv.com	1
radioiowa.com	1
newzealandstar.com	1
trinidadtimes.com	1
bruneinews.net	1
neworleanssun.com	1
vietnamtribune.com	1
hawaiitribune-herald.com	1
abc10.com	1
1063cowboycountry.com	1
asiabulletin.com	1
britainnews.net	1
sheltonherald.com	1
utahindependent.com	1
tucsonpost.com	1
kgw.com	1
thedailystar.com	1
973thedawg.com	1
mainemirror.com	1
georgiarecorder.com	1
dailyorange.com	1
rappnews.com	1
truthdig.com	1
indexjournal.com	1
thedmonline.com	1
citynews1130.com	1
sidneydailynews.com	1
nbc12.com	1
fox9.com	1
meadvilletribune.com	1
fox13news.com	1
saraacarter.com	1
si.com	1
militaryhistorynow.com	1
kunc.org	1
ktvq.com	1
aspenpublicradio.org	1
ems1.com	1
thedalleschronicle.com	1
thegardenisland.com	1
delawarestatenews.net	1
witn.com	1
wkbw.com	1
stljewishlight.com	1
bemidjipioneer.com	1
kool1017.com	1
21stcenturywire.com	1
channelnewsasia.com	1
ibm.com	1
citybizlist.com	1
y101radio.com	1
perhamfocus.com	1
investingnews.com	1
informedinfrastructure.com	1
middlenecknews.com	1
newsmax.com	1
earthsky.org	1
wect.com	1
foxwilmington.com	1
abcactionnews.com	1
who2.com	1
fox46charlotte.com	1
niagara-gazette.com	1
firerescue1.com	1
bigrapidsnews.com	1
dailyastorian.com	1
kuow.org	1
ktvh.com	1
journalstandard.com	1
peoriapublicradio.org	1
wvfm1065.com	1
wptv.com	1
kffb.com	1
capecodtimes.com	1
krcc.org	1
businesswire.com	1
wtbx.com	1
whdh.com	1
921fuelfm.com	1
thenewstribune.com	1
wixx.com	1
chronline.com	1
inquisitr.com	1
scpr.org	1
q13fox.com	1
i1067.com	1
mix929.com	1
hot96.com	1
thetimes24-7.com	1
ticklethewire.com	1
moddb.com	1
nmpoliticalreport.com	1
hydro-international.com	1
politicspa.com	1
havasunews.com	1
turlockjournal.com	1
federalnewsnetwork.com	1
connectionnewspapers.com	1
kxlh.com	1
ktla.com	1
b975.com	1
publishersweekly.com	1
mndaily.com	1
i929fm.com	1
y94.com	1
crn.com	1
walkermn.com	1
hometownstations.com	1
wyrk.com	1
eeoc.gov	1
thetelegram.com	1
birminghamtimes.com	1
purdue.edu	1
redwoodfallsgazette.com	1
syr.edu	1
wenatcheeworld.com	1
bizjournals.com	1
americanthinker.com	1
dredgemag.com	1
kansasmemory.org	1
nhtrib.com	1
abc6.com	1
tpr.org	1
lewistownsentinel.com	1
vdare.com	1
enewscourier.com	1
times-journal.com	1
africa-newsroom.com	1
etftrends.com	1
boothbayregister.com	1
capebretonpost.com	1
wislawjournal.com	1
coolsocial.net	1
transylvaniatimes.com	1
hyperallergic.com	1
gazettes.com	1
winnipegsun.com	1
crestonnews.com	1
hometownsource.com	1
energy.gov	1
uvm.edu	1
floridatrend.com	1
wordpress.com	1
fillmorecountyjournal.com	1
businessobserverfl.com	1
ammoland.com	1
wamc.org	1
fcw.com	1
wsaw.com	1
ktlo.com	1
kgns.tv	1
itnews.com.au	1
floridaventuresourcing.com	1
natchitochestimes.com	1
stlpublicradio.org	1
blueridgenow.com	1
wcn247.com	1
santamariatimes.com	1
kmaj1440.com	1
mix97.com	1
dailysabah.com	1
kgmi.com	1
timesonline.com	1
behindthesteelcurtain.com	1
shadowproof.com	1
wabe.org	1
abc17news.com	1
theaviationist.com	1
justhelicopters.com	1
wataugademocrat.com	1
rantt.com	1
massispost.com	1
sanangelolive.com	1
randolphcountyheraldtribune.com	1
abs-cbn.com	1
wbjournal.com	1
scoutingmagazine.org	1
wisconsin106.com	1
dailyamerican.com	1
heraldcourier.com	1
uni-watch.com	1
theautochannel.com	1
ccenterdispatch.com	1
pbs.org	1
wvpublic.org	1
travelweekly.com	1
hopatconglakeregionalnews.com	1
lancasteronline.com	1
ahvalnews.com	1
times-news.com	1
blackenterprise.com	1
firehouse.com	1
wiky.com	1
winknews.com	1
rappler.com	1
ravallirepublic.com	1
buckscountycouriertimes.com	1
eacourier.com	1
theintell.com	1
nola.com	1
lenconnect.com	1
amightygirl.com	1
thetimes-tribune.com	1
herald-zeitung.com	1
crossville-chronicle.com	1
news-leader.com	1
sidneyherald.com	1
weirtondailytimes.com	1
peninsulaclarion.com	1
phibetaiota.net	1
forextv.com	1
klkntv.com	1
starlocalmedia.com	1
sentinel-echo.com	1
movieweb.com	1
theroot.com	1
wmur.com	1
wisn.com	1
gizmodo.com.au	1
4029tv.com	1
wlky.com	1
fox2detroit.com	1
koco.com	1
wgal.com	1
wmtw.com	1
wxii12.com	1
wbaltv.com	1
jdnews.com	1
wtae.com	1
wesh.com	1
kcra.com	1
messagemedia.co	1
correctionsone.com	1
wlwt.com	1
burnettcountysentinel.com	1
cbpp.org	1
mynbc5.com	1
galvnews.com	1
finanzen.ch	1
wfmd.com	1
fox5dc.com	1
gatestoneinstitute.org	1
thejambar.com	1
carnegie-mec.org	1
forbes.kz	1
reviewonline.com	1
cantondailyledger.com	1
pvbuzz.com	1
outdoornewsdaily.com	1
artdaily.com	1
tamatoledonews.com	1
rafu.com	1
farmanddairy.com	1
haaretz.com	1
alabamanews.net	1
countercurrents.org	1
bio-medicine.org	1
manilatimes.net	1
azom.com	1
dailycommercial.com	1
utexas.edu	1
taskandpurpose.com	1
legion.org	1
avsforum.com	1
nypost.com	1
azooptics.com	1
sacurrent.com	1
fort-myers-beach-observer.com	1
trussvilletribune.com	1
newschief.com	1
littleleague.org	1
shelbystar.com	1
mlb.com	1
ocala.com	1
capitalpress.com	1
eater.com	1
cnweekly.com	1
fox32chicago.com	1
ktvu.com	1
npr.org	1
oakridger.com	1
thefencepost.com	1
marcellusdrilling.com	1
edmondsun.com	1
wlox.com	1
clickorlando.com	1
coastal.edu	1
footwearnews.com	1
mentalfloss.com	1
ldnews.com	1
cjr.org	1
ottawasun.com	1
loudountimes.com	1
ocj.com	1
starjournalnow.com	1
hawaiipublicradio.org	1
thecourierexpress.com	1
globalbiodefense.com	1
reliefweb.int	1
klyq.com	1
therolladailynews.com	1
hoodrivernews.com	1
newyorkupstate.com	1
myhorrynews.com	1
newstalk955.com	1
gwinnettdailypost.com	1
omakchronicle.com	1
kalb.com	1
wistv.com	1
themercury.com	1
ktre.com	1
kcbd.com	1
fortworthbusiness.com	1
crowell.com	1
msstate.edu	1
kold.com	1
gulflive.com	1
americamagazine.org	1
typepad.com	1
wgnsradio.com	1
snopes.com	1
kvrr.com	1
newstalkkgvo.com	1
yubanet.com	1
lebanon-express.com	1
antiwar.com	1
timesbulletin.com	1
citywatchla.com	1
kplr11.com	1
thedailyreporteronline.com	1
kogt.com	1
thebatt.com	1
southsidedaily.com	1
1170kfaq.com	1
businessinsider.in	1
lbknews.com	1
biologicaldiversity.org	1
businessinsider.com	1
gcmaz.com	1
reporter.net	1
fauquiernow.com	1
yorkdispatch.com	1
rushvillerepublican.com	1
daily-sun.com	1
nagariknetwork.com	1
the-messenger.com	1
federalregister.gov	1
homelandprepnews.com	1
ansonrecord.com	1
hpr2.org	1
wboc.com	1
dunyanews.tv	1
wjcl.com	1
billboard.com	1
thevillagereporter.com	1
allongeorgia.com	1
flatlandkc.org	1
pharmiweb.com	1
sheridanmedia.com	1
wgmd.com	1
banglamirrornews.com	1
newswithviews.com	1
gainesville.com	1
elkodaily.com	1
wgowam.com	1
wilx.com	1
kpvi.com	1
wilsonpost.com	1
elkharttruth.com	1
stlamerican.com	1
timesherald.com	1
southeastsun.com	1
mainlinemedianews.com	1
homenewshere.com	1
fontanaheraldnews.com	1
southdadenewsleader.com	1
theblacksheartimes.com	1
knowridge.com	1
southjerseylocalnews.com	1
nownews.com	1
chroniclejournal.com	1
belmondnews.com	1
pressandguide.com	1
journalinquirer.com	1
parkrapidsenterprise.com	1
youralaskalink.com	1
mydailytribune.com	1
dailypost.vu	1
hollywoodlife.com	1
wkow.com	1
mydailysentinel.com	1
thejewishnews.com	1
literock959.com	1
recorderonline.com	1
charkoosta.com	1
thearabtribune.com	1
cheboygannews.com	1
virginiamn.com	1
space.com	1
journal-spectator.com	1
archercountynews.com	1
dailytribune.com	1
tigersroar.com	1
chipleybugle.com	1
starkvilledailynews.com	1
dolphin-news.com	1
myleaderpaper.com	1
readingeagle.com	1
shipnc.com	1
bryantimes.com	1
oneidadispatch.com	1
hartfordcitynewstimes.com	1
buckslocalnews.com	1
wdel.com	1
greekreporter.com	1
theoaklandpress.com	1
ottawacitizen.com	1
shorelinetimes.com	1
delconewsnetwork.com	1
ironmountaindailynews.com	1
ricentral.com	1
thenewsherald.com	1
tehachapinews.com	1
woonsocketcall.com	1
morningjournal.com	1
countytimes.com	1
thepiercecountytribune.com	1
murfreesboropost.com	1
conwaydailysun.com	1
oswegocountynewsnow.com	1
trentonian.com	1
apg-wi.com	1
loganbanner.com	1
moabsunnews.com	1
chathamstartribune.com	1
carrollspaper.com	1
thesalemnewsonline.com	1
moultonadvertiser.com	1
chanute.com	1
indystar.com	1
realitytvworld.com	1
broadwayworld.com	1
khak.com	1
nextgov.com	1
artnet.com	1
tooeleonline.com	1
fox8.com	1
nist.gov	1
mddionline.com	1
wbrc.com	1
somd.com	1
govtech.com	1
worth.com	1
wsaz.com	1
graydc.com	1
jstor.org	1
progressiverailroading.com	1
charltoncountyherald.com	1
eurweb.com	1
vaildaily.com	1
beverlyreview.net	1
seguingazette.com	1
hongkongherald.com	1
thailandnews.net	1
combatpress.com	1
inspiremore.com	1
yorknewstimes.com	1
postregister.com	1
utahsvfx.com	1
martinsvillebulletin.com	1
lubbockonline.com	1
fox35orlando.com	1
wqad.com	1
primepublishers.com	1
woodwardnews.net	1
univision.com	1
mix97-3.com	1
defense.gov	1
wm.edu	1
waff.com	1
kdvr.com	1
vnews.com	1
mpnnow.com	1
cosmopolitan.com	1
providencejournal.com	1
investmentwatchblog.com	1
news-medical.net	1
hstoday.us	1
riponadvance.com	1
trust.org	1
milb.com	1
newsandtribune.com	1
wuwm.com	1
santansun.com	1
northjersey.com	1
washingtoninstitute.org	1
wgrz.com	1
thewesterlysun.com	1
nationofchange.org	1
imperialvalleynews.com	1
kmch.com	1
allafrica.com	1
tennessean.com	1
wunderground.com	1
txktoday.com	1
forthuntherald.com	1
ai-ap.com	1
citizensvoice.com	1
jacksonvilleprogress.com	1
wjbq.com	1
macupdate.com	1
cbs58.com	1
dodgeglobe.com	1
observertoday.com	1
ahwatukee.com	1
rheaheraldnews.com	1
thesheridanpress.com	1
greenevillesun.com	1
koreatimes.co.kr	1
madeinalabama.com	1
blackamericaweb.com	1
keyc.com	1
journalnow.com	1
ctvnews.ca	1
marshallindependent.com	1
patheos.com	1
yenisafak.com	1
knek.com	1
baylorlariat.com	1
slguardian.org	1
fwweekly.com	1
whitehouse.gov	1
waow.com	1
rock101.com	1
islandgazette.net	1
azorobotics.com	1
respect-mag.com	1
lithub.com	1
heritagefl.com	1
nakedcapitalism.com	1
sheboyganpress.com	1
greenbaypressgazette.com	1
menshealth.com	1
wxow.com	1
boisestatepublicradio.org	1
wnax.com	1
wbch.com	1
echo-pilot.com	1
espn.com	1
defenceweb.co.za	1
theaggie.org	1
krrq.com	1
advantagenews.com	1
weku.org	1
aa.com.tr	1
98rocks.fm	1
929nin.com	1
1310kfka.com	1
egcitizen.com	1
ipolitics.ca	1
marshfieldnewsherald.com	1
wsiltv.com	1
htrnews.com	1
princegeorgecitizen.com	1
ktwb.com	1
financialpost.com	1
cisnfm.com	1
medicinehatnews.com	1
erienewsnow.com	1
weku.fm	1
alaskahighwaynews.ca	1
leaderpost.com	1
delawarebusinessnow.com	1
kxrb.com	1
srilankaguardian.org	1
hollywoodreporter.com	1
atholdailynews.com	1
krro.com	1
the-journal.com	1
q107fm.ca	1
wsmv.com	1
cbs46.com	1
recordnet.com	1
cfox.com	1
swnewsmedia.com	1
q107.com	1
financialbuzz.com	1
country105.com	1
timescolonist.com	1
daily-chronicle.com	1
lillooetnews.net	1
nationalobserver.com	1
progressive-charlestown.com	1
forensicmag.com	1
9news.com	1
geekwire.com	1
newswire.ca	1
fpri.org	1
wwltv.com	1
760kfmb.com	1
onenewspage.com	1
kcentv.com	1
wfaa.com	1
cherokeescout.com	1
kikn.com	1
moguldom.com	1
mexiconewsdaily.com	1
95rockfm.com	1
texasthunderradio.com	1
thedenverchannel.com	1
kvue.com	1
wzzm13.com	1
lakelandtimes.com	1
wcnc.com	1
lfpress.com	1
nbc15.com	1
mix100lubbock.com	1
madrock1025.com	1
examiner.net	1
kbtt.fm	1
newsbusters.org	1
kswo.com	1
readmedia.com	1
resultsradioonline.com	1
wvgazettemail.com	1
avweb.com	1
china.org.cn	1
newswest9.com	1
ksdk.com	1
utsa.edu	1
kffm.com	1
wmmq.com	1
knue.com	1
poughkeepsiejournal.com	1
thestar.com.my	1
wateronline.com	1
991thewhale.com	1
wisconsinrapidstribune.com	1
kkrv.com	1
newnownext.com	1
marineinsight.com	1
wausaudailyherald.com	1
postcrescent.com	1
navy.mil	1
uptownmessenger.com	1
stevenspointjournal.com	1
willmarradio.com	1
fdlreporter.com	1
wkmi.com	1
coast1009.com	1
wobm.com	1
wjimam.com	1
kfgo.com	1
westseattleblog.com	1
wsbs.com	1
kingfm.com	1
1057thehawk.com	1
q1077.com	1
mix957gr.com	1
103wjod.com	1
wkzo.com	1
biography.com	1
democratandchronicle.com	1
rushisaband.com	1
981thehawk.com	1
vcstar.com	1
b985.fm	1
arktimes.com	1
borkena.com	1
wadenapj.com	1
abccolumbia.com	1
energynow.ca	1
shorebeat.com	1
wkms.org	1
marionstar.com	1
navaltoday.com	1
wbrz.com	1
businesswest.com	1
corsicanadailysun.com	1
billingsgazette.com	1
lakenewsonline.com	1
businessjournaldaily.com	1
republicanherald.com	1
victoriaadvocate.com	1
tanzanianewsreports.com	1
vesselfinder.com	1
blogforarizona.net	1
northcoastjournal.com	1
oilandgas360.com	1
aol.com	1
kfilradio.com	1
kroc.com	1
broadcastingcable.com	1
myedmondsnews.com	1
bowhunter.com	1
ryortho.com	1
y105fm.com	1
dcmetrotheaterarts.com	1
1520theticket.com	1
quickcountry.com	1
therockofrochester.com	1
newschannel9.com	1
watermarkonline.com	1
homelandsecuritynewswire.com	1
saturdayeveningpost.com	1
coloradocountycitizen.com	1
wnem.com	1
adage.com	1
channel-one.al	1
wrcbtv.com	1
expertclick.com	1
polygon.com	1
courierherald.com	1
wpsdlocal6.com	1
kitco.com	1
thenewsstar.com	1
freightwaves.com	1
onlineathens.com	1
newstrib.com	1
wlrn.org	1
feedstuffs.com	1
uticaod.com	1
lsureveille.com	1
wtop.com	1
suncommercial.com	1
advertiser-tribune.com	1
constructionequipmentguide.com	1
inewsource.org	1
kenyabuzz.com	1
thesocietypages.org	1
guampdn.com	1
larouchepub.com	1
huffingtonpost.in	1
beatricedailysun.com	1
globalnews.ca	1
wsvn.com	1
coastreporter.net	1
bcrnews.com	1
sootoday.com	1
washingtoncitypaper.com	1
argusleader.com	1
lcnewschronicle.com	1
krforadio.com	1
kut.org	1
dustyoldthing.com	1
1065thebuzz.com	1
forsythnews.com	1
chemeurope.com	1
post-journal.com	1
minotdailynews.com	1
yaledailynews.com	1
newcanaanite.com	1
lamonitor.com	1
lufkindailynews.com	1
wvnews.com	1
maryvilleforum.com	1
ivpressonline.com	1
coronadonewsca.com	1
kztv10.com	1
fox8live.com	1
oskynews.org	1
iosconews.com	1
wxerfm.com	1
iconnect007.com	1
b93radio.com	1
iberianet.com	1
wqel.com	1
wyomingnews.com	1
dailygalaxy.com	1
enn.com	1
washtimesherald.com	1
greenvilleonline.com	1
nasa.gov	1
azdailysun.com	1
ack.net	1
tmj4.com	1
dailyreporter.com	1
insideevs.com	1
dailypress.net	1
azfamily.com	1
morganton.com	1
nogalesinternational.com	1
juneauempire.com	1
wkdzradio.com	1
interlochenpublicradio.org	1
greekherald.com	1
shanghaisun.com	1
spacenews.com	1
mountainhomenews.com	1
history.com	1
ridgecrestca.com	1
commonground.ca	1
beijingbulletin.com	1
delmartimes.net	1
bclocalnews.com	1
nbclosangeles.com	1
unionspringsherald.com	1
amarillo.com	1
fremonttribune.com	1
oswegocountytoday.com	1
worldnow.in	1
rocklandtimes.com	1
telecompaper.com	1
standardbredcanada.ca	1
kwwl.com	1
ktiv.com	1
nbcboston.com	1
fiercetelecom.com	1
cantonrep.com	1
houmatoday.com	1
wbco.com	1
fox17online.com	1
gpsworld.com	1
wmdt.com	1
heraldextra.com	1
vosizneias.com	1
lansingstatejournal.com	1
csis.org	1
wbiw.com	1
kake.com	1
dailystandard.com	1
recordgazette.net	1
arkansasrazorbacks.com	1
insidephilanthropy.com	1
ajnews.com	1
mtshastanews.com	1
orangeobserver.com	1
passagemaker.com	1
sequimgazette.com	1
hermistonherald.com	1
davisenterprise.com	1
casualliving.com	1
poetsandquants.com	1
penbaypilot.com	1
townhall.com	1
northaugustastar.com	1
ngtnews.com	1
informationclearinghouse.info	1
parade.com	1
callnewspapers.com	1
audubon.org	1
kawc.org	1
wflx.com	1
delmarvapublicradio.net	1
kspr.com	1
14news.com	1
wyomingpublicmedia.org	1
ourgazette.com	1
vanityfair.com	1
thestrategybridge.org	1
channel3000.com	1
southcoasttoday.com	1
nahbnow.com	1
thomasnet.com	1
nwmissourinews.com	1
chattanoogapulse.com	1
kmov.com	1
southeastasiapost.com	1
ufl.edu	1
wsicweb.com	1
themissouritimes.com	1
northcentralpa.com	1
kciiradio.com	1
dailyjournalonline.com	1
itemonline.com	1
rejournals.com	1
dol.gov	1
wcexaminer.com	1
portclintonnewsherald.com	1
localnews8.com	1
ottawaherald.com	1
agrinews-pubs.com	1
katc.com	1
kesq.com	1
ozarkradionews.com	1
havredailynews.com	1
today.com	1
voazimbabwe.com	1
bgov.com	1
featureshoot.com	1
unifiednewsgroup.com	1
globalsecurity.org	1
hpr1.com	1
ew.com	1
cleveland19.com	1
fredericksburg.com	1
wtvy.com	1
wwd.com	1
wyandottedaily.com	1
wvrecord.com	1
krdo.com	1
bostonglobe.com	1
mil-embedded.com	1
tallahassee.com	1
kolotv.com	1
northernpublicradio.org	1
wweek.com	1
lex18.com	1
listverse.com	1
dallasnews.com	1
jhnewsandguide.com	1
dailytimes.com.pk	1
hanfordsentinel.com	1
mymcmedia.org	1
magicvalley.com	1
meridianstar.com	1
decaturdaily.com	1
iberkshires.com	1
njtoday.net	1
traverseticker.com	1
mynews13.com	1
cruxnow.com	1
ecommercetimes.com	1
sott.net	1
wkyt.com	1
marines.mil	1
jbhe.com	1
newbernsj.com	1
brooklynreporter.com	1
guns.com	1
baystatebanner.com	1
goupstate.com	1
whav.net	1
keranews.org	1
ksco.com	1
state.gov	1
fb.org	1
financialnewsmedia.com	1
murfreesboro.com	1
wlds.com	1
houstonherald.com	1
uexpress.com	1
nzherald.co.nz	1
kuam.com	1
preparedgunowners.com	1
wknofm.org	1
wqcs.org	1
wcjb.com	1
wmra.org	1
wutc.org	1
ky3.com	1
kwit.org	1
annanews.com	1
virtual-strategy.com	1
forward.com	1
southcarolinapublicradio.org	1
wxyz.com	1
wvasfm.org	1
abc12.com	1
wtma.com	1
blueribbonnews.com	1
kwqc.com	1
wltz.com	1
kclu.org	1
fairmontsentinel.com	1
delphosherald.com	1
wgow.com	1
redriverradio.org	1
theheraldtimes.com	1
wprl.org	1
kalw.org	1
wctv.tv	1
splcenter.org	1
thecalifornian.com	1
kjzz.org	1
pjmedia.com	1
peconicpublicbroadcasting.org	1
krcu.org	1
precinctreporter.com	1
