MILITARY	13361
LEADER	11740
TAX_FNCACT_PRESIDENT	10757
ARMEDCONFLICT	7693
EPU_CATS_NATIONAL_SECURITY	7501
USPEC_POLITICS_GENERAL1	7362
MANMADE_DISASTER_IMPLIED	7297
WB_137_WATER	5157
TAX_ETHNICITY_AMERICAN	5134
TAX_WORLDFISH_CARP	4990
GENERAL_GOVERNMENT	4845
EDUCATION	4747
UNGP_FORESTS_RIVERS_OCEANS	4545
CRISISLEX_C07_SAFETY	4484
CRISISLEX_CRISISLEXREC	4121
EPU_POLICY_GOVERNMENT	4056
TAX_FNCACT_OFFICIALS	3988
WB_2670_JOBS	3563
EPU_ECONOMY_HISTORIC	3296
GENERAL_HEALTH	3114
TAX_FNCACT_VETERANS	2987
KILL	2956
USPEC_POLICY1	2948
MEDICAL	2883
WB_2432_FRAGILITY_CONFLICT_AND_VIOLENCE	2828
WB_696_PUBLIC_SECTOR_MANAGEMENT	2815
CRISISLEX_T03_DEAD	2537
WB_135_TRANSPORT	2516
CONSTITUTIONAL	2449
TAX_WORLDFISH_FISH	2430
WB_621_HEALTH_NUTRITION_AND_POPULATION	2389
EPU_POLICY_CONGRESS	2371
WB_507_ENERGY_AND_EXTRACTIVES	2350
TAX_FNCACT_SOLDIERS	2332
TAX_MILITARY_TITLE_SOLDIERS	2315
SOC_USSECURITYAGENCIES	2266
EPU_CATS_MIGRATION_FEAR_FEAR	2222
TAX_ETHNICITY_ASIAN	2206
WB_2689_JOBS_DIAGNOSTICS	2166
LEGISLATION	2126
BORDER	2081
SOC_POINTSOFINTEREST_SCHOOL	2044
TAX_FNCACT_CHIEF	2032
CRISISLEX_T11_UPDATESSYMPATHY	1975
EPU_POLICY_LAW	1960
TAX_WORLDFISH_ASIAN_CARP	1951
SOC_POINTSOFINTEREST_UNIVERSITY	1946
SECURITY_SERVICES	1916
TAX_FNCACT_ENGINEERS	1911
TAX_FNCACT_SECRETARY	1857
TAX_FNCACT_OFFICER	1771
TAX_FNCACT_VETERAN	1747
WB_2433_CONFLICT_AND_VIOLENCE	1722
WB_2745_JOB_QUALITY_AND_LABOR_MARKET_PERFORMANCE	1703
WB_2748_EMPLOYMENT	1672
TAX_ECON_PRICE	1669
CRISISLEX_C06_WATER_SANITATION	1653
TAX_FNCACT_TROOPS	1646
WB_470_EDUCATION	1611
TAX_MILITARY_TITLE_OFFICER	1609
TAX_FNCACT_DIRECTOR	1595
TAX_FNCACT_VICE_PRESIDENT	1588
MEDIA_MSM	1557
TAX_ETHNICITY_AMERICANS	1535
WB_133_INFORMATION_AND_COMMUNICATION_TECHNOLOGIES	1504
TAX_DISEASE_CORONAVIRUS	1497
EPU_POLICY_WHITE_HOUSE	1495
WB_1803_TRANSPORT_INFRASTRUCTURE	1472
CRISISLEX_C03_WELLBEING_HEALTH	1459
NATURAL_DISASTER_FLOOD	1449
TAX_ETHNICITY_BLACK	1429
IMPEACHMENT	1416
TRIAL	1388
WB_678_DIGITAL_GOVERNMENT	1387
EPU_ECONOMY	1376
WB_1921_PRIVATE_SECTOR_DEVELOPMENT	1363
TAX_FNCACT_OFFICIAL	1362
WB_840_JUSTICE	1357
RELIGION	1356
MARITIME	1346
WB_2470_PEACE_OPERATIONS_AND_CONFLICT_MANAGEMENT	1332
TAX_FNCACT_EXECUTIVE	1301
WB_635_PUBLIC_HEALTH	1290
CRISISLEX_T02_INJURED	1289
TAX_FNCACT_LEADER	1288
WB_2490_NATIONAL_PROTECTION_AND_SECURITY	1254
ELECTION	1253
WB_723_PUBLIC_ADMINISTRATION	1222
NATURAL_DISASTER_FLOODING	1212
WB_724_HUMAN_RESOURCES_FOR_PUBLIC_SECTOR	1203
WB_2048_COMPENSATION_CAREERS_AND_INCENTIVES	1196
TAX_FNCACT_MAN	1189
WB_895_MINING_SYSTEMS	1187
TAX_WEAPONS_BOMB	1186
EPU_POLICY_POLITICAL	1184
TAX_FNCACT_EMPLOYEES	1159
WB_1699_METAL_ORE_MINING	1157
EPU_POLICY_POLICY	1150
TAX_FNCACT_REPRESENTATIVES	1148
TAX_FNCACT_CITIZENS	1144
WB_566_ENVIRONMENT_AND_NATURAL_RESOURCES	1107
TAX_POLITICAL_PARTY_REPUBLICAN	1103
WB_2690_CATEGORIES_OF_EMPLOYMENT	1077
TAX_FNCACT_WOMEN	1052
TAX_FNCACT_POLICE	1039
WB_1458_HEALTH_PROMOTION_AND_DISEASE_PREVENTION	1034
TAX_WORLDLANGUAGES_AFGHAN	1012
TAX_FNCACT_GUARD	1012
AFFECT	1007
TAX_FNCACT_SOLDIER	984
CRISISLEX_T01_CAUTION_ADVICE	973
TAX_MILITARY_TITLE_SOLDIER	971
SOC_POINTSOFINTEREST_COLLEGE	971
WOUND	969
TAX_FNCACT_COMMANDER	963
TAX_MILITARY_TITLE_COMMANDER	943
TAX_FNCACT_FATHER	925
WB_831_GOVERNANCE	914
MARITIME_INCIDENT	913
SCIENCE	907
WB_590_ECOSYSTEMS	906
TAX_ETHNICITY_GERMAN	905
WB_2704_EMPLOYER	894
WB_1014_CRIMINAL_JUSTICE	891
WB_1467_EDUCATION_FOR_ALL	885
WB_1484_EDUCATION_SKILLS_DEVELOPMENT_AND_LABOR_MARKET	882
WB_2131_EMPLOYABILITY_SKILLS_AND_JOBS	874
TAX_WORLDLANGUAGES_GERMAN	871
WB_548_PPP_IN_OIL_AND_GAS	871
WB_539_OIL_AND_GAS_POLICY_STRATEGY_AND_INSTITUTIONS	862
WB_1406_DISEASES	858
WB_2299_PIPELINES	856
TAX_FNCACT_NAVY	851
WB_405_BUSINESS_CLIMATE	851
WB_2531_INSPECTIONS_LICENSING_AND_PERMITS	848
WB_2530_BUSINESS_ENVIRONMENT	848
TAX_WORLDLANGUAGES_HURON	844
MEDIA_SOCIAL	837
WB_141_WATER_RESOURCES_MANAGEMENT	830
TAX_WORLDLANGUAGES_RUSSIA	821
TERROR	818
EPU_POLICY_BUDGET	817
USPEC_UNCERTAINTY1	813
WB_2462_POLITICAL_VIOLENCE_AND_WAR	813
TAX_FNCACT_CITIZEN	803
WB_694_BROADCAST_AND_MEDIA	803
WB_832_ANTI_CORRUPTION	798
TAX_FNCACT_CHILDREN	790
WB_738_SOCIAL_COHESION	787
WB_2937_SILVER	777
TAX_FNCACT_LEADERS	756
REBELLION	750
TAX_TERROR_GROUP_TALIBAN	746
EPU_CATS_REGULATION	743
WB_739_POLITICAL_VIOLENCE_AND_CIVIL_WAR	735
WATER_SECURITY	733
TAX_FNCACT_MARSHALL	730
WB_1000_WATER_MANAGEMENT_STRUCTURES	715
WB_2024_ANTI_CORRUPTION_AUTHORITIES	707
TAX_FNCACT_SENATORS	696
TAX_FNCACT_MANAGER	689
TAX_FNCACT_SENATOR	686
CRISISLEX_T04_INFRASTRUCTURE	685
TAX_FNCACT_STUDENTS	680
NATURAL_DISASTER_ICE	676
TAX_FNCACT_ATTORNEY	673
TAX_WORLDFISH_SILVER_CARP	673
DISABILITY	672
AGRICULTURE	670
WB_1464_HEALTH_OF_THE_DISABLED	669
WB_435_AGRICULTURE_AND_FOOD_SECURITY	663
WB_697_SOCIAL_PROTECTION_AND_LABOR	651
TAX_FNCACT_GOVERNOR	640
EPU_POLICY_CONGRESSIONAL	632
TAX_FNCACT_SERGEANT	631
TAX_FNCACT_PILOT	630
TAX_FNCACT_EMPLOYERS	628
TAX_MILITARY_TITLE_SERGEANT	620
UNGP_CRIME_VIOLENCE	610
EPU_CATS_TAXES	609
WB_2769_JOBS_STRATEGIES	607
WB_2203_HUMAN_RIGHTS	605
TAX_FNCACT_EMPLOYEE	593
TAX_FNCACT_OFFICERS	592
SOC_POINTSOFINTEREST_HIGH_SCHOOL	589
WB_2025_INVESTIGATION	587
ENV_MINING	586
TAX_RELIGION_CHURCH	584
WB_167_PORTS	578
ALLIANCE	575
EPU_POLICY_TAX	567
ECON_TAXATION	566
TAX_FNCACT_CHAPLAINS	565
WB_2507_HUMAN_RIGHTS_ABUSES_AND_VIOLATIONS	558
SOC_SLAVERY	552
TAX_MILITARY_TITLE_COLONEL	551
PUBLIC_TRANSPORT	547
TAX_FNCACT_COLONEL	543
EPU_CATS_MIGRATION_FEAR_MIGRATION	541
TAX_FNCACT_DEPUTY	538
NATURAL_DISASTER_EROSION	532
BAN	532
WB_346_COMPETITIVE_INDUSTRIES	525
TAX_FNCACT_LAWYER	522
WMD	519
WB_670_ICT_SECURITY	515
TAX_ETHNICITY_JAPANESE	515
TAX_WORLDMAMMALS_DOG	508
WB_818_INDUSTRY_POLICY_AND_REAL_SECTORS	504
EPU_POLICY_LEGISLATION	503
TAX_WORLDLANGUAGES_JAPANESE	502
GOV_LOCALGOV	502
WB_988_LEVEES	498
WB_2836_MIGRATION_POLICIES_AND_JOBS	497
WB_1331_HEALTH_TECHNOLOGIES	496
WB_2445_NON_STATE_SECURITY_ACTORS	496
SOC_GENERALCRIME	495
TAX_FNCACT_KING	494
WB_164_MODES_OF_TRANSPORT	493
TAX_FNCACT_SPEAKER	493
WB_165_AIR_TRANSPORT	493
WB_1350_PHARMACEUTICALS	491
ARREST	488
WB_855_LABOR_MARKETS	487
NATURAL_DISASTER_HIGH_WATER	487
IDEOLOGY	486
UNREST_BELLIGERENT	484
WB_2511_SLAVERY	482
WB_1427_NON_COMMUNICABLE_DISEASE_AND_INJURY	482
EPU_POLICY_SPENDING	479
TAX_MILITARY_TITLE_OFFICERS	479
TAX_ETHNICITY_CHINESE	472
TAX_FNCACT_CANDIDATE	472
TAX_WORLDLANGUAGES_CHINESE	471
SOC_POINTSOFINTEREST_AIR_FORCE_BASE	469
SELF_IDENTIFIED_HUMAN_RIGHTS	468
TAX_FNCACT_LIEUTENANT	455
TAX_ETHNICITY_CANADIAN	450
DELAY	450
TAX_MILITARY_TITLE_LIEUTENANT	450
TAX_WORLDLANGUAGES_KOREAN	447
TAX_ETHNICITY_KOREAN	447
WB_594_WETLANDS	446
WB_525_RENEWABLE_ENERGY	446
UNGP_HEALTHCARE	440
TAX_FNCACT_SLAVES	439
ENV_FISHERY	434
TAX_ETHNICITY_RUSSIAN	433
TAX_WEAPONS_GUN	433
SOC_POINTSOFINTEREST_HEADQUARTERS	433
TAX_FNCACT_JUDGE	421
PROTEST	417
TAX_ETHNICITY_SOVIET	416
ENV_HYDRO	413
WB_527_HYDROPOWER	412
TAX_FNCACT_LAWMAKERS	412
TAX_POLITICAL_PARTY_DEMOCRAT	411
SOC_POINTSOFINTEREST_HOSPITAL	411
EPU_POLICY_LAWMAKERS	404
TAX_FNCACT_CHILD	403
WB_2453_ORGANIZED_CRIME	401
CRISISLEX_C04_LOGISTICS_TRANSPORT	400
TAX_FNCACT_CANDIDATES	400
TAX_FNCACT_WORKERS	397
MOVEMENT_GENERAL	397
WB_134_SOCIAL_DEVELOPMENT	396
TAX_ETHNICITY_CHRISTIAN	395
TAX_RELIGION_CHRISTIAN	395
WB_845_LEGAL_AND_REGULATORY_FRAMEWORK	394
TAX_WORLDLANGUAGES_MASSACHUSETTS	392
WB_2456_DRUGS_AND_NARCOTICS	389
TAX_WORLDMAMMALS_HUMAN	389
WB_698_TRADE	386
APPOINTMENT	386
VETO	385
ENV_WATERWAYS	384
WB_1805_WATERWAYS	384
TAX_WORLDMAMMALS_DOGS	381
TAX_FNCACT_WOMAN	380
TAX_DISEASE_DEPRESSION	380
DEMOCRACY	378
WB_1199_WATER_SUPPLY_AND_SANITATION	378
TAX_FNCACT_MINISTER	377
SOC_INNOVATION	376
TAX_FNCACT_EMPLOYER	375
TAX_WORLDLANGUAGES_RUSSIAN	370
EXTREMISM	369
TAX_POLITICAL_PARTY_DEMOCRATS	369
TAX_RELIGION_ISLAMIC	368
TAX_FNCACT_SPOKESMAN	364
DISCRIMINATION	362
SOC_POINTSOFINTEREST_SCHOOLS	361
WB_1462_WATER_SANITATION_AND_HYGIENE	360
TAX_FNCACT_PRESIDENTS	360
WB_471_ECONOMIC_GROWTH	357
CRISISLEX_O02_RESPONSEAGENCIESATCRISIS	356
URBAN	353
SOC_POINTSOFINTEREST_PRISON	353
TAX_FNCACT_PROFESSOR	350
TAX_FNCACT_MAYOR	343
WB_2495_DETENTION_PRISON_AND_CORRECTIONS_REFORM	342
UNGP_FREEDOM_FROM_DISCRIMINATION	342
WB_1920_FINANCIAL_SECTOR_DEVELOPMENT	338
UNGP_CLIMATE_CHANGE_ACTION	337
TAX_FNCACT_ASSISTANT	336
TAX_TERROR_GROUP_ISIS	335
IMMIGRATION	335
WB_2931_IRON	335
TAX_DISEASE_DISEASE	333
TAX_FNCACT_CHAIRMAN	332
WB_695_POVERTY	325
TAX_FNCACT_CEO	323
WB_2840_INTEGRATION	320
TAX_WORLDLANGUAGES_FRENCH	319
TAX_ETHNICITY_FRENCH	319
NATURAL_DISASTER_FLOODED	318
WB_567_CLIMATE_CHANGE	317
TAX_FNCACT_MILITARY_PERSONNEL	316
TAX_ETHNICITY_INDIAN	315
TAX_FNCACT_REPRESENTATIVE	315
TAX_FNCACT_CHAPLAIN	315
TAX_WEAPONS_ARTILLERY	309
TAX_MILITARY_TITLE_LIEUTENANT_COLONEL	307
TAX_FNCACT_LIEUTENANT_COLONEL	306
TAX_POLITICAL_PARTY_REPUBLICANS	306
ENV_CLIMATECHANGE	304
WB_2468_CONVENTIONAL_WAR	304
DRUG_TRADE	302
WB_1281_MANUFACTURING	300
WB_1078_DETERMINANTS_OF_GROWTH	300
TAX_FNCACT_CHIEF_JUSTICE	299
UNGP_JOB_OPPORTUNITIES_EMPLOYMENT	298
TAX_FNCACT_FARMERS	294
TAX_FNCACT_PRESSMAN	291
WB_1079_COMMODITIES_AND_RESOURCES	290
SLFID_NATURAL_RESOURCES	290
WB_2089_ETHICS_AND_CODES_OF_CONDUCT	286
TAX_FNCACT_FOUNDER	286
SOC_POINTSOFINTEREST_AIRPORT	285
WB_962_INTERNATIONAL_LAW	284
UNEMPLOYMENT	283
ENV_NATURALGAS	279
TAX_WORLDFISH_GRASS_CARP	278
TAX_FNCACT_CRIMINAL	278
WB_1804_AIRPORTS	278
ENV_OIL	278
TAX_WEAPONS_ARMORED	277
EPU_POLICY_AUTHORITIES	277
ECON_STOCKMARKET	277
TAX_WORLDFISH_PADDLEFISH	277
TAX_FNCACT_SPOKESPERSON	276
WB_1979_NATURAL_RESOURCE_MANAGEMENT	275
ACT_MAKESTATEMENT	274
CRISISLEX_O01_WEATHER	274
TAX_FNCACT_BIOLOGIST	272
TAX_FNCACT_AUTHORITIES	272
WB_2371_ENCRYPTION	271
TAX_FNCACT_ANALYST	271
ORGANIZED_CRIME	269
TAX_RELIGION_MUSLIM	264
TAX_ETHNICITY_MUSLIM	264
TAX_MILITARY_TITLE_WARRANT_OFFICER	264
TAX_FNCACT_WARRANT_OFFICER	264
TAX_FNCACT_ENGINEER	262
WB_168_ROADS_AND_HIGHWAYS	260
WB_1809_HIGHWAYS	260
UNGP_CLEAN_WATER_SANITATION	259
WB_1024_PUBLIC_INTERNATIONAL_LAW	259
WB_1986_MOUNTAINS	257
WB_1654_ACTIVE_LABOR_MARKET_POLICIES	254
WB_856_WAGES	253
TAX_FNCACT_AMBASSADOR	252
TAX_TERROR_GROUP_ISLAMIC_STATE	249
WB_1026_TREATIES	248
WB_139_SANITATION_AND_WASTEWATER	248
SOC_SUICIDE	247
WB_793_TRANSPORT_AND_LOGISTICS_SERVICES	246
WB_1174_WAREHOUSING_AND_STORAGE	246
WB_151_IRRIGATION_AND_DRAINAGE	245
WB_140_AGRICULTURAL_WATER_MANAGEMENT	245
ETH_INDIGINOUS	244
LGBT	243
WB_2003_SANITATION_TECHNOLOGIES	242
RECRUITMENT	242
TAX_FNCACT_CHIEF_EXECUTIVE	242
NEGOTIATIONS	241
EVACUATION	241
TAX_WORLDMAMMALS_BEAR	239
WB_2747_UNEMPLOYMENT	239
WB_713_PUBLIC_FINANCE	239
WB_161_DAMS_AND_RESERVOIRS	238
TAX_FNCACT_VOLUNTEER	237
EPU_CATS_HEALTHCARE	236
TAX_FNCACT_STUDENT	236
TAX_FNCACT_AUTHOR	233
EPU_POLICY_REGULATORY	233
TAX_FNCACT_EXECUTIVE_OFFICER	232
WB_658_ENTERPRISE_APPLICATIONS	232
RURAL	232
WB_652_ICT_APPLICATIONS	232
WB_148_SEWERAGE	231
WB_1949_CLIMATE_SMART_AGRICULTURE	231
TAX_FNCACT_DRIVER	228
TAX_FNCACT_FIREFIGHTER	226
TAX_ETHNICITY_SPANISH	226
WB_2471_PEACEKEEPING	226
WB_2837_IMMIGRATION	225
WB_1466_SOCIAL_ASSISTANCE	225
UNGP_POLITICAL_FREEDOMS	223
TAX_WORLDLANGUAGES_SPANISH	223
SURVEILLANCE	221
TOURISM	220
TAX_WEAPONS_GUNS	220
RETIREMENT	219
TAX_FNCACT_PHOTOGRAPHER	218
WB_154_FLOOD_PROTECTION	217
TAX_FNCACT_PILOTS	217
TAX_FNCACT_CHIEF_EXECUTIVE_OFFICER	216
WB_2465_REVOLUTIONARY_VIOLENCE	216
WB_1045_TREASURY	216
TAX_ETHNICITY_IRANIAN	214
SOC_EMERGINGTECH	213
CORRUPTION	212
WB_990_DRAINAGE	210
TAX_WORLDLANGUAGES_OREGON	208
GEN_HOLIDAY	208
TAX_FNCACT_SCHOLAR	208
TAX_FNCACT_COUNSELORS	207
WB_1497_EDUCATION_MANAGEMENT_AND_ADMINISTRATION	207
WB_2165_HEALTH_EMERGENCIES	206
TAX_FNCACT_SUPERVISOR	206
ECON_UNDEREMPLOYMENT	204
WHISTLEBLOWER	204
WB_2702_UNDEREMPLOYMENT	204
WB_825_TOURISM	202
TAX_FNCACT_INSPECTOR	200
TAX_FNCACT_HELICOPTER_PILOT	199
WB_1050_AQUACULTURE	196
TAX_FNCACT_FATHERS	195
TAX_FNCACT_COORDINATOR	195
WB_1777_FORESTS	194
WB_662_SOCIAL_MEDIA	194
WB_2467_TERRORISM	192
TAX_FNCACT_MANAGERS	192
WB_1502_EDUCATIONAL_DECENTRALIZATION	190
ECON_WORLDCURRENCIES_DOLLARS	190
TAX_MILITARY_TITLE_CHIEF_OF_STAFF	189
WB_1428_INJURY	188
TAX_FNCACT_SUPPORTERS	188
TAX_FNCACT_SHERIFF	188
TAX_WORLDMAMMALS_FOX	188
TAX_DISEASE_EMERGENCIES	188
TAX_RELIGION_CATHOLIC	187
TAX_WORLDMAMMALS_JAGUAR	185
TAX_FNCACT_ADVISER	184
TAX_FNCACT_EMPEROR	183
WB_2896_RETIREMENT	182
WB_843_DISPUTE_RESOLUTION	182
TAX_FNCACT_SECRETARY_OF_STATE	182
WB_936_ALTERNATIVE_DISPUTE_RESOLUTION	180
TAX_FNCACT_INSIDER	180
WB_2452_GANGS	179
MARITIME_PIRACY	179
DISASTER_FIRE	179
TAX_FNCACT_COMMANDERS	179
TAX_FNCACT_AIRMEN	179
WB_2166_HEALTH_EMERGENCY_PREPAREDNESS_AND_DISASTER_RESPONSE	179
WB_2167_PANDEMICS	179
TAX_FNCACT_WARRIOR	179
TAX_FNCACT_HYDROLOGIST	178
WB_2473_DIPLOMACY_AND_NEGOTIATIONS	176
TAX_FNCACT_EXECUTIVES	176
TAX_WORLDLANGUAGES_ALABAMA	176
TAX_FNCACT_AGENT	176
TAX_FNCACT_PASTOR	175
TAX_FNCACT_CHIEF_OF_STAFF	175
TAX_FNCACT_CAPTAIN	175
TAX_FNCACT_DIVER	175
WB_2451_REBELS_GUERRILLAS_AND_INSURGENTS	174
TAX_FNCACT_COMMISSIONER	174
TAX_FNCACT_NURSE	173
TAX_FNCACT_SPY	172
WB_699_URBAN_DEVELOPMENT	171
WB_328_FINANCIAL_INTEGRITY	168
CRISISLEX_T09_DISPLACEDRELOCATEDEVACUATED	167
TAX_FNCACT_AGENTS	165
TAX_MILITARY_TITLE_CAPTAIN	165
ECON_SUBSIDIES	163
NEW_CONSTRUCTION	162
WB_1967_AGRICULTURAL_RISK_AND_SECURITY	162
TAX_FNCACT_VOLUNTEERS	162
TAX_DISEASE_CONVENTIONAL	162
TAX_FNCACT_CONSULTANTS	162
TAX_ETHNICITY_INDIANS	161
TAX_RELIGION_ATHEISTS	161
TAX_DISEASE_OUTBREAK	161
WB_2082_LAW_ENFORCEMENT	160
SLFID_MILITARY_SPENDING	159
WB_939_NEGOTIATION	158
TAX_ETHNICITY_ENGLISH	158
TAX_WORLDLANGUAGES_ENGLISH	158
ECON_DEBT	158
TAX_FNCACT_PRINCESS	158
TAX_FNCACT_ANALYSTS	157
TRAFFIC	157
MOVEMENT_SOCIAL	157
TAX_WORLDLANGUAGES_UKRAINIAN	157
TAX_RELIGION_METHODIST	157
TAX_FNCACT_FISHERMEN	157
MOVEMENT_OTHER	157
TAX_ETHNICITY_UKRAINIAN	157
TAX_WORLDFISH_PERCH	155
TAX_FNCACT_SPECIALIST	155
WB_421_SOCIAL_INCLUSION	154
TAX_FNCACT_COMMISSIONERS	154
SOC_QUARANTINE	153
TAX_FNCACT_LADY	153
TAX_FNCACT_JUDGES	153
WB_1608_CASH_TRANSFERS	153
WB_1973_FINANCIAL_RISK_REDUCTION	153
WB_337_INSURANCE	153
TAX_FNCACT_GEOLOGIST	153
TAX_FNCACT_MASTER_SGT	152
TAX_FNCACT_INSPECTOR_GENERAL	152
TAX_FNCACT_EDITOR	152
TAX_FNCACT_AIRMAN	152
TAX_FNCACT_PROGRAM_DIRECTOR	152
TAX_RELIGION_JEWISH	151
TAX_FNCACT_BACHELOR	151
TAX_ETHNICITY_JEWISH	151
TAX_MILITARY_TITLE_MASTER_SGT	151
WB_838_PUBLIC_ACCOUNTABILITY_MECHANISMS	150
TAX_FNCACT_AIDE	150
WB_450_DEBT	149
WB_1603_FEE_WAIVERS	149
TAX_FOODSTAPLES_EGGS	148
WB_2936_GOLD	148
TAX_FNCACT_GENERAL_MANAGER	147
TAX_FNCACT_OPERATOR	146
TAX_POLITICAL_PARTY_DEMOCRATIC_PARTY	146
TAX_FNCACT_VETS	146
TAX_WORLDFISH_YELLOW_PERCH	146
WB_933_ETHNIC_RELIGIOUS_AND_OTHER_MINORITIES	145
POLITICAL_TURMOIL	145
TAX_FNCACT_ACTOR	144
WB_2843_NATURALIZATION	143
CYBER_ATTACK	143
WB_706_EVIDENCE_BASED_POLICY	142
TAX_WORLDLANGUAGES_SEMINOLE	141
WB_1948_SUBSIDIES	141
TAX_WORLDFISH_ANGLERS	141
WB_600_NATURAL_RESOURCES_MANAGEMENT	141
TAX_FNCACT_ANGLERS	141
LANDMINE	140
WB_1833_PROTECTED_AREAS_SYSTEMS	140
WB_1768_OIL_AND_GAS_PIPELINE	140
WB_1829_ECOSYSTEM_MANAGEMENT	140
STATE_OF_EMERGENCY	140
TAX_FNCACT_POSTMASTER	140
TAX_WORLDBIRDS_DUCK	140
WB_2372_AUTHENTICATION_AND_AUTHORIZATION	139
CRIME_ILLEGAL_DRUGS	139
TAX_WORLDMAMMALS_FISHERS	139
TAX_FNCACT_DIRECTORS	139
TAX_FNCACT_POSTMASTER_GENERAL	138
WB_1438_ALCOHOL_AND_SUBSTANCE_ABUSE	138
WB_1437_SOCIAL_DETERMINANTS_FOR_HEALTH	138
WB_368_LEASING	138
TAX_FNCACT_SCOUT	137
WB_605_WILDLIFE_RESOURCES	136
TAX_WORLDLANGUAGES_KANSAS	136
TAX_WEAPONS_SUICIDE_BOMBER	135
TAX_FNCACT_CONGRESSMAN	135
TAX_WORLDFISH_BASS	135
WB_138_WATER_SUPPLY	134
RESIGNATION	134
SUICIDE_ATTACK	133
TAX_FNCACT_COMMUNIST	133
TAX_FNCACT_RESEARCHER	132
TAX_WEAPONS_MACHINE_GUN	131
RELEASE_HOSTAGE	131
WB_2019_ANTI_CORRUPTION_LEGISLATION	131
WB_549_OIL_AND_GAS_SYSTEMS	131
WB_2020_BRIBERY_FRAUD_AND_COLLUSION	130
TAX_FNCACT_EXECUTIVE_DIRECTOR	130
WB_2026_PREVENTION	130
TAX_WEAPONS_LAND_MINES	129
TAX_FNCACT_INVESTOR	129
TAKE_OFFICE	128
TAX_DISEASE_CANCER	127
WB_1431_CANCER	127
SEIGE	127
TAX_FNCACT_REPORTER	126
TAX_WORLDFISH_SALMON	126
TAX_FNCACT_TEACHER	125
TAX_FNCACT_CHIEFS	123
TAX_RELIGION_JEWS	123
TAX_FNCACT_CONTRACTOR	123
POVERTY	122
TAX_WORLDLANGUAGES_CHEROKEE	122
TAX_ETHNICITY_CHEROKEE	122
WB_2142_LOCAL_GOVERNMENT	122
NATURAL_DISASTER_BLIZZARD	121
UNGP_GENDER_EQUALITY	119
TAX_FNCACT_DIPLOMAT	118
TAX_FNCACT_SLAVE	117
TAX_FNCACT_WARRIORS	117
RETALIATE	116
NATURAL_DISASTER_HURRICANE	115
WB_896_GEOLOGICAL_MAPPING_AND_DATABASES	115
WB_2286_GEOLOGICAL_SURVEY	115
WB_2141_EDUCATION_DISTRICTS	115
TAX_RELIGION_CHURCHES	115
TAX_FNCACT_VICTIMS	115
TAX_FNCACT_ARTISTS	114
WB_2935_NICKEL	114
PERSECUTION	114
WB_615_GENDER	114
TAX_ETHNICITY_NATIVE_AMERICAN	114
CRISISLEX_T08_MISSINGFOUNDTRAPPEDPEOPLE	113
WB_1104_MACROECONOMIC_VULNERABILITY_AND_DEBT	113
TAX_FNCACT_CHIEF_FINANCIAL_OFFICER	113
TAX_ETHNICITY_SOVIETS	113
TAX_ETHNICITY_NATIVE_AMERICANS	112
TAX_FNCACT_MILITARY_OFFICER	112
TAX_FNCACT_PROSECUTORS	111
TAX_DISEASE_WOUNDS	111
WB_439_MACROECONOMIC_AND_STRUCTURAL_POLICIES	111
WB_445_FISCAL_POLICY	110
TAX_FNCACT_WRITER	110
WB_2934_COPPER	110
TAX_WEAPONS_MORTAR	109
KIDNAP	109
EPU_POLICY_REFORM	109
TAX_ETHNICITY_INDIGENOUS	108
TAX_FNCACT_FACULTY	108
WB_2815_SKILLS_AND_EDUCATION	107
TAX_WEAPONS_LANDMINES	107
TAX_FNCACT_CAREGIVER	107
TAX_WORLDLANGUAGES_DUTCH	107
TAX_ETHNICITY_DUTCH	107
TAX_FNCACT_ACTIVIST	106
TAX_WORLDLANGUAGES_WALLA_WALLA	106
RAPE	106
TAX_FNCACT_TRAINERS	106
NATURAL_DISASTER_FLOODS	105
TAX_RELIGION_BAPTIST	104
EPU_CATS_FINANCIAL_REGULATION	104
WB_286_TELECOMMUNICATIONS_AND_BROADBAND_ACCESS	104
TAX_FNCACT_IMMIGRANT	104
SOC_POINTSOFINTEREST_JAIL	103
TAX_FNCACT_HERO	103
WB_1121_TAXATION	103
WB_1673_PASSIVE_LABOR_MARKETS_POLICIES	102
INSURGENCY	102
WB_2817_TRAINING_PROGRAMS	101
TAX_RELIGION_SYNAGOGUE	101
WB_1415_COMMUNICABLE_DISEASE	101
TAX_FNCACT_ELECTED_OFFICIAL	100
WB_1606_SCHOLARSHIPS	99
TAX_ETHNICITY_ARAB	98
ECON_HOUSING_PRICES	98
DRONES	98
TAX_FNCACT_HUNTER	97
CRISISLEX_T06_SUPPLIES	97
SEIZE	96
WB_2492_COUNTER_TERRORISM	96
CRISISLEX_C05_NEED_OF_SHELTERS	96
TAX_FNCACT_DOCTOR	96
TAX_WORLDLANGUAGES_GERMANS	95
TAX_ETHNICITY_GERMANS	95
TAX_ETHNICITY_IROQUOIS	95
TAX_FNCACT_RABBI	94
WB_2491_BORDER_SECURITY	94
CEASEFIRE	94
TAX_DISEASE_INFECTION	94
EPU_UNCERTAINTY	93
TAX_FNCACT_PRINCIPAL	92
CRIME_CARTELS	92
TAX_FNCACT_ATTORNEYS	92
TAX_FNCACT_PEERS	92
WB_166_RAILWAYS	91
WB_1160_SHOCKS_AND_VULNERABILITY	91
TAX_FNCACT_MARSHAL	91
WB_1675_GRADUATION	91
TAX_FNCACT_LAWYERS	91
SLFID_ECONOMIC_DEVELOPMENT	90
TAX_FNCACT_IMMIGRANTS	90
ECON_WORLDCURRENCIES_DOLLAR	90
RATIFY	90
ECON_ENTREPRENEURSHIP	89
EPU_CATS_FISCAL_POLICY	89
UNREST_CHECKPOINT	89
TAX_FNCACT_DRIVERS	88
REFUGEES	88
TAX_ETHNICITY_SIKHS	87
TAX_FNCACT_INFANTRYMAN	87
TAX_RELIGION_SIKHS	87
TAX_WORLDMAMMALS_DRILL	86
TAX_RELIGION_MOSQUES	85
TAX_RELIGION_CHRISTIANITY	85
CHECKPOINT	85
TAX_FNCACT_INSTRUCTOR	84
WB_639_REPRODUCTIVE_MATERNAL_AND_CHILD_HEALTH	84
TAX_FNCACT_ADMINISTRATOR	84
TAX_POLITICAL_PARTY_REPUBLICAN_PARTY	84
TAX_ETHNICITY_BUDDHISTS	83
TAX_RELIGION_AGNOSTICS	83
TAX_RELIGION_BUDDHISTS	83
TAX_FNCACT_GUIDE	82
TAX_FNCACT_LEGISLATORS	82
TAX_FNCACT_POLICE_OFFICER	82
WB_1650_PUBLIC_EMPLOYMENT_SERVICES	81
TAX_ETHNICITY_RUSSIANS	81
TAX_WORLDLANGUAGES_RUSSIANS	81
TAX_FNCACT_NURSES	81
WB_332_CAPITAL_MARKETS	81
CLOSURE	80
SOC_POINTSOFINTEREST_UNIVERSITIES	80
TAX_FNCACT_SINGER	79
NATURAL_DISASTER_FLOOD_WARNING	78
SELF_IDENTIFIED_ATROCITY	78
TAX_WEAPONS_EXPLOSIVES	78
TAX_FNCACT_BABY	77
TAX_DISEASE_DISEASES	77
TAX_FOODSTAPLES_GRAIN	77
TAX_FNCACT_PRESS_SECRETARY	77
WB_406_COMPETITION_POLICY	76
NATURAL_DISASTER_WATER_LEVEL	76
WB_2101_ANTITRUST	76
WB_1459_IMMUNIZATIONS	75
HEALTH_VACCINATION	75
WB_642_CHILD_HEALTH	75
TAX_FNCACT_MAJOR_GENERAL	75
WB_1743_ANTICARTEL_ENFORCEMENT	74
WB_2446_CARTELS	74
SMUGGLING	74
WB_667_ICT_INFRASTRUCTURE	74
WB_813_URBAN_GOVERNANCE_AND_CITY_SYSTEMS	74
TAX_MILITARY_TITLE_MAJOR_GENERAL	73
SOC_POINTSOFINTEREST_HOSPITALS	72
SOC_POINTSOFINTEREST_MEDICAL_CENTER	71
TAX_ETHNICITY_ITALIAN	71
TAX_WORLDLANGUAGES_ITALIAN	71
TAX_FNCACT_FARMER	71
MILITARY_COOPERATION	71
TAX_FNCACT_DENTIST	70
ENV_COAL	70
WB_1652_PLACEMENT	70
TAX_DISEASE_FEVER	70
TRANSPARENCY	70
MEDIA_CENSORSHIP	70
ENV_SOLAR	69
CLAIM_CREDIT	69
TAX_WEAPONS_BOMBS	69
INFO_HOAX	69
WB_1668_LABOR_STANDARDS	69
TAX_FNCACT_HISTORIAN	68
WB_1305_HEALTH_SERVICES_DELIVERY	68
TAX_FNCACT_KNIGHT	68
TAX_FNCACT_INSURGENT	68
TAX_FNCACT_PROSECUTOR	68
TAX_ETHNICITY_AUSTRALIAN	68
TAX_FNCACT_SPOKESWOMAN	67
FOOD_SECURITY	67
WB_2120_SATELLITES	67
WB_2329_ACCESS_AND_CONNECTIVITY	67
TAX_ETHNICITY_PERSIAN	66
TAX_FNCACT_VICTIM	66
TAX_ETHNICITY_CHINOOK	66
TAX_WORLDLANGUAGES_PERSIAN	66
TAX_FNCACT_POLITICIANS	65
NATURAL_DISASTER_FLOODWATERS	65
SOVEREIGNTY	65
WB_3007_NATIONAL_PARKS	65
TAX_FNCACT_SENIOR_VICE_PRESIDENT	65
WB_901_ENVIRONMENTAL_SAFEGUARDS	65
SLFID_RULE_OF_LAW	65
EPU_CATS_MONETARY_POLICY	65
TAX_FNCACT_WALKER	64
TAX_WORLDMAMMALS_SEAL	63
TAX_FNCACT_ACTIVISTS	63
EPU_CATS_TRADE_POLICY	63
TAX_FNCACT_PRIME_MINISTER	63
TAX_FNCACT_BRIGADIER	63
TAX_FNCACT_ARTIST	63
TAX_TERROR_GROUP_HELLS_ANGELS	63
TAX_WORLDMAMMALS_TIGER	62
TAX_DISEASE_ZIKA	62
SOC_EXPRESSREGRET	62
TAX_WORLDMAMMALS_HUMANS	62
TAX_FNCACT_MECHANICS	62
ENV_SPECIESENDANGERED	62
EPU_CATS_ENTITLEMENT_PROGRAMS	61
EPU_CATS_DEBT_CEILING_GOV_SHUTDOWN	61
TAX_DISEASE_INFECTIOUS	61
WB_841_JUSTICE_SYSTEM_ADMINISTRATION	61
TAX_WORLDMAMMALS_HORSE	61
TAX_FNCACT_ACTRESS	61
TAX_WORLDLANGUAGES_UMATILLA	61
HUMAN_TRAFFICKING	61
TAX_FNCACT_BRIGADIER_GENERAL	60
WB_1430_MENTAL_HEALTH	60
TAX_FNCACT_APPOINTEE	59
TAX_FNCACT_SCIENTIST	59
TAX_FNCACT_DOCTORS	59
EPU_POLICY_REGULATION	58
ECON_ELECTRICALGENERATION	58
LEGALIZE	58
TAX_WORLDMAMMALS_WOLF	58
WB_1721_SPATIAL_PLANNING_AND_LAND_USE	58
WB_1720_CITY_STRATEGIES_AND_TERRITORIAL_PLANNING	58
TAX_FNCACT_MINISTERS	57
TAX_FNCACT_GENERALS	57
TAX_FNCACT_DELEGATE	57
TAX_FNCACT_NEGOTIATOR	57
TAX_ETHNICITY_AHMADI	56
TAX_FNCACT_COOK	56
EPU_POLICY_FEDERAL_RESERVE	56
TAX_FNCACT_RUNNER	56
FREESPEECH	56
TAX_AIDGROUPS_WORLD_HEALTH_ORGANIZATION	55
WB_1039_PROPERTY_LAWS_AND_REGULATIONS	55
WB_318_FINANCIAL_ARCHITECTURE_AND_BANKING	55
TAX_FNCACT_CHAMPION	55
TAX_FNCACT_SERGEANTS	55
ECON_DEVELOPMENTORGS_WORLD_HEALTH_ORGANIZATION	55
WB_749_INDIGENOUS_PEOPLES	55
WB_899_SOCIAL_SAFEGUARDS	55
WB_2960_INDIGENOUS_PEOPLES	55
TAX_FNCACT_SAILORS	55
TAX_MILITARY_TITLE_SERGEANTS	55
TAX_WORLDBIRDS_GOOSE	54
TAX_WORLDLANGUAGES_LATIN	54
TAX_FOODSTAPLES_RICE	54
TAX_FNCACT_ARMY_OFFICER	53
WB_2510_WAR_CRIMES	52
WB_2448_MILITIA	52
WB_2469_NUCLEAR_AND_CHEMICAL_WAR	52
TAX_FNCACT_SALESMAN	52
SOC_POINTSOFINTEREST_MILITARY_BASES	52
TAX_DISEASE_COUGH	52
STRIKE	51
TAX_WEAPONS_SUBMARINE	51
TAX_FNCACT_NATIONAL_LEADER	51
TAX_FNCACT_BOARD_MEMBER	51
TAX_DISEASE_PNEUMONIA	51
WB_2478_PEACE_PROCESSES_AND_DIALOGUE	50
WB_1234_BANKING_INSTITUTIONS	50
TAX_WORLDLANGUAGES_AFGHANS	50
TAX_ETHNICITY_EUROPEANS	50
TAX_FNCACT_MAGISTRATE	50
WB_478_LEVELS_OF_EDUCATION	50
TORTURE	49
UNGP_EDUCATION	49
TAX_DISEASE_STROKE	49
TAX_WEAPONS_WARSHIP	49
SOC_POINTSOFINTEREST_AIRPORTS	49
WB_2512_TORTURE	49
TAX_POLITICAL_PARTY_COMMUNISTS	49
TAX_FNCACT_COMMUNISTS	49
WB_1609_FOOD_AND_IN_KIND_TRANSFERS	49
TAX_FNCACT_NOMINEE	49
WB_1669_FORCED_LABOR	49
WB_1235_CENTRAL_BANKS	48
NATURAL_DISASTER_FAMINE	48
TAX_FNCACT_VICE_PRESIDENTS	48
HUMAN_RIGHTS_ABUSES_TORTURE	48
WB_742_YOUTH_AND_GENDER_BASED_VIOLENCE	48
EPU_POLICY_CENTRAL_BANK	48
TAX_FNCACT_BOSS	48
TAX_FNCACT_MANUFACTURER	48
TAX_FNCACT_ENVOY	48
ECON_CENTRALBANK	48
TAX_FNCACT_RUNNING_MATE	47
TAX_WORLDLANGUAGES_CHICKASAW	47
TAX_FNCACT_DEPARTMENT_HEADS	47
NATURAL_DISASTER_EARTHQUAKE	47
TAX_FNCACT_CONSULTANT	47
WB_1607_HEALTH_BENEFITS	47
TAX_FNCACT_ATTENDANTS	46
TAX_FNCACT_NONCOMMISSIONED_OFFICER	46
WB_2503_WEAPONS_PROLIFERATION_AND_ARMS_CONTROL	46
WB_2464_INSURGENCY	46
TECH_VIRTUALREALITY	46
TAX_FNCACT_MAJORITY_LEADER	45
TAX_FNCACT_REGULATORS	45
NATURAL_DISASTER_MUDSLIDES	45
TAX_FNCACT_PRINCE	45
TAX_WORLDREPTILES_SNAKE	45
TAX_FNCACT_SUPPORTER	45
TAX_FNCACT_STAFF_SERGEANT	45
TAX_WORLDLANGUAGES_SPOKANE	45
TAX_AIDGROUPS_RED_CROSS	45
TAX_DISEASE_SARS	44
TAX_FNCACT_PRODUCER	44
TAX_FNCACT_ATTENDANT	44
TAX_FNCACT_PROJECT_MANAGER	43
TAX_FNCACT_LEGISLATOR	43
TAX_WEAPONS_LANDMINE	43
PROPAGANDA	42
TAX_SPECIALDEATH	42
TAX_FNCACT_MASON	42
SLFID_DICTATORSHIP	42
TAX_FNCACT_COMMANDER_IN_CHIEF	42
TAX_DISEASE_EPIDEMIC	42
WB_2399_ICT_INNOVATION_AND_TRANSFORMATION	42
WB_482_TERTIARY_EDUCATION	42
TAX_WORLDMAMMALS_LION	42
TAX_FNCACT_DIPLOMATS	42
TAX_ETHNICITY_FILIPINO	42
PROPERTY_RIGHTS	42
TAX_WORLDLANGUAGES_FILIPINO	42
ENV_GREEN	42
TAX_WORLDLANGUAGES_SKAGIT	42
TAX_FNCACT_EXECUTIVE_VICE_PRESIDENT	42
TAX_FNCACT_WORKER	41
TAX_FNCACT_MERCHANT	41
TAX_WEAPONS_ANTITANK	41
WB_363_FINANCIAL_INCLUSION	41
RETIREMENTS	41
WB_1448_DEMOGRAPHIC_CHANGE	41
NATURAL_DISASTER_SEVERE_WEATHER	41
TAX_WEAPONS_BATTLESHIPS	41
TAX_FNCACT_PIONEER	41
WB_1211_HUMAN_RESOURCES	41
DEATH_PENALTY	40
DISPLACED	40
TAX_TERROR_GROUP_ALQAIDA	40
TAX_FNCACT_TRAINER	40
TAX_DISEASE_TRAUMA	40
TAX_FNCACT_COURIER	40
TAX_FOODSTAPLES_CORN	40
WB_336_NON_BANK_FINANCIAL_INSTITUTIONS	40
TAX_FNCACT_SERVICEMEN	39
TAX_FNCACT_SCHOLARS	39
WB_2008_WATER_TREATMENT	39
WB_644_NUTRITION	39
TAX_MILITARY_TITLE_STAFF_SERGEANT	39
TAX_DISEASE_DENGUE	39
TAX_FNCACT_DEALER	39
BLOCKADE	39
TAX_FNCACT_INSPECTORS	39
TAX_WEAPONS_IMPROVISED_EXPLOSIVE	39
WB_427_WATER_ALLOCATION_AND_WATER_ECONOMICS	38
CRISISLEX_T07_SERVICESNEEDEDOFFERED	38
WB_612_HOUSING_FINANCE	38
TAX_DISEASE_BRAIN_INJURY	38
TAX_FNCACT_CREW_MEMBERS	38
TAX_FNCACT_SUPERINTENDENT	37
TAX_ETHNICITY_COLOMBIAN	37
WB_2375_ICT_METHODS_AND_PROCEDURES	37
TAX_FNCACT_INCUMBENT	37
TAX_WEAPONS_DESTROYER	37
TAX_FNCACT_COMMANDING_OFFICER	37
TAX_FNCACT_COMMANDANT	37
WB_376_INNOVATION_TECHNOLOGY_AND_ENTREPRENEURSHIP	37
TAX_FNCACT_INVESTIGATOR	37
SHORTAGE	37
TAX_MILITARY_TITLE_COMMANDANT	36
TAX_FNCACT_CHIEF_OPERATING_OFFICER	36
WB_1064_WATER_DEMAND_MANAGEMENT	36
WB_377_FIRM_INNOVATION_PRODUCTIVITY_AND_GROWTH	36
TAX_WORLDLANGUAGES_MASSACHUSETT	36
WB_364_CONSUMER_PROTECTION	35
TAX_WORLDLANGUAGES_GREEN_RIVER	35
TAX_FNCACT_ARCHITECT	35
TAX_FNCACT_CARDINAL	35
WB_672_NETWORK_MANAGEMENT	35
WB_544_MID_AND_DOWNSTREAM_OIL_AND_GAS	35
WB_718_PUBLIC_INVESTMENT_MANAGEMENT	35
WB_851_INTELLECTUAL_PROPERTY_RIGHTS	35
TAX_WORLDFISH_TRUMPETER	35
ASSASSINATION	35
TAX_FNCACT_EDITORS	35
TAX_FNCACT_PARATROOPER	35
TAX_FNCACT_BABIES	35
TAX_MILITARY_TITLE_MILITARY_POLICE	35
WB_772_TRADE_FACILITATION_AND_LOGISTICS	35
TAX_WORLDLANGUAGES_POLISH	34
TAX_WORLDCRUSTACEANS_SHELLFISH	34
TAX_FNCACT_WORKMAN	34
TAX_FNCACT_GENTLEMAN	34
TAX_WEAPONS_FIREARMS	34
TAX_WEAPONS_GRENADE	34
UNGP_TRANSPORTATION_ROADS	34
TAX_WORLDBIRDS_BALD_EAGLES	34
HEALTH_PANDEMIC	34
NATURAL_DISASTER_DROUGHT	34
TAX_FNCACT_POLICE_CHIEF	33
SOC_TRAFFICACCIDENT	33
TAX_FNCACT_TECHNICIAN	33
TAX_FNCACT_GOVERNORS	33
SOC_POINTSOFINTEREST_MIDDLE_SCHOOL	33
TAX_FNCACT_PUBLISHER	33
TAX_MILITARY_TITLE_SUPERINTENDENT	32
TAX_FNCACT_MECHANIC	32
WB_653_ENTERPRISE_ARCHITECTURE	32
TAX_ETHNICITY_SIOUX	32
TAX_FOODSTAPLES_POTATOES	32
TAX_WORLDLANGUAGES_SIOUX	32
WB_2519_RESPONSES_TO_HUMAN_RIGHTS_ABUSES	32
TAX_DISEASE_SUBSTANCE_ABUSE	32
TAX_WORLDLANGUAGES_CHIPPEWA	32
TAX_ETHNICITY_VIETNAMESE	32
TAX_RELIGION_SHIITE	32
TAX_WORLDLANGUAGES_VIETNAMESE	32
TAX_ETHNICITY_SHIITE	32
TAX_FNCACT_ELECTED_OFFICIALS	32
WB_669_SOFTWARE_INFRASTRUCTURE	32
TAX_WEAPONS_MORTARS	32
TAX_WORLDLANGUAGES_YAKIMA	32
SOC_POINTSOFINTEREST_MILITARY_BASE	32
WB_2416_INTERNET_OF_THINGS	32
TAX_FNCACT_BARBER	31
TAX_FNCACT_PARATROOPERS	31
TAX_FNCACT_COMMANDO	31
SOC_RANSOM	31
TAX_FNCACT_MEDIC	31
CRIME_LOOTING	31
TAX_DISEASE_TRAUMATIC_BRAIN_INJURY	31
TAX_RELIGION_SHIA	31
TAX_FNCACT_LAWMAKER	31
SOC_POINTSOFINTEREST_COLLEGES	31
TAX_RELIGION_SIKH	31
TAX_FNCACT_DETECTIVE	31
WB_725_ORGANIZATIONAL_MANAGEMENT	31
TAX_FNCACT_AIDES	31
TAX_WEAPONS_PISTOL	31
NATURAL_DISASTER_FLOODED_AREAS	31
TAX_RELIGION_LUTHERAN	31
TAX_WEAPONS_ROADSIDE_BOMB	31
WB_2443_RAPE_AND_SEXUAL_VIOLENCE	30
TAX_ETHNICITY_SUNNI	30
TAX_FNCACT_WARLORDS	30
SOC_POINTSOFINTEREST_PRISONS	30
DISCRIMINATION_RACE_RACISM	30
WB_729_PERFORMANCE_MANAGEMENT	30
WB_727_MONITORING_AND_EVALUATION	30
WB_2418__D_PRINTING	30
TAX_ETHNICITY_SOMALI	30
TAX_WORLDLANGUAGES_TLINGIT	30
TAX_RELIGION_SUNNI	30
TAX_ETHNICITY_TLINGIT	30
WB_1388_ENVIRONMENTAL_AND_SOCIAL_ASSESSMENTS	30
TAX_FNCACT_COMMANDOS	30
TAX_FNCACT_SERVANT	30
TAX_WORLDLANGUAGES_SOMALI	30
INFO_RUMOR	30
TAX_FNCACT_NOBLE	30
ENV_METALS	30
WB_1751_LIQUEFIED_NATURAL_GAS	30
TAX_MILITARY_TITLE_ADMIRAL	29
TAX_FNCACT_ADMIRAL	29
SELF_IDENTIFIED_HUMANITARIAN_CRISIS	29
TAX_FNCACT_KNIGHTS	29
TAX_FNCACT_TREASURER	29
WB_1287_HEALTH_INSURANCE	29
SOC_PARDON	29
WB_625_HEALTH_ECONOMICS_AND_FINANCE	29
TAX_WEAPONS_MACHINE_GUNS	29
TAX_WEAPONS_DRONE_STRIKE	29
WB_2482_RECONCILIATION	29
TAX_DISEASE_INFLUENZA	29
WB_2298_REFINERIES	29
WB_533_ENERGY_EFFICIENCY	29
TAX_RELIGION_LUTHERAN_CHURCH	29
WB_1618_FOOD_DISTRIBUTION	29
TAX_WORLDMAMMALS_HORSES	29
TAX_ETHNICITY_AUSTRIAN	28
TAX_FNCACT_INTELLIGENCE_OFFICER	28
TAX_FNCACT_COUNCILMAN	28
WB_2601_TRADE_LINKAGES_SPILLOVERS_AND_CONNECTIVITY	28
WB_1421_INFLUENZA	28
WB_866_CONNECTIVITY_AND_LAGGING_REGIONS	28
VANDALIZE	28
WB_797_NATIONAL_URBAN_POLICIES	28
TAX_FNCACT_CITY_MANAGER	28
TAX_FNCACT_PORTER	28
TAX_FNCACT_JOURNALIST	28
ECON_OILPRICE	28
TAX_FNCACT_CORPORAL	28
TAX_FNCACT_ADMINISTRATORS	28
TAX_FNCACT_BUSINESSMAN	28
TAX_WORLDFISH_POW	28
TAX_WORLDLANGUAGES_CZECH	28
TAX_ETHNICITY_CZECH	28
SLFID_MINERAL_RESOURCES	27
TAX_FNCACT_ESCORT	27
WB_1441_SUPPLEMENTS	27
TAX_ETHNICITY_KOREANS	27
EPU_POLICY_DEFICIT	27
SOC_POLARIZED	27
TAX_WORLDFISH_STURGEON	27
TAX_WORLDLANGUAGES_KOREANS	27
TAX_FNCACT_MILITARY_OFFICERS	27
TAX_FNCACT_CORRESPONDENT	27
TAX_FNCACT_CLERK	27
INFRASTRUCTURE_BAD_ROADS	27
TAX_FNCACT_CREW_MEMBER	26
TAX_FNCACT_FIRE_CHIEF	26
TAX_FNCACT_COMPANION	26
TAX_FNCACT_PRIEST	26
TAX_FNCACT_DEVELOPER	26
TAX_WORLDFISH_HAKE	26
TAX_RELIGION_PRESBYTERIAN	26
NATURAL_DISASTER_FLOODED_ROADS	26
WB_601_POLLUTION_MANAGEMENT	26
TAX_FNCACT_1ST_LT	26
TAX_WEAPONS_WARHEAD	26
TAX_FNCACT_CIRCUIT_JUDGE	26
TAX_FNCACT_VET	26
NATURAL_DISASTER_HEAVY_RAIN	26
WB_598_ENVIRONMENTAL_MANAGEMENT	26
TAX_MILITARY_TITLE_1ST_LT	26
TAX_FNCACT_MUSICIAN	26
WB_1324_EMERGENCY_MEDICAL_SERVICES	26
TAX_FNCACT_ASTRONAUT	26
ECON_WORKINGCLASS	26
TAX_FNCACT_CAREGIVERS	26
ECON_WORLDCURRENCIES_CANADIAN_DOLLARS	26
TAX_DISEASE_ANTICIPATION	26
ROAD_INCIDENT	26
CRIME_COMMON_ROBBERY	25
WB_1620_ELDERLY	25
TAX_FNCACT_MILITARY_LEADERS	25
WB_2663_EBOLA	25
TAX_DISEASE_EBOLA	25
TAX_FNCACT_MAYORS	25
TAX_DISEASE_SYNDROME	25
GRIEVANCES	25
ECON_HEATINGOIL	25
AID_ECONOMIC	25
TAX_WORLDMAMMALS_FISHER	25
TAX_FNCACT_DISTRICT_ATTORNEY	25
TAX_FOODSTAPLES_MILK	25
TAX_FNCACT_METEOROLOGIST	25
FUELPRICES	25
TAX_FNCACT_TENANT	25
TAX_FNCACT_CONGRESSWOMAN	25
WB_2290_OIL_AND_GAS_EXPORT	25
TAX_WORLDLANGUAGES_MANDA	25
TAX_FNCACT_SERGEANT_MAJOR	25
DISCRIMINATION_RACE_RACIST	24
ECON_GASOLINEPRICE	24
TAX_ETHNICITY_PALESTINIAN	24
WB_1386_DAM_SAFETY	24
TAX_TERROR_GROUP_BLACK_HAWK	24
MARITIME_INCIDENT_SELF_IDENTIFIED	24
TAX_WORLDBIRDS_BALD_EAGLE	24
WB_1291_PUBLIC_HEALTH_INSURANCE	24
TAX_FNCACT_YOUNGSTER	24
SOC_POINTSOFINTEREST_NAVY_BASE	24
TAX_RELIGION_CHRISTIANS	24
TAX_ETHNICITY_CHRISTIANS	24
TAX_FNCACT_SHOPKEEPER	24
WB_970_INDUSTRY_LAWS_AND_REGULATIONS	24
WB_972_CONSTRUCTION_LAW_AND_PERMITS	24
TAX_WORLDMAMMALS_BAT	24
TAX_FNCACT_EXPLORER	23
WB_707_POVERTY_MEASUREMENT_AND_ANALYSIS	23
TAX_DISEASE_PLAQUE	23
WB_177_ANIMAL_PRODUCTION	23
WB_1153_MIDDLE_CLASS	23
WB_1152_ECONOMIC_AND_SOCIAL_MOBILITY	23
WB_508_POWER_SYSTEMS	23
TAX_FNCACT_MASTER_SERGEANT	23
TAX_ETHNICITY_IRANIANS	23
TAX_FNCACT_EDUCATORS	23
CRISISLEX_C08_TELECOM	23
WB_2945_DATABASE	23
TAX_MILITARY_TITLE_MASTER_SERGEANT	23
TAX_FNCACT_COMMODORE	23
TAX_FNCACT_AVIATORS	23
TAX_FNCACT_CHIEFS_OF_STAFF	23
TAX_WORLDLANGUAGES_TURKISH	23
TAX_FNCACT_POLITICO	23
TAX_FNCACT_PHYSICIAN	23
TAX_FNCACT_ADVISERS	23
WB_2943_SWITCHES	23
TAX_FNCACT_BUTLER	23
TAX_WORLDLANGUAGES_NAVAJO	23
TAX_WORLDMAMMALS_TIGERS	23
TAX_FNCACT_SPECIAL_AGENT	23
TAX_ETHNICITY_NAVAJO	23
SCANDAL	23
TAX_WORLDREPTILES_ALLIGATORS	23
TAX_ETHNICITY_BLACKS	22
WB_657_INTEROPERABILITY	22
TAX_DISEASE_CREASES	22
TAX_FNCACT_CURATOR	22
TAX_ETHNICITY_TURKISH	22
TAX_WORLDFISH_SERGEANT_MAJOR	22
TAX_FNCACT_WRANGLER	22
TAX_FNCACT_POPE	22
TAX_WEAPONS_IMPROVISED_EXPLOSIVE_DEVICES	22
TAX_FNCACT_RANCHER	22
TAX_MILITARY_TITLE_SECOND_LIEUTENANT	22
TAX_MILITARY_TITLE_SERGEANT_MAJOR	22
TAX_WORLDMAMMALS_LIONS	22
TAX_FNCACT_SECOND_LIEUTENANT	22
TAX_FNCACT_KILLER	22
SANITATION	22
TAX_TERROR_GROUP_SHABAAB	22
ECON_CURRENCY_EXCHANGE_RATE	22
HUMAN_RIGHTS_ABUSES_CONCENTRATION_CAMP	22
TAX_WORLDMAMMALS_BEARS	22
TAX_WORLDLANGUAGES_KWONG	22
JIHAD	21
TAX_FNCACT_TENANTS	21
ECON_MIDDLECLASS	21
RAIL_INCIDENT	21
JUSTICE	21
TAX_FNCACT_POLITICIAN	21
MIL_SELF_IDENTIFIED_ARMS_DEAL	21
WB_1841_SHORT_LIVED_CLIMATE_POLLUTANTS	21
WB_2506_ARMS_TRADE	21
TAX_FNCACT_BUSINESS_LEADERS	21
WB_579_CLIMATE_CHANGE_MITIGATION	21
WB_1896_FUNDAMENTAL_AREAS_OF_THE_LAW	21
POLITICAL_PRISONER	21
TAX_WORLDCRUSTACEANS_CRAB	21
WB_1857_ARBITRATION	21
WB_1927_STRATEGIC_POLICY_PLANNING	21
TAX_DISEASE_FLU	21
EMERG_SHELTERINPLACE	21
TAX_FNCACT_JUDGE_ADVOCATE	21
TAX_AIDGROUPS_FEDERAL_EMERGENCY_MANAGEMENT_AGENCY	20
WB_1854_METHANE	20
TAX_FNCACT_GUNNER	20
TAX_WORLDBIRDS_CROW	20
TAX_FNCACT_COWBOY	20
CRISISLEX_T05_MONEY	20
WB_1420_MALARIA	20
TAX_FOODSTAPLES_MEAT	20
SLFID_ECONOMIC_DEVELOPMENTAID	20
ECON_INFLATION	20
ECON_ELECTRICALGRID	20
TAX_DISEASE_MALARIA	20
TAX_FNCACT_SINGERS	20
TAX_FNCACT_CORONER	20
TAX_ETHNICITY_WELSCH	20
TAX_WEAPONS_TORPEDO	20
TAX_WORLDFISH_TORPEDO	20
TAX_FNCACT_VETERINARIANS	20
TAX_WORLDLANGUAGES_LOMBARD	20
TAX_WEAPONS_FIREARM	20
TAX_FNCACT_INSURGENTS	20
TAX_FNCACT_ENTREPRENEUR	20
WB_162_TRANSPORT_ECONOMICS	20
TAX_FNCACT_STATE_SENATOR	20
TAX_WEAPONS_SUBMARINES	20
TAX_FNCACT_FEDERAL_OFFICIALS	20
TAX_WORLDMAMMALS_DEER	20
TAX_FNCACT_AUDITOR	20
TAX_SPECIAL_ISSUES_AFFORDABLE_CARE_ACT	20
TAX_WEAPONS_WARSHIPS	19
TAX_ETHNICITY_PALESTINIANS	19
SLFID_MILITARY_READINESS	19
AVIATION_INCIDENT	19
SOC_POINTSOFINTEREST_ARMY_BASE	19
TAX_FNCACT_QUEEN	19
WB_1625_SUPPORT_SERVICES	19
TAX_FNCACT_DESIGNER	19
TAX_FNCACT_SUPERVISORS	19
TAX_WEAPONS_PISTOLS	19
TAX_TERROR_GROUP_HEZBOLLAH	19
TAX_WORLDMAMMALS_COYOTE	19
TAX_ETHNICITY_KENYAN	19
WB_1041_PATENTS	19
TAX_WORLDFISH_POWS	19
TAX_FNCACT_DICTATOR	19
TAX_FNCACT_ADJUTANT	19
NATURAL_DISASTER_HURRICANES	19
TAX_WORLDMAMMALS_COYOTES	19
EMERG_EMERGSHELTER	19
ENV_BIOFUEL	19
GENERAL_PUBLIC_OPINION	19
WB_643_AGING_POPULATION	19
TAX_FNCACT_VETERINARIAN	19
TAX_FNCACT_DETECTIVES	18
TAX_FNCACT_STAFFER	18
TAX_MILITARY_TITLE_LIEUTENANT_GENERAL	18
WB_1917_INTELLECTUAL_PROPERTY	18
TAX_WORLDFISH_GUPPY	18
TAX_FNCACT_LIEUTENANT_GENERAL	18
TAX_ECON_FREETRADEAGREEMENTS_NAFTA	18
TAX_FNCACT_HONOR_GUARD	18
TAX_FNCACT_BROKER	18
TAX_FNCACT_STONER	18
TAX_ETHNICITY_NAVAJOS	18
HARASSMENT	18
TAX_ETHNICITY_POLE	18
NATURAL_DISASTER_STORM_DAMAGE	18
TAX_FNCACT_ARBITRATOR	18
TAX_FNCACT_BOARD_MEMBERS	18
WB_442_INFLATION	18
TAX_FNCACT_FOUNDERS	17
MANMADE_DISASTER_DERAILED	17
WB_2171_NURSING_HOMES	17
TAX_WORLDLANGUAGES_GRESIK	17
TAX_FNCACT_SECRETARIES	17
TAX_FNCACT_TOURISTS	17
TAX_WORLDLANGUAGES_COMANCHE	17
NATURAL_DISASTER_EXTREME_WEATHER	17
TAX_WORLDMAMMALS_SEALS	17
TAX_FNCACT_CRIMINALS	17
TAX_WORLDMAMMALS_CATS	17
TAX_WORLDLANGUAGES_GREEK	17
TAX_FNCACT_CONSTABLE	17
ECON_COST_OF_LIVING	17
TAX_DISEASE_DUMPING	17
WB_701_JOBS_AND_POVERTY	17
TAX_FNCACT_ORGANIZERS	17
WB_1170_JOB_CREATION_AND_JOB_OPPORTUNITIES	17
MANMADE_DISASTER_TRAIN_ACCIDENT	17
TAX_FNCACT_ARMY_OFFICERS	17
TAX_ETHNICITY_ASIANS	17
WB_1897_FAMILY_LAW	17
ECON_PRICEGOUGE	17
TAX_WORLDFISH_COD	17
TAX_FNCACT_MARAUDERS	17
WB_2449_PARAMILITARIES	17
TAX_FNCACT_ADJUTANT_GENERAL	17
TAX_FOODSTAPLES_SOYBEANS	17
TAX_FNCACT_NONCOMMISSIONED_OFFICERS	17
WB_1383_HEALTH_MANAGEMENT_AND_ADMINISTRATION	17
TAX_ETHNICITY_GREEK	17
WB_775_TRADE_POLICY_AND_INTEGRATION	16
TECH_AUTOMATION	16
NATURAL_DISASTER_NATURAL_DISASTERS	16
WB_964_PROPERTY_AND_LAND_LAW	16
WB_1042_TRADEMARKS	16
NATURAL_DISASTER_WINTER_STORM	16
TAX_WEAPONS_IMPROVISED_EXPLOSIVE_DEVICE	16
TAX_WORLDLANGUAGES_YAZIDI	16
TAX_FNCACT_PUBLIC_SERVANT	16
TAX_FNCACT_RECRUITER	16
GENDER_VIOLENCE	16
WB_288_TELECOMMUNICATIONS_SECTOR_POLICY_AND_REGULATION	16
NATURAL_DISASTER_NATURAL_DISASTER	16
TAX_FNCACT_QUARTERMASTER	16
TAX_FNCACT_SURGEON	16
TAX_FNCACT_SERVANTS	16
TAX_FNCACT_SELECTMEN	16
TAX_DISEASE_BACTERIA	16
MANMADE_DISASTER_CAR_CRASH	16
TAX_WORLDMAMMALS_FOXES	16
TAX_FNCACT_PROFESSORS	16
WB_595_DRYLANDS	16
TAX_FNCACT_TROOPER	16
NATURAL_DISASTER_FLOOD_WATERS	16
TAX_FNCACT_BISHOP	16
TAX_FNCACT_PEER	16
TAX_WORLDLANGUAGES_GEORGIAN	16
TAX_DISEASE_ALZHEIMER	16
TAX_CHRONICDISEASE_ALZHEIMER	16
TAX_WORLDFISH_SHARK	16
TAX_ETHNICITY_SHIITES	16
TAX_ETHNICITY_GEORGIAN	16
TAX_RELIGION_SHIITES	16
TAX_FNCACT_TOURIST	16
TAX_WORLDLANGUAGES_COWLITZ	16
NATURAL_DISASTER_STORM_SURGE	16
TAX_FNCACT_CHEF	16
TAX_RELIGION_ISLAM	16
TAX_FNCACT_COLOR_GUARD	16
TAX_WORLDFISH_TROUT	16
TAX_FNCACT_EDUCATOR	15
WB_290_TELECOMMUNICATIONS_ORGANIZATIONAL_DESIGN	15
WB_551_GAS_TRANSPORTATION_STORAGE_AND_DISTRIBUTION	15
TAX_FNCACT_ASSESSOR	15
TAX_WORLDBIRDS_MAO	15
REBELS	15
TAX_ETHNICITY_HUNGARIAN	15
TAX_FNCACT_HACKERS	15
POWER_OUTAGE	15
TAX_FNCACT_ORGANIZER	15
WB_1362_MEDICAL_EQUIPMENT	15
TAX_FNCACT_LECTURER	15
TAX_FNCACT_VICE_CHAIRMAN	15
TAX_FNCACT_ARCHBISHOP	15
TAX_FNCACT_UNDERSECRETARY	15
TAX_FNCACT_PRACTITIONERS	15
WB_2957_EMINENT_DOMAIN	15
TAX_WORLDMAMMALS_ELKS	15
NATURAL_DISASTER_VOLCANIC	15
TAX_WORLDLANGUAGES_HUNGARIAN	15
TAX_FNCACT_ARTISAN	15
TAX_WORLDFISH_STEELHEAD	15
TAX_FNCACT_TROOPERS	15
TAX_FNCACT_SAILOR	15
TAX_WORLDLANGUAGES_CHER	15
ECON_INTEREST_RATES	15
TAX_TERROR_GROUP_AL_SHABAAB	15
PEACEKEEPING	15
TAX_FNCACT_ACTRESSES	15
TAX_FOODSTAPLES_SOYBEAN	15
TAX_DISEASE_STARVATION	15
TAX_WORLDINSECTS_BEE	14
TAX_WEAPONS_AIRCRAFT_CARRIERS	14
TAX_ETHNICITY_LATINOS	14
TAX_RELIGION_COPTIC	14
NATURAL_DISASTER_MAGMA	14
SANCTIONS	14
TAX_TERROR_GROUP_LIBERATION_ARMY	14
NATURAL_DISASTER_HEAVY_RAINS	14
TAX_ETHNICITY_COPTIC_CHRISTIANS	14
WB_862_GROWTH_POLES_AND_ECONOMIC_ZONES	14
TAX_RELIGION_COPTIC_CHRISTIANS	14
TAX_DISEASE_HEART_ATTACK	14
TAX_FNCACT_CHURCHMAN	14
WB_1671_MINIMUM_WAGES	14
TAX_DISEASE_LUNG_CANCER	14
TAX_FNCACT_SEAMEN	14
TAX_RELIGION_DUTCH_REFORMED	14
TAX_DISEASE_BRAIN_INJURIES	14
TAX_WORLDLANGUAGES_COPTIC	14
TAX_FNCACT_ENTERTAINER	14
ACT_FORCEPOSTURE	14
TAX_FNCACT_ELECTRICAL_ENGINEER	14
TAX_FNCACT_WEAVER	14
TAX_FNCACT_COMPANIONS	14
TAX_WORLDLANGUAGES_SNOHOMISH	14
SOC_POINTSOFINTEREST_HEALTH_CENTER	14
TAX_WORLDLANGUAGES_MEHRI	14
WB_665_SOFTWARE_AS_A_SERVICE	14
ECON_IPO	14
TAX_DISEASE_ZIKA_VIRUS	14
TAX_FNCACT_EXAMINER	14
TAX_FNCACT_LABORERS	14
TAX_FNCACT_PHYSICIANS	14
TAX_FNCACT_CARPENTER	14
TAX_FNCACT_MANAGING_DIRECTOR	14
TAX_FNCACT_TRUCK_DRIVER	14
TAX_FNCACT_CRITIC	14
ECON_UNIONS	14
TAX_FNCACT_CHEFS	14
TAX_ETHNICITY_COPTIC	14
AID_HUMANITARIAN	13
WB_973_HEALTH_LAWS_AND_REGULATIONS	13
TAX_FNCACT_MATHEMATICIAN	13
WB_1385_GOVERNANCE_AND_STEWARDSHIP	13
TAX_DISEASE_SEIZURES	13
TAX_RELIGION_MUSLIMS	13
TAX_WORLDLANGUAGES_UKRAINIANS	13
TAX_FNCACT_PROSTITUTES	13
TAX_ETHNICITY_UKRAINIANS	13
WB_1202_INDUSTRIAL_ZONES	13
WB_2187_RENTAL_HOUSING	13
TAX_DISEASE_GAMBLING	13
WB_2736_RETURNS_TO_WORK	13
TAX_FNCACT_CHIEF_INFORMATION_OFFICER	13
EPU_POLICY_INTEREST_RATES	13
TAX_FNCACT_FOOL	13
TAX_DISEASE_COMA	13
TAX_DISEASE_TRANSITIONAL	13
TAX_FNCACT_INNOVATOR	13
NATURAL_DISASTER_FLOOD_WATER	13
NATURAL_DISASTER_LANDSLIDE	13
TAX_TERROR_GROUP_PEOPLE_LIBERATION_ARMY	13
TAX_TERROR_GROUP_QUDS_FORCE	13
TAX_FNCACT_FACULTY_MEMBER	13
TAX_FNCACT_INFANTRYMEN	13
TAX_WEAPONS_DESTROYERS	13
TAX_WEAPONS_BATTLESHIP	13
WB_380_FUNDING_INNOVATION	13
WB_382_TAX_CREDITS_AND_DIRECT_SUBSIDIES	13
WB_849_ENVIRONMENTAL_LAWS_AND_REGULATIONS	13
SICKENED	13
TAX_FNCACT_PERFORMER	13
WB_661_BIG_DATA	13
WB_1797_SOLID_WASTE	13
WB_1700_NONMETALLIC_MINERAL_MINING_AND_QUARRYING	13
WB_1786_ENVIRONMENTAL_SUSTAINABILITY	13
WB_873_NON_TRADITIONAL_DATA_DRIVEN_MANAGEMENT	13
TAX_FNCACT_GUARDSMAN	13
TAX_RELIGION_PROTESTANT	13
ECON_TRADE_DISPUTE	13
WB_872_SMART_CITIES	13
TECH_BIGDATA	13
TAX_FNCACT_POLICEMAN	13
TAX_FNCACT_VENDOR	13
TAX_ETHNICITY_KAZAKH	13
WB_2163_PUBLIC_HEALTH_REGULATION	12
WB_1653_TRAINING_SERVICES	12
TAX_WORLDMAMMALS_SHEEP	12
EPU_CATS_SOVEREIGN_DEBT_CURRENCY_CRISES	12
TAX_WORLDBIRDS_OSPREY	12
TAX_FNCACT_MESSENGER	12
TAX_FNCACT_MILITARY_CHAPLAINS	12
TAX_FNCACT_ORTHODONTIST	12
ECON_FREETRADE	12
TAX_FNCACT_CHAIRWOMAN	12
TAX_ETHNICITY_IRISH	12
INEQUALITY	12
EPU_POLICY_POLICYMAKERS	12
TAX_TERROR_GROUP_BLACK_PANTHER	12
TAX_FNCACT_RESERVIST	12
TAX_FNCACT_FIRST_SERGEANT	12
TAX_FNCACT_SHEPHERD	12
TAX_WORLDLANGUAGES_IRISH	12
WB_2505_WEAPONS_OF_MASS_DESTRUCTION	12
WB_1785_ENVIRONMENTAL_POLICIES_AND_INSTITUTIONS	12
WB_2369_DATA_PRIVACY	12
TAX_DISEASE_HEMORRHAGE	12
TAX_WORLDMAMMALS_DRILLS	12
WB_2944_SERVERS	12
WB_671_STORAGE_MANAGEMENT	12
TAX_FNCACT_GUNNERS	12
WB_1614_NUTRITIONAL_PROGRAMS	12
TAX_WORLDMAMMALS_BATS	12
TAX_FNCACT_HOTELIER	12
TAX_ETHNICITY_ROHINGYA	12
WB_700_INEQUALITY_AND_SHARED_PROSPERITY	12
NATURAL_DISASTER_HIGH_WINDS	12
TAX_FNCACT_WARRANT_OFFICERS	12
TAX_FNCACT_PROSTHODONTIST	12
MANMADE_DISASTER_RADIOACTIVE	12
WB_1815_FUEL_TAXES	12
TAX_FNCACT_BUYER	12
SOC_POINTSOFINTEREST_POLICE_STATION	12
NATURAL_DISASTER_HEAVY_SNOW	12
WB_2441_DOMESTIC_VIOLENCE	12
TAX_FNCACT_CONGRESSMEN	12
TAX_FNCACT_SHARECROPPER	12
TAX_WORLDLANGUAGES_LOMBARDO	11
TAX_WORLDLANGUAGES_AZERBAIJAN	11
TAX_RELIGION_SUNNIS	11
TAX_FNCACT_COLUMNIST	11
TAX_AIDGROUPS_AMERICAN_RED_CROSS	11
TAX_FOODSTAPLES_BREAD	11
WB_2667_RURAL_DEVELOPMENT	11
TAX_FNCACT_ASSOCIATE_DIRECTOR	11
FIREARM_OWNERSHIP	11
TAX_FNCACT_AMBASSADORS	11
LITERACY	11
TAX_FNCACT_CFO	11
WB_2207_THEMATIC_BASED_PPPS	11
WB_2206_PUBLIC_PRIVATE_PARTNERSHIPS	11
WB_999_PPP_IN_IRRIGATION	11
TAX_FNCACT_WINGMAN	11
TAX_ETHNICITY_PROTESTANT	11
TAX_ETHNICITY_POLES	11
TAX_FNCACT_THERAPIST	11
TAX_WORLDLANGUAGES_BURMA	11
TAX_DISEASE_DEMENTIA	11
TAX_WORLDLANGUAGES_MOJAVE	11
TAX_ETHNICITY_SUNNIS	11
TAX_ETHNICITY_ARABS	11
WB_2054_SIZE_OF_THE_PUBLIC_SERVICE	11
WB_2085_PUBLIC_SECTOR_DOWNSIZING	11
TAX_FNCACT_STAFF_OFFICER	11
MOVEMENT_ENVIRONMENTAL	11
WB_1624_SOCIAL_PENSIONS	11
TAX_FNCACT_BORDER_PATROL_AGENT	11
WB_2132_APPRENTICESHIP	11
TAX_FNCACT_WITCH	11
WB_2575_TRADE_POLICY_AND_INVESTMENT_AGREEMENTS	11
TAX_FNCACT_TEST_PILOT	11
TAX_FNCACT_COUNCILWOMAN	11
TAX_WORLDMAMMALS_RABBIT	11
TAX_RELIGION_ORTHODOX	11
TAX_ETHNICITY_MUSLIMS	11
TAX_WORLDLANGUAGES_ONONDAGA	11
TAX_DISEASE_MESOTHELIOMA	11
TAX_FNCACT_GANGSTER	11
MANMADE_DISASTER_ABANDON_SHIP	11
TAX_FNCACT_INVENTOR	11
TAX_FNCACT_STATESMEN	11
ECON_PROPANE	11
TAX_WEAPONS_CRUISE_MISSILES	11
TAX_FNCACT_MILITARY_MEN	11
BULLYING	11
TAX_DISEASE_INFECTIOUS_DISEASE	11
TAX_WORLDLANGUAGES_SENECA	11
TAX_FNCACT_GENTLEMEN	10
TAX_FNCACT_SPORTSMAN	10
TAX_WORLDFISH_CHIMERA	10
WB_571_CLIMATE_SCIENCE	10
TAX_FNCACT_REGULATOR	10
TAX_FNCACT_MAIL_CARRIER	10
TAX_FNCACT_MILITARY_LEADER	10
TAX_WEAPONS_CRUISE_MISSILE	10
TAX_FNCACT_AIR_COMMODORE	10
TAX_ETHNICITY_VENEZUELAN	10
WB_2401_ICT_INNOVATION_METHODOLOGIES	10
WB_174_CROP_PRODUCTION	10
TAX_FNCACT_CIO	10
WB_820_DISASTER_RISK_MANAGEMENT	10
TAX_WORLDLANGUAGES_FILIPINOS	10
TAX_ETHNICITY_CHINOOKS	10
TAX_POLITICAL_PARTY_COMMUNIST_PARTY	10
TAX_FNCACT_COMPOSER	10
TAX_ETHNICITY_FILIPINOS	10
NATURAL_DISASTER_TORNADO	10
WB_528_SOLAR_ENERGY	10
TAX_WORLDLANGUAGES_CHEYENNE	10
TAX_MILITARY_TITLE_AIR_COMMODORE	10
TAX_FNCACT_ARCHAEOLOGIST	10
WB_693_POSTAL_SERVICES	10
TAX_FNCACT_FIRST_LIEUTENANT	10
VIOLENT_UNREST	10
TAX_FNCACT_EXECUTIVE_OFFICERS	10
TAX_FNCACT_GENERAL_OFFICER	10
TAX_FNCACT_DRILL_INSTRUCTORS	10
WB_149_WASTEWATER_TREATMENT_AND_DISPOSAL	10
WB_2509_GENOCIDE	10
WB_1674_HEALTH_AND_SAFETY_CONDITIONS	10
WB_747_SOCIAL_RESILIENCE_AND_CLIMATE_CHANGE	10
TAX_FNCACT_APPRAISER	10
ECON_SOVEREIGN_DEBT	10
WB_2291_OIL_AND_GAS_DISTRIBUTION	10
MANMADE_DISASTER_OIL_SPILL	10
TAX_FNCACT_CLERKS	10
ECON_EARNINGSREPORT	10
WB_2197_ENVIRONMENTAL_ENGINEERING	10
TAX_WORLDFISH_PIKE	10
TAX_FNCACT_JUDGE_ADVOCATE_GENERAL	10
TAX_FNCACT_CHAIRMAN_OF_THE_BOARD	10
NATURAL_DISASTER_FLOODWATER	10
TAX_DISEASE_DISRUPTIVE	10
TAX_WORLDLANGUAGES_HEBREW	10
TAX_FNCACT_HACKER	10
TAX_FNCACT_AVIATOR	10
ENV_WINDPOWER	10
NATURAL_DISASTER_WILDFIRES	10
TAX_FNCACT_PARAMEDIC	10
TAX_TERROR_GROUP_ALSHABAAB	10
TAX_FNCACT_WINGMEN	10
TAX_FNCACT_CARPENTERS	10
TAX_FNCACT_ELDER	10
TAX_FNCACT_PORTERS	10
WB_1983_HEALTHY_OCEANS	10
TAX_ETHNICITY_CHOP	10
HUMAN_RIGHTS_ABUSES_CONCENTRATION_CAMPS	10
TAX_FNCACT_SEAMAN	10
TAX_DISEASE_FATIGUE	10
TAX_FNCACT_STATESMAN	9
TAX_WORLDLANGUAGES_CAYUGA	9
TAX_WORLDLANGUAGES_KICKAPOO	9
EMERG_HAZMAT	9
TAX_FNCACT_APPOINTEES	9
TAX_FNCACT_YOUNGSTERS	9
TAX_FNCACT_COPILOT	9
TAX_WORLDMAMMALS_RAT	9
TAX_WORLDFISH_GRAYLING	9
TAX_FNCACT_SECURITY_OFFICER	9
NATURAL_DISASTER_WILDFIRE	9
WB_1634_OLD_AGE_PENSION	9
WB_509_NUCLEAR_ENERGY	9
TAX_FNCACT_OUTLAW	9
TAX_WORLDMAMMALS_GOPHERS	9
TAX_DISEASE_PATHOGENS	9
TAX_FNCACT_MISSIONARY	9
WB_1793_HAZARDOUS_WASTES	9
TAX_FNCACT_STAFF_MEMBERS	9
TAX_FNCACT_STEWARD	9
TAX_FNCACT_LINGUIST	9
TAX_FNCACT_DEACON	9
TAX_FNCACT_FIRE_MARSHAL	9
TAX_FNCACT_DRILL_INSTRUCTOR	9
WB_180_FOOD_SAFETY	9
TAX_DISEASE_METABOLISM	9
TAX_FNCACT_CHAIRPERSON	9
WB_656_PORTFOLIO_MANAGEMENT	9
WB_1633_TARGETED_SOCIAL_PENSIONS	9
WB_2410_CROWDSOURCING	9
TAX_WORLDFISH_ATLANTIC_SALMON	9
TAX_FNCACT_NOMINEES	9
TAX_FNCACT_COMEDIAN	9
TAX_DISEASE_EPILEPSY	9
TAX_WORLDLANGUAGES_WICHITA	9
WB_837_OPEN_GOVERNMENT_AND_TRANSPARENCY	9
TAX_DISEASE_MISCARRIAGE	9
TAX_ETHNICITY_CANADIANS	9
TAX_WEAPONS_SHOTGUN	9
TAX_FNCACT_ELDERS	9
CRISISLEX_C02_NEEDSPROVIDE_FOOD	9
TAX_ETHNICITY_AUSTRALIANS	9
TAX_FNCACT_STAFF_MEMBER	9
NATURAL_DISASTER_ERUPTION	9
TAX_FNCACT_CIVIL_SERVANTS	9
TAX_WEAPONS_ROADSIDE_BOMBS	9
WB_2031_RIGHT_TO_INFORMATION	9
TAX_FNCACT_CASHIER	9
TAX_FNCACT_HUNTERS	9
WB_728_PUBLIC_SERVICE_DELIVERY	9
WB_756_VULNERABLE_GROUPS	9
TAX_FNCACT_FISHERMAN	9
TAX_WORLDBIRDS_WARBLERS	9
TAX_ETHNICITY_TAIWANESE	9
TAX_WORLDLANGUAGES_ANGIE	9
TAX_ETHNICITY_ARMENIAN	8
TAX_DISEASE_HERNIA	8
WB_529_WIND_ENERGY	8
TAX_FNCACT_MEDICAL_EXAMINER	8
WB_2824_INTERNSHIP	8
UNGP_SUPPORT_FOR_PEOPLE_WHO_CANT_WORK	8
TAX_WORLDLANGUAGES_ARMENIAN	8
TAX_WORLDLANGUAGES_HAWAIIAN	8
WB_2947_OPERATING_SYSTEMS	8
TAX_ETHNICITY_HAWAIIAN	8
CRISISLEX_C01_CHILDREN_AND_EDUCATION	8
TAX_FNCACT_ACCOUNTANT	8
TAX_WORLDMAMMALS_CAT	8
TAX_SPECIAL_ISSUES_OBAMACARE	8
EMERG_FIELDHOSPITAL	8
WB_2823_ON_THE_JOB_TRAINING	8
WB_1167_EQUALITY_OF_OPPORTUNITIES	8
TAX_FNCACT_COUNSELOR	8
WB_512_GAS_FIRED_POWER	8
TAX_FNCACT_BRIDE	8
TAX_RELIGION_MORMON	8
WB_2488_POPULATION_RESETTLEMENT	8
WB_2480_POST_CONFLICT_RECONSTRUCTION	8
TAX_FNCACT_GUARDSMEN	8
TAX_TERROR_GROUP_AL_QAEDA	8
TAX_TERROR_GROUP_KU_KLUX_KLAN	8
SOC_EXPRESSSUPPORT	8
WB_641_REPRODUCTIVE_AND_MATERNAL_HEALTH	8
WB_1789_PHYSICAL_AND_CULTURAL_RESOURCES	8
TAX_WORLDLANGUAGES_BALABAN	8
TAX_FNCACT_MAGNATE	8
TAX_FNCACT_JEWELER	8
TAX_ETHNICITY_THAI	8
TAX_ETHNICITY_UYGUR	8
TAX_FNCACT_NOVELIST	8
TAX_FOODSTAPLES_SWEET_POTATOES	8
TAX_TERROR_GROUP_VAGOS_MOTORCYCLE_CLUB	8
TAX_WORLDCRUSTACEANS_SHRIMP	8
WB_969_CAPITAL_MARKETS_LAW_AND_REGULATION	8
TAX_FOODSTAPLES_WHEAT	8
TAX_WORLDMAMMALS_ELK	8
WB_1705_DISASTER_PREPAREDNESS	8
WB_853_FINANCIAL_LAWS_AND_REGULATIONS	8
UNREST_ULTIMATUM	8
TAX_FNCACT_TECHNICIANS	8
TAX_FNCACT_STAFFERS	8
TAX_WORLDFISH_BLUE_EYES	8
TAX_DISEASE_TUBERCULOSIS	8
TAX_WORLDLANGUAGES_NOOKSACK	8
WB_1419_TUBERCULOSIS	8
TAX_FNCACT_COOKS	8
MANMADE_DISASTER_PLANE_CRASH	8
WB_1048_MARINE_PROTECTED_AREAS	8
SOC_MARGINALIZE	8
TAX_FNCACT_MODERATOR	8
TAX_FNCACT_BOUNCER	8
WB_2447_MERCENARIES	8
TAX_WORLDFISH_SNAKEHEAD	8
WB_674_SHARED_INFRASTRUCTURE	8
MIL_MERCENARIES	8
WB_676_CLOUD_COMPUTING	8
UNREST_NATIONAL_SELF_DEFENSE	8
TAX_FNCACT_ARCHITECTS	8
TAX_FNCACT_COMPTROLLER	8
NATURAL_DISASTER_ICY	8
TAX_DISEASE_DEFICIENCY	8
CONFISCATION	8
TAX_WORLDLANGUAGES_SAXON	8
TAX_FNCACT_NEUROSURGEON	8
TAX_WORLDLANGUAGES_UYGUR	8
TAX_FNCACT_BUSINESSMEN	7
TAX_DISEASE_ENCEPHALITIS	7
WB_1100_SUSTAINABLE_GROWTH	7
WB_1028_INTERNATIONAL_BOUNDARIES	7
TAX_WORLDREPTILES_SNAKES	7
TAX_DISEASE_VIRUS_INFECTION	7
TAX_FNCACT_BUREAUCRATS	7
TAX_FNCACT_PRESIDING_OFFICER	7
TAX_FNCACT_DISTRIBUTOR	7
SOC_POINTSOFINTEREST_HIGH_SCHOOLS	7
WB_809_RESILIENT_CITIES	7
TAX_WEAPONS_SHOTGUNS	7
WB_774_CUSTOMS_AND_BORDER_MANAGEMENT	7
TAX_FNCACT_INTERN	7
MIL_WEAPONS_PROLIFERATION	7
TAX_FNCACT_QUEENS	7
TAX_WORLDMAMMALS_MOUSE	7
NATURAL_DISASTER_FLASH_FLOOD	7
WB_2595_ANTI_CORRUPTION_IN_CUSTOMS_ADMINISTRATION	7
TAX_FNCACT_CONGRESSWOMEN	7
TAX_TERROR_GROUP_HAQQANI_NETWORK	7
TAX_FNCACT_ANTHROPOLOGIST	7
GOV_FOIA	7
TAX_FNCACT_LIEUTENANT_GOVERNOR	7
WB_2458_HUMAN_TRAFFICKING	7
WB_874_LOCAL_FINANCE	7
WB_829_FISCAL_DECENTRALIZATION	7
TAX_ETHNICITY_BASQUES	7
WB_721_STATE_OWNED_ENTERPRISES	7
TAX_WORLDLANGUAGES_NORWEGIAN	7
WB_1907_PERSONAL_PROPERTY_RIGHTS	7
TAX_FNCACT_PSYCHOLOGIST	7
TAX_FNCACT_TRANSLATOR	7
TAX_DISEASE_CONTAGIOUS	7
ECON_DEVELOPMENTORGS_USAID	7
MANMADE_DISASTER_CAR_ACCIDENT	7
TAX_FNCACT_DRAFTEES	7
TAX_FNCACT_CHIROPRACTOR	7
UNGP_PHONE_INTERNET_ACCESS_SLOW	7
TAX_FNCACT_RESEARCH_ANALYST	7
WB_1792_ENVIRONMENTAL_HEALTH	7
WB_1615_THERAPEUTIC	7
NATURAL_DISASTER_COLD_SNAP	7
TAX_WORLDMAMMALS_JAGUARS	7
SOC_INTELSHARING	7
TAX_FNCACT_UNEMPLOYED	7
TAX_FNCACT_NAVIGATOR	7
TAX_FNCACT_RESERVISTS	7
MANMADE_DISASTER_WITHOUT_POWER	7
TAX_WORLDLANGUAGES_BASQUES	7
UNREST_SELF_IDENTIFIED_HATE_CRIME	7
TAX_ECON_FREETRADEAGREEMENTS_FREE_TRADE_AGREEMENT	7
WB_2581_PREFERENTIAL_TRADE_AND_INVESTMENT_AGREEMENTS	7
WB_2750_LABOR_FORCE	7
TAX_DISEASE_CORONAVIRUSES	7
TAX_WORLDLANGUAGES_TERRI	7
TAX_DISEASE_HYPOTHERMIA	7
NATURAL_DISASTER_HYPOTHERMIA	7
TAX_FNCACT_2ND_LT	7
WB_2665_REFUGEE_RESETTLEMENT	7
TAX_FNCACT_SETTLERS	7
TAX_MILITARY_TITLE_2ND_LT	7
WB_1452_FAMILY_PLANNING	7
TAX_WORLDFISH_ANGLER	7
TAX_FNCACT_ANGLER	7
TAX_DISEASE_TUMOR	7
TAX_WORLDFISH_WALLEYES	7
TAX_WEAPONS_TEAR_GAS	7
TREASON	7
NATURAL_DISASTER_WINTER_STORMS	7
TAX_WORLDBIRDS_MALIA	7
TAX_WEAPONS_EXPLOSIVELY_FORMED_PENETRATORS	7
TAX_FNCACT_AERONAUTS	7
UNGP_PHONE_INTERNET_ACCESS_COST	7
TAX_DISEASE_PARASITEMIA	7
WB_1226_INDUSTRIAL_CLUSTERS_AND_VALUE_CHAINS	7
TAX_FNCACT_LIEUTENANTS	7
NATURAL_DISASTER_DROWNED	7
NATURAL_DISASTER_MONSOON	7
NATURAL_DISASTER_SNOWSTORMS	7
TAX_FNCACT_ATHLETE	7
TAX_FNCACT_SPECIAL_EDUCATION_TEACHER	7
UNGP_JOB_OPPORTUNITIES_WORKING_CONDITIONS	7
WB_758_ORPHANS	7
TAX_FNCACT_SMELTER	7
TAX_ETHNICITY_APACHE_INDIAN	7
TAX_FNCACT_POET	7
NATURAL_DISASTER_STRONG_WINDS	7
TAX_ETHNICITY_CHOPS	7
TAX_WEAPONS_AIRCRAFT_CARRIER	7
TAX_FNCACT_COLUMNISTS	7
TAX_FNCACT_FLIGHT_INSTRUCTOR	7
NATURAL_DISASTER_LANDSLIDES	7
SOC_DIPLOMRECOG	7
MED_EMERGENCYROOM	7
TAX_FNCACT_GANGSTERS	7
TAX_FNCACT_CHIEF_ENGINEER	7
TAX_FNCACT_CHANCELLOR	7
TAX_WORLDMAMMALS_WILDCAT	7
TAX_WEAPONS_SMALL_ARMS_FIRE	6
TAX_DISEASE_PLAGUE	6
TAX_FNCACT_PRESENTER	6
TAX_FNCACT_FIELD_MARSHAL	6
ECON_MONEYLAUNDERING	6
TAX_FNCACT_FACILITATORS	6
TAX_ETHNICITY_KURDS	6
WB_877_ASSET_MANAGEMENT	6
TAX_ETHNICITY_HOUTHIS	6
TAX_WORLDLANGUAGES_AGER	6
TAX_RELIGION_CHURCH_OF_JESUS_CHRIST	6
TAX_FNCACT_DISPATCHER	6
WB_569_HYDROMET_SERVICES	6
TAX_WORLDLANGUAGES_WANDA	6
TAX_WORLDLANGUAGES_ARBOR	6
TAX_FNCACT_PUBLIC_SERVANTS	6
SOC_POINTSOFINTEREST_HEALTH_CENTERS	6
TAX_FNCACT_PRACTITIONER	6
TAX_ETHNICITY_DIME	6
ECON_BUDGET_DEFICIT	6
TAX_WORLDLANGUAGES_SAMARITAN	6
TAX_POLITICAL_PARTY_LABOUR_PARTY	6
WB_2076_MONEY_LAUNDERING	6
WB_2788_LABOR_MARKET_INSTITUTIONS_AND_POLICIES	6
WB_479_EARLY_CHILD_DEVELOPMENT	6
TAX_FNCACT_MARINERS	6
WB_1150_VOLATILITY	6
TAX_FNCACT_BEST_BOY	6
TAX_WEAPONS_ASSAULT_BOATS	6
TAX_FNCACT_GRADER	6
TAX_FNCACT_ASSEMBLYMAN	6
TAX_FNCACT_ASSEMBLYWOMAN	6
WB_175_FERTILIZERS	6
TAX_FNCACT_TRIAL_LAWYER	6
NATURAL_DISASTER_DROWNING	6
SOC_FASCISM	6
TAX_WORLDARACHNIDS_SPIDER	6
TAX_FNCACT_PHILANTHROPIST	6
WB_1798_WATER_POLLUTION	6
TAX_FNCACT_FIGHTER_PILOTS	6
NATURAL_DISASTER_DROUGHTS	6
LEG_CONSTITUTIONALAMENDMENT	6
TAX_FNCACT_CAPTAINS	6
TAX_FNCACT_HONOR_GUARDS	6
WB_957_GOVERNMENT_PROCUREMENT	6
TAX_FNCACT_MINORITY_LEADER	6
HUMAN_RIGHTS_ABUSES_TORTURED	6
TAX_FNCACT_LOAN_OFFICER	6
TAX_FNCACT_INSIDERS	6
TAX_FNCACT_MORTGAGE_LOAN_OFFICER	6
WB_441_BALANCE_OF_PAYMENTS	6
TAX_WORLDFISH_WHITE_SHARK	6
MANMADE_DISASTER_EMERGENCY_LANDING	6
WB_568_CLIMATE_SERVICES	6
TAX_FNCACT_COMMISSIONED_OFFICERS	6
WB_1817_CONGESTION	6
TAX_FNCACT_SURGEON_GENERAL	6
WB_1523_TEACHERS_MANAGEMENT	6
TAX_FNCACT_PSYCHIATRIST	6
TAX_ETHNICITY_SCOTTISH	6
TAX_WORLDBIRDS_DUCKS	6
WB_2961_RESILIENT_INFRASTRUCTURE	6
SOC_POINTSOFINTEREST_FORWARD_OPERATING_BASE	6
TAX_FNCACT_CRAFTSMAN	6
WB_1787_NATURAL_HABITATS	6
TAX_FNCACT_SURGEONS	6
TAX_WORLDLANGUAGES_MANGAS	6
NATURAL_DISASTER_HIGH_WATERS	6
TAX_WORLDFISH_BIGHEAD_CARP	6
TAX_WORLDBIRDS_RIFLEMAN	6
EXILE	6
WB_2000_SANITATION	6
TAX_WORLDMAMMALS_ASS	6
WB_1353_PHARMACEUTICAL_SUPPLY_CHAIN	6
TAX_FNCACT_BUILDER	6
TAX_WORLDLANGUAGES_XIANG	6
TAX_DISEASE_ANIMAL_DISEASES	6
TAX_FNCACT_TANK_DRIVERS	6
TAX_FNCACT_FEDERAL_AGENTS	6
TAX_FNCACT_MINER	6
TAX_WORLDLANGUAGES_LAKOTA	6
TAX_FNCACT_PETTY_OFFICER	6
TAX_FNCACT_PARALEGAL	6
TAX_FNCACT_CLERICS	6
TAX_FNCACT_BOSSES	6
TAX_WORLDFISH_BARB	6
TAX_FNCACT_ORDERLY	6
TAX_DISEASE_LEUKEMIA	6
WB_2598_HUMAN_RESOURCE_MANAGEMENT	6
GOV_REPATRIATION	6
TAX_DISEASE_BREAST_CANCER	6
TAX_FNCACT_PLAYWRIGHT	6
TAX_FNCACT_COMMANDING_OFFICERS	6
WB_1499_PARENT_FAMILY_COMMUNITY_INVOLVEMENT_IN_EDUCATION	6
TAX_FNCACT_MILITIAMEN	6
TAX_DISEASE_FLUSHING	6
TAX_FNCACT_POLITICAL_LEADERS	6
WB_2139_COMMUNITY_OUTREACH	6
WB_2437_FEMALE_COMBATANTS	5
TAX_WEAPONS_ROCKETPROPELLED_GRENADE	5
WB_2474_DISARMAMENT_DEMOBILIZATION_REINTEGRATION	5
WB_1982_EROSION_CONTROL	5
NATURAL_DISASTER_DROWN	5
TAX_FNCACT_REAR_ADMIRAL	5
WB_1134_CAPITAL_ACCOUNT	5
WB_2737_EMPLOYEE_BENEFITS	5
WB_1084_TECHNOLOGY_TRANSFER_AND_DIFFUSION	5
TAX_FNCACT_FOREIGN_MINISTER	5
WB_2137_SOFT_SKILLS	5
WB_932_DEMOBILISATION_DISARMAMENT_AND_REINTEGRATION	5
TAX_FNCACT_LEGIONNAIRE	5
TAX_FNCACT_SALES_MANAGER	5
TAX_DISEASE_ANEURYSM	5
TAX_TERROR_GROUP_BLACK_PANTHERS	5
TAX_FNCACT_SHAMAN	5
TAX_WORLDLANGUAGES_CIARA	5
TAX_DISEASE_BLINDNESS	5
TAX_FNCACT_FRANCHISEE	5
TAX_FNCACT_BARD	5
TAX_FNCACT_FLAG_OFFICERS	5
TAX_WORLDLANGUAGES_VILELA	5
TAX_WORLDREPTILES_TURTLES	5
UNSAFE_WORK_ENVIRONMENT	5
WB_2129_TEXTBOOKS	5
TAX_WORLDLANGUAGES_YAQUI	5
WB_491_QUALITY_OF_EDUCATION	5
TAX_FNCACT_CHIEF_PETTY_OFFICER	5
TAX_FNCACT_DRY_CLEANER	5
TAX_DISEASE_HYSTERIA	5
WB_1530_TEACHER_PAY_AND_INCENTIVES	5
TAX_FNCACT_REPAIRER	5
TAX_FNCACT_PREACHER	5
TAX_FNCACT_ENVOYS	5
WB_2648_BUSINESS_ENABLERS_INCUBATORS_AND_ACCELERATORS	5
WB_334_EQUITY_MARKETS	5
WB_1918_SECURITIES_MARKETS	5
WB_1057_SUSTAINABLE_FOREST_MANAGEMENT	5
WB_408_GREEN_BUILDINGS	5
TAX_MILITARY_TITLE_REAR_ADMIRAL	5
BLACK_MARKET	5
ENV_NUCLEARPOWER	5
TAX_DISEASE_SUBARACHNOID_HEMORRHAGE	5
TAX_FNCACT_CONDUCTOR	5
TAX_FNCACT_CHIEF_OF_POLICE	5
TAX_FNCACT_WARDEN	5
TAX_WORLDLANGUAGES_GULLAH	5
WB_2513_CRIMES_AGAINST_HUMANITY	5
NATURAL_DISASTER_HIGH_WIND	5
TAX_RELIGION_SHIISM	5
TAX_ETHNICITY_BUDDHIST	5
WB_484_LIFELONG_LEARNING	5
TAX_FNCACT_GATEKEEPER	5
WB_1256_CREDIT_UNIONS	5
TAX_FNCACT_ADJUNCT_FACULTY	5
WB_938_MEDIATION	5
TAX_FNCACT_DIGGER	5
WB_751_SOCIAL_INSURANCE	5
TAX_WORLDLANGUAGES_MONGOLS	5
TAX_ETHNICITY_MONGOLS	5
TAX_WEAPONS_SUICIDE_BOMB	5
WB_1434_HEART_DISEASE	5
TAX_FNCACT_MASONS	5
WB_1215_WATER_QUALITY_STANDARDS	5
WB_2501_COMBATANT_AND_VETERAN_SUICIDE	5
NATURAL_DISASTER_FRIGID	5
NATURAL_DISASTER_HEAVY_WIND	5
TAX_RELIGION_BUDDHIST	5
TAX_WORLDLANGUAGES_OKANOGAN	5
TAX_RELIGION_NAZARENE	5
TAX_FNCACT_USHERS	5
WB_963_NATURAL_RESOURCES_LAW	5
WB_1021_WATER_LAW	5
NATURAL_DISASTER_EARTHQUAKES	5
TAX_FNCACT_FACILITATOR	5
TAX_FNCACT_CHAMPIONS	5
TAX_FNCACT_BUTCHER	5
WB_778_NON_TARIFF_MEASURES	5
TAX_MILITARY_TITLE_PETTY_OFFICER	5
WB_768_INTERNATIONAL_STANDARDS_AND_TECHNICAL_REGULATIONS	5
TAX_DISEASE_POISONING	5
TAX_FNCACT_SOCIAL_WORKER	5
WB_1616_SUPPLEMENTARY	5
TAX_DISEASE_BIRTH_DEFECTS	5
TAX_FNCACT_ECOLOGIST	5
WB_942_ACCESS_TO_JUSTICE	5
TAX_FNCACT_PHOTOJOURNALIST	5
TAX_FNCACT_LAW_CLERK	5
TAX_FNCACT_NURSE_PRACTITIONER	5
WB_2497_COMBATANTS_AND_VETERANS	5
TAX_WORLDLANGUAGES_CAROLINIANS	5
TAX_DISEASE_HEART_FAILURE	5
WB_1613_FOOD_STAMPS	5
TAX_FNCACT_COACHES	5
TAX_DISEASE_YELLOW_FEVER	5
TAX_FNCACT_ENSIGN	5
TAX_FNCACT_DEMONSTRATORS	5
TAX_WORLDLANGUAGES_SHERI	5
UNREST_ACQUIRE_WEAPONS	5
TAX_FNCACT_COMMISSIONED_OFFICER	5
TAX_FNCACT_TECHNICAL_SERGEANT	5
TAX_FNCACT_ADMIRALS	5
ENV_FORESTRY	5
TAX_WORLDLANGUAGES_SIUSLAW	5
TAX_WORLDLANGUAGES_PALAU	4
TAX_FNCACT_FOOT_SOLDIERS	4
TAX_TERROR_GROUP_SELF_DEFENSE_FORCE	4
TAX_DISEASE_MOLE	4
TAX_FNCACT_PADRE	4
WB_1285_BUSINESS_TAXATION	4
WB_883_TAX_INCENTIVES	4
TAX_WORLDLANGUAGES_BAVARIAN	4
TAX_WORLDLANGUAGES_KIOWA	4
TAX_FNCACT_GRENADIERS	4
TAX_ETHNICITY_MAURITANIA	4
ECON_WORLDCURRENCIES_CANADIAN_DOLLAR	4
TAX_FNCACT_FEMINIST	4
TAX_FNCACT_PARK_RANGER	4
TAX_DISEASE_SWINE_FEVER	4
TAX_WEAPONS_TORPEDOES	4
TAX_FNCACT_CRUSADER	4
WB_2083_OCCUPATIONAL_HEALTH_AND_SAFETY	4
TAX_ETHNICITY_INUPIAT	4
TAX_WORLDBIRDS_GOLDEN_EAGLE	4
WB_2303_FRACKING	4
WB_2273_UPSTREAM_OIL_AND_GAS	4
TAX_FNCACT_PIRATE	4
REL_ANTISEMITISM	4
TAX_DISEASE_EDEMA	4
TAX_FNCACT_ENLISTED_MEN	4
TAX_WORLDFISH_GRENADIERS	4
TAX_DISEASE_MERS	4
WB_2201_FIRE_OCCUPATIONAL_SAFETY	4
TAX_FNCACT_CREWMEN	4
ECON_ELECTRICALPRICE	4
DISCRIMINATION_IMMIGRATION_XENOPHOBIA	4
WB_2738_LABOR_EARNINGS	4
TAX_WORLDFISH_TORPEDOES	4
SOC_POINTSOFINTEREST_FIRE_STATION	4
TAX_DISEASE_RESPIRATORY_ILLNESS	4
TAX_DISEASE_FINGERPRINTS	4
HUMAN_RIGHTS_ABUSES_HUMAN_RIGHTS_ABUSES	4
TAX_DISEASE_AFRICAN_SWINE_FEVER	4
TAX_DISEASE_ALCOHOLISM	4
WB_833_INSTITUTIONAL_REFORM	4
TAX_FNCACT_SCREENWRITER	4
TAX_FNCACT_STAFF_OFFICERS	4
WB_2363_MOBILE_APPLICATIONS	4
TAX_FNCACT_LECTURERS	4
TAX_CHRONICDISEASE_HEART_DISEASE	4
TAX_FNCACT_CLERGY	4
TAX_RELIGION_CATHOLICISM	4
NATURAL_DISASTER_STORM_SURGES	4
WB_2811_COLLECTIVE_BARGAINING	4
TAX_FNCACT_CTO	4
WB_327_VULNERABILITY_AND_RISK_ASSESSMENTS	4
TAX_FNCACT_STATISTICIAN	4
TAX_FNCACT_CRYPTOGRAPHER	4
TAX_FNCACT_VICE_ADMIRAL	4
TAX_WORLDLANGUAGES_ETHIOPIAN	4
TAX_WORLDLANGUAGES_TAY	4
WB_1893_TAX_LAW	4
WB_1245_FINANCIAL_VULNERABILITY_AND_RISKS	4
WB_1083_INFRASTRUCTURE_AND_GROWTH	4
ECON_WORLDCURRENCIES_YEN	4
WB_2802_WORKING_CONDITIONS	4
TAX_ETHNICITY_MENDE	4
TAX_ETHNICITY_TAY	4
TAX_FNCACT_PUBLIC_HEALTH_NURSE	4
TAX_WORLDLANGUAGES_MENDE	4
TAX_FNCACT_HANDMAIDEN	4
TAX_FNCACT_ARTILLERYMEN	4
TAX_FNCACT_GENERAL_OFFICERS	4
TAX_FNCACT_ECONOMIST	4
TAX_WORLDBIRDS_BLACK_EAGLE	4
TAX_TERROR_GROUP_BLACK_EAGLE	4
TAX_FNCACT_ASSISTANTS	4
WB_919_GENDER_AND_HUMAN_DEVELOPMENT	4
TAX_FNCACT_LIBRARIAN	4
TAX_ETHNICITY_BELGIAN	4
TAX_WORLDLANGUAGES_BLACKFOOT	4
TAX_FNCACT_CONSUL	4
TAX_FNCACT_BARTENDER	4
TAX_WORLDFISH_POLLOCK	4
TAX_ETHNICITY_LAOS	4
TAX_FNCACT_FIGHTER_PILOT	4
WB_596_COASTAL_AND_MARINE_ECOSYSTEMS	4
TAX_FNCACT_UNDERCOVER_AGENT	4
TAX_FNCACT_COLONELS	4
TAX_FNCACT_STRIKER	4
TAX_DISEASE_HEART_DISEASE	4
TAX_FNCACT_PATRIARCH	4
TAX_ETHNICITY_BOLIVIA	4
TAX_WORLDLANGUAGES_CASTELLANOS	4
TAX_DISEASE_RASH	4
TAX_FNCACT_EVANGELIST	4
WB_2844_EMIGRATION	4
TAX_DISEASE_CONVULSIONS	4
NATURAL_DISASTER_TORNADOES	4
TAX_FNCACT_ASSESSORS	4
TAX_FNCACT_THIEVES	4
TAX_RELIGION_ANGLICAN_CHURCH	4
TAX_WORLDLANGUAGES_SIGN_LANGUAGE	4
TAX_FNCACT_DISTRICT_MANAGER	4
TAX_FNCACT_BABYSITTER	4
TAX_DISEASE_VIREMIA	4
TAX_WORLDMAMMALS_MICE	4
NATURAL_DISASTER_CHILL	4
TAX_TERROR_GROUP_ARYAN_NATIONS	4
MANMADE_DISASTER_HELICOPTER_CRASH	4
TAX_DISEASE_INTRINSIC	4
TAX_FNCACT_SCULPTOR	4
WB_410_BUSINESS_LAW_AND_REGULATION	4
CRM_ARSON	4
TAX_WORLDMAMMALS_GUINEA_PIG	4
MANMADE_DISASTER_POWER_OUTAGES	4
TAX_FNCACT_CRUSADERS	4
TAX_FNCACT_ENLISTED_MAN	4
TAX_FNCACT_BANKER	4
NATURAL_DISASTER_EXTREME_COLD	4
WB_1597_VETERANS_BENEFITS	4
TAX_FNCACT_PLUMBER	4
TAX_WORLDLANGUAGES_GALLO	4
WB_659_ERP_SYSTEMS	4
WB_1791_AIR_POLLUTION	4
TAX_WORLDLANGUAGES_HOCH	4
TAX_FNCACT_CONSERVATIONIST	4
TAX_FNCACT_PROVOST	4
TAX_FNCACT_WOODWORKER	4
WB_1444_GROWTH_MONITORING	4
WB_2198_CHEMICAL_ENGINEERING	4
TAX_DISEASE_THYROID_CANCER	4
TAX_ETHNICITY_UZBEK	4
TAX_DISEASE_ALLERGY	4
TAX_WORLDLANGUAGES_UZBEK	4
WB_1445_STUNTING	4
TAX_FNCACT_MILITARY_MAN	4
TAX_WORLDLANGUAGES_DANISH	4
TAX_FNCACT_CLIMATOLOGIST	4
WB_1999_RIVER_RESTORATION	4
WB_2194_ANIMAL_WELFARE	4
TAX_WORLDLANGUAGES_ARABIC	4
TAX_WORLDLANGUAGES_NATICK	4
TAX_FNCACT_NUN	4
TAX_WORLDREPTILES_LIZARDS	4
MANMADE_DISASTER_AGROUND	4
TAX_FNCACT_PORTFOLIO_MANAGER	4
TAX_FNCACT_LABORER	4
TAX_WORLDLANGUAGES_BRUNEI	4
TAX_WORLDLANGUAGES_CAMBODIAN	4
TAX_FNCACT_TYPIST	4
TAX_RELIGION_ADVENTIST	4
WB_1773_CLIMATE_CHANGE_IMPACTS	4
TAX_FNCACT_LOBBYIST	4
TAX_FNCACT_PROPHET	4
TAX_WORLDLANGUAGES_MANDARIN	4
TAX_FNCACT_SELFEMPLOYED	4
WB_2508_ETHNIC_CLEANSING	4
TAX_FNCACT_BUSINESS_LEADER	4
TAX_DISEASE_RESPIRATORY_DISTRESS_SYNDROME	4
TAX_WORLDBIRDS_GOLDENCHEEKED_WARBLERS	4
TAX_DISEASE_PREGNANCY	4
TAX_FNCACT_STEWARDS	4
TAX_WORLDMAMMALS_WHALES	4
TAX_DISEASE_AUTISM	4
TAX_ETHNICITY_CHECHEN	4
TAX_WORLDLANGUAGES_CHECHEN	4
TAX_FNCACT_PROSTITUTE	4
TAX_MILITARY_TITLE_CHIEF_PETTY_OFFICER	4
TAX_FNCACT_IMAM	4
TAX_FNCACT_SECRETARY_GENERAL	4
TAX_WORLDFISH_MARLIN	4
WB_2668_INCOME_INEQUALITY	4
TAX_FNCACT_EXCAVATOR	4
WB_776_TRADE_POLICY	4
WB_436_FORESTRY	4
TAX_FNCACT_ROLE_MODEL	3
TAX_FNCACT_ECONOMISTS	3
TAX_FNCACT_MACHINIST	3
TAX_FNCACT_SPOKESMEN	3
TAX_ETHNICITY_WELSH	3
TAX_FNCACT_FASHION_MODEL	3
TAX_FNCACT_MACHINISTS	3
TAX_WORLDLANGUAGES_NOTRE	3
WB_2007_WATER_SAFETY_PLANS	3
TAX_WORLDLANGUAGES_WELSH	3
GOV_REFORM	3
TAX_DISEASE_MENTAL_ILLNESS	3
WB_417_CORPORATE_GOVERNANCE	3
TAX_WORLDLANGUAGES_MA_TO	3
TAX_WORLDFISH_SERGEANT_MAJORS	3
TAX_DISEASE_INFLAMMATION	3
TAX_FNCACT_PASTORS	3
TAX_WORLDLANGUAGES_STONEY	3
TAX_DISEASE_FARMER_LUNG	3
TAX_ETHNICITY_CATHOLICS	3
TAX_WORLDMAMMALS_HUMANNESS	3
TAX_WORLDLANGUAGES_NEZ_PERCE	3
TAX_RELIGION_CATHOLICS	3
TAX_DISEASE_FLAVIVIRUS_INFECTIONS	3
WB_2744_LIVING_WAGES	3
TAX_FNCACT_PREACHERS	3
GOV_DISSOLVEGOV	3
TAX_FNCACT_COWMAN	3
TAX_FNCACT_PIANIST	3
WB_2845_HUMAN_CAPITAL_FLIGHT	3
TAX_FNCACT_POLICES	3
TAX_FNCACT_SOLICITOR	3
TAX_FNCACT_SERGEANT_MAJORS	3
TAX_DISEASE_RENAL	3
TAX_FNCACT_PUBLIC_DEFENDER	3
TAX_FNCACT_APPRENTICE	3
TAX_WORLDMAMMALS_DOLPHIN	3
TAX_POLITICAL_PARTY_GREEN_PARTY	3
TAX_AIDGROUPS_SALVATION_ARMY	3
NATURAL_DISASTER_LAVA	3
TAX_FNCACT_WARLORD	3
TAX_FNCACT_FOOT_SOLDIER	3
WB_1122_TAX_EXPENDITURES	3
TAX_WORLDLANGUAGES_CHETCO	3
TAX_FNCACT_EMERGENCY_MEDICAL_TECHNICIAN	3
WB_663_GEOGRAPHIC_INFORMATION_SYSTEMS	3
TAX_FNCACT_PRIVATE_INVESTIGATOR	3
TAX_FNCACT_HELPER	3
WB_1778_FRESHWATER_ECOSYSTEMS	3
TAX_FNCACT_RETAILER	3
TAX_FNCACT_BALLOONISTS	3
TAX_FNCACT_DEMONSTRATOR	3
TAX_RELIGION_GREEK_ORTHODOX	3
TAX_FNCACT_FINANCIAL_ADVISER	3
TAX_WORLDLANGUAGES_ALBANIAN	3
TAX_ETHNICITY_ALBANIAN	3
TAX_MILITARY_TITLE_WING_COMMANDER	3
TAX_FNCACT_WING_COMMANDER	3
TAX_FNCACT_ADMIRALTY	3
TAX_WORLDINSECTS_BUMBLEBEES	3
TAX_WORLDINSECTS_BUMBLEBEE	3
TAX_FNCACT_NANNY	3
TAX_FNCACT_MEDICINE_WOMAN	3
TAX_WORLDFISH_CHINOOK_SALMON	3
TAX_WORLDLANGUAGES_SERBIAN	3
TAX_FNCACT_PRESSMEN	3
TAX_WORLDLANGUAGES_CHEHALIS	3
TAX_ETHNICITY_CROATIAN	3
TAX_WORLDLANGUAGES_CROATIAN	3
WB_752_CONTRIBUTORY_BENEFITS	3
TAX_FNCACT_DEPARTMENT_HEAD	3
TAX_FNCACT_WELDER	3
TAX_WORLDFISH_CRAPPIE	3
TAX_ETHNICITY_DIMES	3
TAX_FNCACT_TOWN_CLERK	3
GOV_INTERGOVERNMENTAL	3
TAX_FNCACT_BANDIT	3
TAX_FNCACT_PHARMACIST	3
TAX_RELIGION_MOSQUE	3
TAX_FNCACT_SETTLER	3
TAX_RELIGION_SHARIA	3
WB_1432_HYPERTENSION	3
TAX_WORLDLANGUAGES_AZERBAIJANI	3
TAX_ETHNICITY_AZERBAIJANI	3
TAX_WORLDARACHNIDS_TICK	3
TAX_WORLDFISH_CATFISH	3
TAX_WORLDARACHNIDS_BLACK_WIDOW	3
CRIME_STEAL_LIVESTOCK	3
TAX_WORLDREPTILES_LIZARD	3
WB_1612_EARLY_CHILDHOOD_EDUCATION	3
WB_1070_ECONOMIC_GROWTH_POLICY	3
TAX_FNCACT_MONK	3
WB_194_AGRICULTURAL_SUPPLY_CHAIN	3
ECON_MONOPOLY	3
TAX_FNCACT_SECURITY_DIRECTOR	3
TAX_DISEASE_BIPOLAR_DISORDER	3
TAX_FNCACT_JOCKEY	3
TAX_DISEASE_ANTHRAX	3
TAX_DISEASE_INSOMNIA	3
SOC_POINTSOFINTEREST_HIGHSCHOOL	3
TAX_FNCACT_ROLE_MODELS	3
TAX_FNCACT_DECISION_MAKERS	3
TAX_WORLDFISH_PORGY	3
TAX_FNCACT_LEFTISTS	3
TAX_FNCACT_LANCE_CORPORAL	3
WB_1960_FARM_INPUTS	3
WB_1959_LINKING_FARMERS_WITH_MARKETS	3
TAX_DISEASE_SHINGLES	3
MEDICAL_SECURITY	3
TAX_ETHNICITY_LITHUANIAN	3
WB_1429_ROAD_SAFETY	3
TAX_WORLDLANGUAGES_LOWER_COWLITZ	3
TAX_FNCACT_MILITARY_CHAPLAIN	3
TAX_FNCACT_TRUCKER	3
NATURAL_DISASTER_SUSTAINED_WINDS	3
TAX_FNCACT_WRESTLER	3
WB_847_COMPANY_AND_CORPORATE_LAW	3
HATE_SPEECH	3
WB_1707_CONTINGENCY_PLANNING	3
TAX_FNCACT_2ND_LIEUTENANT	3
TAX_WORLDLANGUAGES_TAMARA	3
TAX_FNCACT_NEWSPAPER_EDITORS	3
SLFID_CAPACITY_BUILDING	3
TAX_TERROR_GROUP_FARC	3
EMERG_MASSCASUALTY	3
WB_1058_AGRIBUSINESS	3
PIPELINE_INCIDENT	3
TAX_RELIGION_RASTAFARIANS	3
TAX_FNCACT_BREEDER	3
WB_790_TRANSPORT_AND_SUSTAINABLE_DEVELOPMENT	3
TAX_MILITARY_TITLE_2ND_LIEUTENANT	3
MANMADE_DISASTER_PIPELINE_BURST	3
WB_2179_AGRIBUSINESS	3
TAX_DISEASE_ANOMALY	3
TAX_DISEASE_SEVERE_ACUTE_RESPIRATORY_SYNDROME	3
TAX_WORLDBIRDS_ROOKS	3
ECON_BANKRUPTCY	3
TAX_WORLDLANGUAGES_SHAWNEE	3
TAX_FNCACT_CARETAKER	3
TAX_DISEASE_HEADACHE	3
TAX_RELIGION_SUNNI_MUSLIMS	3
UNREST_CRACKDOWN	3
INCOME_INEQUALITY	3
TAX_FNCACT_MANAGING_EDITOR	3
MANMADE_DISASTER_RESTORE_POWER	3
NATURAL_DISASTER_COLD_SPELL	3
TAX_FNCACT_AGGRESSOR	3
WB_2156_CONTINUUM_OF_CARE	3
TAX_RELIGION_JEW	3
WB_2370_DATA_SECURITY	3
TAX_FNCACT_CELLIST	3
WB_1307_PRIMARY_CARE	3
TAX_TERROR_GROUP_HAGANAH	3
TAX_WORLDFISH_SLEEPER	3
TAX_WEAPONS_AIR_DEFENSE_SYSTEMS	3
TAX_FNCACT_PUBLIC_SPEAKER	3
NATURAL_DISASTER_VOLCANOES	3
WB_515_POWER_SECTOR_POLICY_AND_INSTITUTIONS	3
TAX_WORLDLANGUAGES_MUSKOGEE	3
RELATIONS	3
TAX_FNCACT_USHER	3
WB_1808_TRANSPORT_SAFETY	3
TAX_CARTELS_MS_13	3
TAX_WORLDARACHNIDS_TICKS	3
WB_1934_CIVILLIAN_POLICE_AND_SECURITY_SERVICES	3
TAX_WORLDREPTILES_CROCODILE	3
WB_143_RURAL_WATER	3
TAX_FNCACT_CATTLEMEN	3
TAX_DISEASE_TRAUMATIC_STRESS_DISORDER	3
TAX_FNCACT_SURVEYOR	3
TAX_FNCACT_DEATH_SQUADS	3
TAX_FNCACT_PARK_RANGERS	3
TAX_WORLDCRUSTACEANS_LOBSTER	3
WB_784_TRAFFIC_AND_ROAD_SAFETY	3
TAX_FNCACT_MARINE_BIOLOGIST	3
WB_2666_LIFE_EXPECTANCY	3
TAX_WORLDMAMMALS_WOLVES	3
NATURAL_DISASTER_FLASH_FLOODS	3
WB_1774_CLIMATE_FORECASTING	3
WB_1283_PRIVATIZATION	3
PRIVATIZATION	3
ENV_POACHING	3
WB_178_PEST_MANAGEMENT	3
TAX_ETHNICITY_BAMAR	3
TAX_FNCACT_SCHOOL_PRINCIPAL	3
TAX_FNCACT_PROCTOR	3
TAX_WORLDFISH_ROACH	3
ECON_DEVELOPMENTORGS_FORD_FOUNDATION	3
TAX_FNCACT_CANNONEERS	3
WB_2520_REPARATIONS	3
TAX_FNCACT_PLOTTERS	3
TAX_ETHNICITY_HAITIAN	3
MANMADE_DISASTER_WITHOUT_ELECTRICITY	3
TAX_FNCACT_KILLERS	3
TAX_WORLDLANGUAGES_LITHUANIAN	3
TAX_WORLDMAMMALS_GOPHER	3
SOC_AIDASSISTANCE	3
WB_519_UTILITIES_GOVERNANCE_AND_PERFORMANCE	3
TAX_DISEASE_DIEOFF	3
TAX_POLITICAL_PARTY_HEZBOLLAH	3
TAX_DISEASE_PATHOGEN	3
TAX_FNCACT_REVEREND	3
TAX_FNCACT_SOLIDERS	3
WB_921_SAFETY_NETS	3
TAX_WORLDMAMMALS_SQUIRREL	3
TAX_RELIGION_PAGANS	3
TAX_ETHNICITY_WEST_INDIAN	3
TAX_WEAPONS_EXPLOSIVELY_FORMED_PROJECTILES	3
TAX_WORLDINSECTS_LOCUST	2
TAX_ETHNICITY_MALI	2
MANMADE_DISASTER_FIRE_TRUCK	2
TAX_FNCACT_JURISTS	2
NATURAL_DISASTER_LOCUST	2
TAX_WORLDBIRDS_CROWS	2
TAX_FNCACT_SERVICEMAN	2
TAX_AGRICULHARMINSECTS_LOCUST	2
TAX_FNCACT_FINANCIERS	2
TAX_FNCACT_REVISIONIST	2
WB_2287_LAND_USE_LAWS	2
WB_559_MINING_LAWS_AND_REGULATIONS	2
TAX_FNCACT_MARAUDER	2
WB_554_MINING_POLICY_LAWS_AND_REGULATIONS	2
TAX_FNCACT_SHEPHERDS	2
TAX_FNCACT_INTERPRETER	2
TAX_WORLDBIRDS_WARBLER	2
TAX_DISEASE_ALZHEIMER_DISEASE	2
TAX_FNCACT_FIREMEN	2
TAX_WORLDLANGUAGES_PROUE	2
ECON_WORLDCURRENCIES_YUAN	2
TAX_WORLDMAMMALS_COUGAR	2
NATURAL_DISASTER_TROPICAL_STORM	2
TAX_WORLDLANGUAGES_NDS	2
TAX_FNCACT_PRIVATE_CITIZENS	2
TAX_FNCACT_RIGGER	2
TAX_WORLDLANGUAGES_COMANCHES	2
WB_2060_BUDGET_PREPARATION_AND_MANAGEMENT_TECHNIQUES	2
WB_1649_UNEMPLOYMENT_BENEFITS	2
TAX_FNCACT_ANESTHESIOLOGIST	2
WB_898_CONTRIBUTORY_PENSIONS	2
TAX_FNCACT_ANESTHETIST	2
WB_716_MANAGING_PUBLIC_FINANCES	2
TAX_FNCACT_THEOLOGIAN	2
TAX_FNCACT_CABINET_MINISTERS	2
TAX_WORLDLANGUAGES_WICHITAS	2
TAX_WORLDFISH_SILVER_DOLLARS	2
TAX_FNCACT_CIVIC_LEADERS	2
TAX_DISEASE_CONSTRICTION	2
TAX_WORLDLANGUAGES_ARAKI	2
NATURAL_DISASTER_SEVERE_COLD	2
TAX_DISEASE_CHILBLAINS	2
TAX_DISEASE_FROSTBITE	2
NATURAL_DISASTER_FROSTBITE	2
TAX_FNCACT_WING_COMMANDERS	2
TAX_FNCACT_CAMERAMAN	2
TAX_FNCACT_LEFTIST	2
TAX_FNCACT_CHIEF_SUPERINTENDENT	2
TAX_FNCACT_TRIGGERMAN	2
TAX_FNCACT_SEPARATISTS	2
SEPARATISTS	2
TAX_FNCACT_TELLER	2
TAX_FNCACT_BOSUNS	2
WB_1540_ECONOMICS_OF_EDUCATION	2
TAX_FNCACT_ARTILLERYMAN	2
TAX_FNCACT_MARINER	2
WB_2440_SURVIVAL_SEX	2
HUMAN_RIGHTS_ABUSES_ELECTRIC_SHOCKS	2
WB_1358_GENERIC_DRUGS	2
TECH_SUPERCOMPUTING	2
TAX_FNCACT_PSYCHOTHERAPIST	2
TAX_FNCACT_TECHNOCRATS	2
TAX_WORLDLANGUAGES_KHMER	2
TAX_ETHNICITY_KHMER	2
TAX_TERROR_GROUP_KHMER_ROUGE	2
WB_1096_MACROECONOMIC_SUSTAINABILITY	2
WB_1098_MONETARY_AND_FINANCIAL_STABILITY	2
TAX_ETHNICITY_PORTUGUESE	2
TAX_DISEASE_ARRHYTHMIA	2
TAX_WORLDLANGUAGES_BACHE	2
TAX_DISEASE_ATRIAL_FIBRILLATION	2
TAX_FNCACT_OMBUDSMAN	2
WB_2040_OMBUDSMEN	2
TAX_FNCACT_FLAG_OFFICER	2
TAX_RELIGION_PAGAN	2
TAX_DISEASE_AMPUTATION	2
TAX_FNCACT_FINANCE_OFFICER	2
TAX_FNCACT_ART_DIRECTOR	2
TAX_DISEASE_TULAREMIA	2
WB_1984_OCEAN_POLLUTION	2
TAX_WORLDREPTILES_GOPHER_TORTOISES	2
TAX_MILITARY_TITLE_1ST_LIEUTENANT	2
TAX_FNCACT_GRAND_DUKE	2
TAX_WORLDLANGUAGES_BURMESE	2
TAX_WEAPONS_IMPROVISED_WEAPON	2
TAX_WORLDLANGUAGES_BANTON	2
TAX_CHRONICDISEASE_DIABETES	2
TAX_FNCACT_LIFEGUARDS	2
TAX_ETHNICITY_BAMARS	2
TAX_WORLDFISH_COBBLER	2
TAX_FNCACT_COBBLER	2
TAX_DISEASE_DIABETES	2
WB_1433_DIABETES	2
TAX_TERROR_GROUP_SISTERS_IN_ARMS	2
TAX_POLITICAL_PARTY_CONSTITUTION_PARTY	2
TAX_DISEASE_HIGH_BLOOD_PRESSURE	2
ACT_YIELD	2
TAX_FNCACT_EPIDEMIOLOGIST	2
ECON_WORLDCURRENCIES_AUSTRALIAN_DOLLARS	2
TAX_DISEASE_PANCREATIC_CANCER	2
TAX_FNCACT_CARETAKERS	2
TAX_WORLDREPTILES_TORTOISES	2
TAX_FNCACT_PILGRIM	2
TAX_FNCACT_CREATIVE_DIRECTOR	2
TAX_DISEASE_VENEZUELAN_EQUINE_ENCEPHALITIS	2
TAX_FNCACT_1ST_LIEUTENANT	2
WB_983_TAX_POLICY	2
TAX_WORLDLANGUAGES_PYGMY	2
TAX_FNCACT_JUDGE_ADVOCATES	2
WB_958_CRIMINAL_LAW	2
WB_1810_TRAFFIC_CONTROL_AND_MONITORING	2
TAX_WORLDFISH_SHAD	2
TAX_FNCACT_ELECTRICIAN	2
TAX_FNCACT_CLERIC	2
ENV_OVERFISH	2
TAX_WORLDLANGUAGES_AZERI	2
TAX_RELIGION_SUNNI_MUSLIM	2
WB_804_URBAN_POLLUTION	2
TAX_WORLDLANGUAGES_SAN_JOAQUIN	2
WB_2071_COMMON_LAW	2
WB_1717_URBAN_POLLUTION_AND_ENVIRONMENTAL_HEALTH	2
TAX_FNCACT_PLAYER	2
TAX_FNCACT_AID_WORKERS	2
WB_2966_LEGACY_POLLUTION	2
WB_802_GREEN_CITIES	2
TAX_WORLDLANGUAGES_MADER	2
TAX_ETHNICITY_QIZILBASH	2
TAX_WORLDFISH_SUCKER	2
TAX_WORLDLANGUAGES_QATARI	2
TAX_WORLDLANGUAGES_BALUCHI	2
SOC_AGINGPOPULATION	2
TAX_RELIGION_CONGREGATIONAL	2
TAX_WORLDLANGUAGES_LANGE	2
TAX_WORLDLANGUAGES_CAJUN	2
TAX_FNCACT_FUNERAL_DIRECTORS	2
WB_1950_AGRICULTURE_TECHNOLOGY	2
TAX_WORLDINSECTS_HONEYBEES	2
TAX_FNCACT_RUMRUNNER	2
TAX_FNCACT_EXECUTIVE_SECRETARY	2
NATURAL_DISASTER_HEATWAVES	2
TAX_FNCACT_STATE_SENATORS	2
WB_1004_SUBSURFACE_DRAINAGE	2
WB_640_POPULATION_AND_DEMOGRAPHIC_CHANGE	2
POPULATION_DENSITY	2
TAX_WORLDLANGUAGES_SWEDISH	2
TAX_WORLDMAMMALS_MANATEE	2
TAX_FNCACT_MEDICAL_WORKER	2
TAX_WORLDLANGUAGES_FLEMISH	2
TAX_WORLDLANGUAGES_PERSIANS	2
TAX_ETHNICITY_PERSIANS	2
NATURAL_DISASTER_WINDSTORM	2
DEFECTION	2
TAX_WORLDLANGUAGES_KOOTENAI	2
TAX_FNCACT_BOXER	2
WB_2386_BROADCASTING_POLICY_AND_STRATEGY	2
TAX_ETHNICITY_GUATEMALAN	2
WB_1518_EDUCATION_REFORM	2
TAX_FNCACT_GROOM	2
TAX_MILITARY_TITLE_REAR_ADM	2
TAX_FNCACT_NONCOMBATANTS	2
TAX_MILITARY_TITLE_COMMUNICATIONS_OFFICER	2
TAX_FNCACT_COMMUNICATIONS_OFFICER	2
TAX_FNCACT_FRANCHISE_OWNER	2
TAX_DISEASE_LYME_DISEASE	2
TAX_FNCACT_CARDIOLOGIST	2
WB_282_ICT_POLICY_REGULATORY_FRAMEWORK_AND_INSTITUTIONS	2
WB_279_ICT_STRATEGY_POLICY_AND_REGULATION	2
TAX_WORLDCRUSTACEANS_LOBSTERS	2
WB_2121_ICT_LICENSING	2
WB_1468_SOCIAL_DEMAND_FOR_EDUCATION	2
TAX_POLITICAL_PARTY_LIBERTARIAN	2
TAX_FNCACT_NAVAL_OFFICERS	2
TAX_FNCACT_HITMAN	2
TAX_WEAPONS_LAND_MINE	2
MANMADE_DISASTER_DOWNED_POWER_LINES	2
TAX_FNCACT_INCUMBENTS	2
ECON_MOU	2
TAX_AGRICULHARMINSECTS_DELIA	2
TAX_FNCACT_CORRECTIONAL_OFFICER	2
TAX_FNCACT_CLOWN	2
TAX_WORLDFISH_HAMLETS	2
WB_2381_SOFTWARE_DEVELOPMENT	2
TAX_AIDGROUPS_TRANSPARENCY_INTERNATIONAL	2
TAX_RELIGION_EASTERN_ORTHODOX	2
TAX_WORLDMAMMALS_ZEBRA	2
TAX_DISEASE_LACERATIONS	2
TAX_FNCACT_PARAPROFESSIONAL	2
WB_1236_COMMERCIAL_BANKING	2
TAX_FNCACT_REPAIRMAN	2
TAX_FNCACT_PROPRIETOR	2
TAX_FNCACT_HUNTSMAN	2
TAX_FNCACT_DISC_JOCKEY	2
TAX_FNCACT_JUSTICE_OF_THE_PEACE	2
TAX_DISEASE_DEHYDRATION	2
TAX_FNCACT_CRAFTSMEN	2
TAX_FNCACT_ELECTRICIANS	2
TAX_WORLDREPTILES_TURTLE	2
TAX_FNCACT_PRIME_MINISTERS	2
TAX_WORLDLANGUAGES_METTA	2
TAX_RELIGION_WESLEYAN_CHURCH	2
TAX_FNCACT_DESK_OFFICERS	2
TAX_FNCACT_CHIEF_INSPECTOR	2
TAX_FNCACT_TRADESMAN	2
TAX_MILITARY_TITLE_CHIEF_INSPECTOR	2
TAX_WORLDLANGUAGES_SLOVAK	2
TAX_DISEASE_CEREBRAL_PALSY	2
TAX_FNCACT_BUSBOY	2
TAX_AIDGROUPS_HANNS_SEIDEL_FOUNDATION	2
TAX_FNCACT_AID_WORKER	2
TAX_FNCACT_POLICE_COMMISSIONER	2
TAX_FNCACT_CONSCRIPTS	2
TAX_FNCACT_WAGE_EARNERS	2
NATURAL_DISASTER_LEVEE_FAILURE	2
TAX_FNCACT_GROCER	2
TAX_WORLDREPTILES_SEA_TURTLES	2
TAX_FNCACT_SELECTMAN	2
TAX_FNCACT_PROBATION_OFFICER	2
TAX_WORLDBIRDS_BLUEBIRD	2
TAX_RELIGION_CHRISTIAN_BROTHERS	2
TAX_FNCACT_VILLAGERS	2
HUMAN_RIGHTS_ABUSES_SUMMARILY_EXECUTE	2
GOV_STATE_FAILURE	2
SELF_IDENTIFIED_ENVIRON_DISASTER	2
TAX_FNCACT_LACKEY	2
TAX_TERROR_GROUP_SONS_OF_IRAQ	2
TAX_WORLDLANGUAGES_GYPSY	2
TAX_FNCACT_FORTUNETELLER	2
TAX_FNCACT_WATERBOY	2
TAX_WORLDLANGUAGES_CORNISH	2
TAX_TERROR_GROUP_PEOPLE_DEFENSE_FORCES	2
TAX_WORLDINSECTS_DELIA	2
TAX_FNCACT_LAWMAN	2
TAX_FNCACT_PRIVATE_CITIZEN	2
TAX_FNCACT_COMPLIANCE_OFFICER	2
TAX_FNCACT_CMO	2
TAX_FNCACT_MAID	2
NATURAL_DISASTER_INTENSE_RAINFALL	2
TAX_MILITARY_TITLE_SERGENT	2
TAX_FNCACT_PROCONSUL	2
TAX_FNCACT_PEASANT	2
TAX_FNCACT_INTERVIEWER	2
TAX_DISEASE_BINGE_DRINKING	2
UNREST_CLOSINGBORDER	2
MANMADE_DISASTER_STRUCTURAL_FAILURE	2
WB_1423_NEGLECTED_TROPICAL_DISEASES	2
WB_510_POWER_TRANSMISSION	2
WB_3008_NATURE_PARKS	2
TAX_DISEASE_HEAT_STROKE	2
TAX_DISEASE_CHEST_PAIN	2
WB_2098_OUTSOURCING	2
TAX_FNCACT_STORYTELLER	2
TAX_FNCACT_DRUMMER	2
TAX_FOODSTAPLES_OLIVE_OIL	2
TAX_WORLDMAMMALS_PANDA	2
TAX_WORLDMAMMALS_KILLER_WHALES	2
TAX_FNCACT_WELDERS	2
TAX_FNCACT_VILLAGER	2
TAX_FNCACT_GEOGRAPHER	2
WB_481_SECONDARY_EDUCATION	2
TAX_FNCACT_MACHINE_GUNNERS	2
UNGP_AFFORDABLE_NUTRITIOUS_FOOD	2
TAX_FNCACT_WARDENS	2
TAX_WORLDFISH_SKATES	2
WB_814_CITY_SYSTEMS	2
TAX_DISEASE_REMISSION	2
TAX_WORLDINSECTS_MOTHS	2
TAX_AGRICULHARMINSECTS_MOTHS	2
TAX_FNCACT_ASTRONOMER	2
TAX_ETHNICITY_MEND	2
TAX_WEAPONS_FLARE	2
TAX_FNCACT_DELIVERY_MAN	2
TAX_DISEASE_DISEASE_PROGRESSION	2
TAX_WEAPONS_BLACKHAWK_HELICOPTER	2
WB_2914_PESTICIDES	2
WB_1859_CHILD_LABOR	2
MANMADE_DISASTER_VEHICLE_CRASH	2
SOC_POINTSOFINTEREST_PRESCHOOL	2
WB_930_VIOLENCE_PREVENTION	2
EXHUMATION	2
TAX_FNCACT_DRAFTSMAN	2
HUMAN_RIGHTS_ABUSES_SUMMARY_EXECUTION	2
TAX_RELIGION_ORTHODOX_CHRISTIAN	2
TAX_ETHNICITY_ORTHODOX_CHRISTIAN	2
TAX_FNCACT_INVESTMENT_BANKER	2
TAX_FNCACT_SALES_AGENT	2
TAX_FNCACT_WATCHMAKER	2
TAX_FNCACT_SALESPERSON	2
TAX_FNCACT_CAMPAIGNER	2
TAX_PLANTDISEASE_VIRAL_DISEASE	2
TAX_FNCACT_ADVERTISER	2
TAX_DISEASE_VIRAL_DISEASE	2
TAX_CHRONICDISEASE_ASTHMA	2
TAX_DISEASE_ASTHMA	2
WB_1882_CONTRACT_MANAGEMENT	2
TAX_FNCACT_GROUPIE	2
TAX_FNCACT_ROADIE	2
TAX_FNCACT_PIPE_FITTER	2
TAX_DISEASE_TOXOCARIASIS	2
TAX_DISEASE_CAMPYLOBACTERIOSIS	2
SOC_SUSPICIOUSACTIVITY	2
TAX_WORLDLANGUAGES_MANDAL	2
WB_511_COAL_FIRED_POWER	2
MOVEMENT_WOMENS	2
TAX_ETHNICITY_ZULU	2
TAX_FNCACT_GARDENER	2
TAX_FNCACT_PUBLIC_DEFENDERS	2
TAX_FNCACT_DRAFTEE	2
WB_2349_CREATIVE_COMMONS_LICENSING	2
WB_1081_FINANCE_AND_GROWTH	2
TAX_WORLDLANGUAGES_FARSI	2
TAX_RELIGION_NEW_APOSTOLIC	2
EPU_POLICY_INTEREST_RATE	2
TAX_WEAPONS_AIR_DEFENSE_SYSTEM	2
TAX_TERROR_GROUP_PEOPLE_MUJAHEDIN_OF_IRAN	2
SLFID_MILITARY_BUILDUP	2
TAX_TERROR_GROUP_MUJAHEDIN	2
TAX_DISEASE_ISCHEMIA	2
TAX_WORLDLANGUAGES_BRETON	2
WB_744_SOCIAL_ANALYSIS	2
WB_836_POLITICAL_ECONOMY_OF_REFORM	2
SLFID_ECONOMIC_POWER	2
WB_848_LABOR_AND_EMPLOYMENT_LAWS_AND_REGULATIONS	2
TAX_FNCACT_WILDLIFE_BIOLOGIST	2
TAX_FNCACT_FOREMAN	2
TAX_FNCACT_BUSINESS_EXECUTIVE	2
TAX_DISEASE_TOXIC_ALGAE	2
TAX_FNCACT_SYSTEMS_ANALYST	2
TAX_AIDGROUPS_SAMARITAN_PURSE	2
SLFID_CIVIL_LIBERTIES	2
PIRACY	2
WB_1513_EDUCATION_POLICY_AND_PLANNING	2
TAX_FNCACT_MARSHALLS	2
TAX_WORLDMAMMALS_LEOPARD	2
TAX_TERROR_GROUP_NATIONAL_COUNCIL_OF_RESISTANCE_OF	2
MANMADE_DISASTER_DAM_FAILURE	2
TAX_FNCACT_WOODSMEN	2
NATURAL_DISASTER_DAM_FAILURE	2
TAX_WORLDMAMMALS_GOAT	2
TAX_FNCACT_PRINCES	2
TAX_WORLDLANGUAGES_ZEDONG	2
WB_863_FDI_SPILLOVERS	2
TAX_WEAPONS_APACHE_HELICOPTER	2
TAX_FNCACT_EQUESTRIAN	2
TAX_TERROR_GROUP_ARMY_OF_THE_REPUBLIC_OF	2
TAX_FNCACT_EXILES	2
TAX_FNCACT_BOUNTY_HUNTER	2
WB_1636_DISABILITY_ALLOWANCE	2
TAX_FNCACT_PIRATES	2
TAX_FNCACT_COORDINATORS	2
TAX_WORLDLANGUAGES_KOLOMBANGARA	2
SOC_POINTSOFINTEREST_FORWARD_OPERATING_BASES	2
TAX_FNCACT_VICAR	2
TAX_FNCACT_DIRECTOR_OF_RESEARCH	2
TAX_FNCACT_GRAPHIC_DESIGNER	2
TAX_RELIGION_AFRICAN_METHODIST_EPISCOPAL	2
WB_1447_GERIATRICS	2
TAX_WORLDMAMMALS_SABLE	2
WB_1818_ROAD_TOLLS	2
WB_1670_TRADE_UNIONS	2
ENV_CARBONCAPTURE	2
TAX_DISEASE_MULTIPLE_ORGAN_FAILURE	2
TAX_FNCACT_CHEMIST	2
WB_2798_PART_TIME_WORK	2
TAX_WORLDMAMMALS_BOBCAT	2
WB_2794_EMPLOYMENT_RELATIONSHIP	2
NATURAL_DISASTER_SNOWSTORM	2
WB_341_INVESTMENT_FUNDS	2
SOC_REFUGEECAMP	2
TAX_WORLDLANGUAGES_SANTIAM	2
TAX_WEAPONS_GUNSHIP	2
SOC_POINTSOFINTEREST_REFUGEE_CAMPS	2
HUMAN_RIGHTS_ABUSES_TORTURING	2
WB_2789_LABOR_CONTRACTS	2
MANMADE_DISASTER_KNOCKED_OUT_POWER	2
TAX_FNCACT_CAVALRYMEN	2
MANMADE_DISASTER_POWER_WAS_RESTORED	2
TAX_WORLDMAMMALS_WATER_BUFFALO	2
TAX_WORLDBIRDS_SANDHILL_CRANES	2
WB_2383_SYSTEM_INTEGRATION	2
TAX_FNCACT_UNIONISTS	1
TAX_FNCACT_TRADE_UNIONISTS	1
TAX_RELIGION_SYNAGOGUES	1
TAX_FNCACT_PRIESTS	1
WB_2941_PEOPLESOFT	1
TAX_FNCACT_ILLUSTRATOR	1
TAX_DISEASE_SEXUAL_DYSFUNCTION	1
TAX_FNCACT_NOTARY	1
TAX_ETHNICITY_BELGIANS	1
TAX_FNCACT_GOVERNMENT_AGENT	1
TAX_FNCACT_PARAMEDICS	1
MANMADE_DISASTER_POWER_FAILURES	1
TAX_FNCACT_MEDICAL_WORKERS	1
TAX_DISEASE_URINARY_INCONTINENCE	1
TAX_FNCACT_GEOPHYSICIST	1
WB_357_CREDIT_REPORTING	1
TAX_WORLDMAMMALS_MEADOW_JUMPING_MOUSE	1
TAX_WORLDLANGUAGES_BOGUE	1
TAX_DISEASE_UNDIAGNOSED	1
TAX_DISEASE_MEMORY_DISORDERS	1
TAX_DISEASE_MOVEMENT_DISORDERS	1
ECON_NATIONALIZE	1
TAX_WORLDBIRDS_YELLOWBILLED_CUCKOO	1
WB_350_FINANCIAL_INFRASTRUCTURE_AND_REMITTANCES	1
TAX_FNCACT_POINT_MAN	1
TAX_WORLDLANGUAGES_BENZING	1
TAX_FNCACT_CARTOONIST	1
TAX_DISEASE_MEASLES	1
TAX_WORLDLANGUAGES_MUNDA	1
TAX_WORLDLANGUAGES_KURTIS	1
TAX_FNCACT_HOME_HEALTH_AIDE	1
TAX_DISEASE_DEVELOPMENTAL_DISABILITIES	1
TAX_FNCACT_MAILMAN	1
TAX_FNCACT_REGISTRAR	1
NATURAL_DISASTER_FREEZING_TEMPERATURES	1
WB_1510_SCHOOL_ADMINISTRATION	1
TAX_ETHNICITY_MUNDA	1
WB_857_LIFE_SKILLS	1
TAX_TERROR_GROUP_REVOLUTIONARY_ARMY	1
TAX_DISEASE_PULMONARY_FIBROSIS	1
TAX_FNCACT_MARSHALS	1
WB_2144_SCHOOL_DIRECTORS	1
TAX_DISEASE_COMMON_COLD	1
TAX_FNCACT_TAX_COLLECTOR	1
TAX_FNCACT_DRY_CLEANERS	1
TAX_FNCACT_LOGISTICIAN	1
TAX_DISEASE_STREP	1
TAX_FNCACT_ACOLYTES	1
TAX_WORLDLANGUAGES_PYGMIES	1
TAX_FNCACT_WRANGLERS	1
TAX_FNCACT_BUCK_PRIVATE	1
TAX_WORLDLANGUAGES_POLARIS	1
TAX_FNCACT_AEROSPACE_ENGINEER	1
TAX_FNCACT_DAIRY_FARMER	1
TAX_FNCACT_FUNERAL_DIRECTOR	1
TAX_WORLDARACHNIDS_SCORPIONS	1
TAX_WORLDMAMMALS_GRAY_WOLF	1
ECON_EMERGINGECON	1
TAX_ETHNICITY_NURISTANI	1
TAX_WORLDMAMMALS_BOBCATS	1
TAX_WORLDLANGUAGES_MALPA	1
TAX_WORLDFISH_TOPMINNOW	1
TAX_WORLDLANGUAGES_NURISTANI	1
TAX_WORLDLANGUAGES_OKINAWANS	1
TAX_WORLDLANGUAGES_SIROIS	1
TAX_WORLDMAMMALS_GRAY_WOLVES	1
TAX_POLITICAL_PARTY_DEMOCRAT_PARTY	1
TAX_DISEASE_BODY_WEIGHT	1
UNREST_MOLOTOVCOCKTAIL	1
TAX_FNCACT_HUNTRESS	1
TAX_WORLDINSECTS_WASP	1
TAX_ETHNICITY_MOROCCAN	1
TAX_WORLDLANGUAGES_ARAPAHO	1
WB_2046_CAREER_MANAGEMENT	1
TAX_ETHNICITY_OKINAWANS	1
TAX_WORLDLANGUAGES_BIALI	1
TAX_FNCACT_DECKHANDS	1
TAX_WORLDMAMMALS_GREEN_MONKEY	1
TAX_FNCACT_LIFEGUARD	1
TAX_FNCACT_HOUSE_SERVANT	1
TAX_TERROR_GROUP_MAU_MAU	1
TAX_DISEASE_HEARTBURN	1
NATURAL_DISASTER_POWERFUL_STORMS	1
SLUMS	1
TAX_FNCACT_FINANCIAL_PLANNER	1
TAX_FNCACT_SALES_REPRESENTATIVE	1
WB_655_INFORMATION_MANAGEMENT	1
TAX_WEAPONS_MOLOTOV_COCKTAILS	1
TAX_POLITICAL_PARTY_MUSLIM_BROTHERHOOD	1
TAX_FNCACT_BIOCHEMIST	1
NATURAL_DISASTER_STORM_SYSTEM	1
TAX_WORLDLANGUAGES_SCOTS	1
TAX_FNCACT_HOUSEWIFE	1
TAX_FNCACT_RAILROAD_MAN	1
TAX_TERROR_GROUP_MUSLIM_BROTHERHOOD	1
TAX_DISEASE_BACK_PAIN	1
TAX_RELIGION_EPISCOPALIANS	1
TAX_WORLDMAMMALS_WHITETAILED_DEER	1
TAX_FOODSTAPLES_CEREAL	1
TAX_RELIGION_MENNONITE	1
TAX_WORLDREPTILES_GILA_MONSTERS	1
TAX_DISEASE_MIDDLE_EAST_RESPIRATORY_SYNDROME	1
TAX_WORLDREPTILES_RATTLESNAKES	1
TAX_TERROR_GROUP_RESISTANCE_MOVEMENT	1
TAX_ETHNICITY_ARAPAHO	1
TAX_WORLDBIRDS_REDCOCKADED_WOODPECKER	1
TAX_FNCACT_COLLECTIVIST	1
TAX_WORLDLANGUAGES_SKOKOMISH	1
TAX_WORLDLANGUAGES_MONGOLIAN	1
TAX_DISEASE_GROUP_B	1
TAX_WORLDLANGUAGES_CAGAYAN	1
TAX_FNCACT_CHIEF_DATA_OFFICER	1
TAX_DISEASE_CHILLS	1
TAX_FNCACT_REVERENDS	1
TAX_DISEASE_FIBROSIS	1
WB_1889_PROCUREMENT_PLANNING	1
TAX_WORLDLANGUAGES_TUSCARORA	1
TAX_FNCACT_WIZARD	1
TAX_WORLDLANGUAGES_CATAWBA	1
TAX_WORLDLANGUAGES_TUCANO	1
WB_2147_EDUCATION_RESEARCH_AND_DEVELOPMENT	1
TAX_WORLDFISH_POMPANO	1
TAX_FNCACT_HYGIENIST	1
TAX_FNCACT_FORECASTER	1
TAX_WORLDBIRDS_GOLDFINCHES	1
TAX_ETHNICITY_ARI	1
WB_1490_PRIVATE_EDUCATION	1
WB_498_EDUCATION_FINANCE	1
TAX_FNCACT_DENTAL_HYGIENIST	1
TAX_ETHNICITY_ZULUS	1
TAX_FNCACT_CINEMATOGRAPHER	1
TAX_FNCACT_ENGRAVERS	1
TAX_FNCACT_LEADING_AUTHORITY	1
TAX_FNCACT_LETTER_CARRIER	1
TAX_DISEASE_TONIC	1
TAX_FNCACT_QUARTERMASTERS	1
TAX_FNCACT_ANNOUNCER	1
TAX_ETHNICITY_HOUTHI	1
TAX_DISEASE_CONSTIPATION	1
TAX_FNCACT_GOVERNESSES	1
TAX_DISEASE_INDIGESTION	1
TAX_FNCACT_OCCUPIER	1
TAX_WORLDFISH_STICKLEBACK	1
TAX_WORLDREPTILES_ALLIGATOR	1
ECON_BOYCOTT	1
TAX_FNCACT_DUCHESS	1
TAX_WORLDLANGUAGES_POTAWATOMI	1
TAX_RELIGION_BAPTISTS	1
TAX_FNCACT_MOVERS	1
TAX_WORLDLANGUAGES_MUNDO	1
TAX_FNCACT_STALKER	1
TAX_FNCACT_TRUCKERS	1
TAX_FNCACT_WAITER	1
ECON_BITCOIN	1
TAX_FNCACT_ACCOUNTANTS	1
TAX_FNCACT_SLAUGHTERER	1
TAX_ETHNICITY_CREOLE	1
TAX_FNCACT_STRIPPER	1
TAX_FNCACT_WAITERS	1
TAX_DISEASE_STAMMERING	1
TAX_FNCACT_APOTHECARY	1
TAX_FNCACT_AIR_TRAFFIC_CONTROLLER	1
TAX_WORLDBIRDS_SANDHILL_CRANE	1
TAX_RELIGION_ASSEMBLY_OF_GOD	1
TAX_WORLDBIRDS_WOOD_STORKS	1
WB_2405_PEER_TO_PEER_NETWORKS	1
TAX_FNCACT_REPAIRERS	1
TAX_DISEASE_HEAD_INJURIES	1
TAX_WORLDLANGUAGES_SELKIRK	1
TAX_FNCACT_CHIEF_SECURITY_OFFICER	1
TAX_FNCACT_EXCAVATORS	1
TAX_WORLDCRUSTACEANS_CRUSTACEANS	1
TAX_WORLDLANGUAGES_WARM_SPRINGS	1
WB_1852_BLACK_CARBON	1
TAX_FNCACT_THERAPISTS	1
TAX_WORLDFISH_SHEEPSHEAD	1
TAX_FNCACT_ROOFER	1
WB_1102_ADMINISTRATIVE_LAW	1
TAX_ETHNICITY_POLYNESIANS	1
TAX_WEAPONS_SUICIDE_BOMBERS	1
TAX_AIDGROUPS_UNITED_STATES_AGENCY_FOR_INTERNATIONAL	1
TAX_WORLDFISH_TIGER_SHARK	1
WB_1327_COMMUNITY_BASED_INTERVENTIONS_IN_HEALTH	1
ECON_DEVELOPMENTORGS_UNITED_STATES_AGENCY_FOR_INTERNATIONAL	1
TAX_FNCACT_PARALEGALS	1
TAX_ETHNICITY_WASHOE	1
WB_2946_OPEN_SOURCE	1
TAX_WORLDMAMMALS_WILDCATS	1
MANMADE_DISASTER_AIRPLANE_CRASH	1
WB_1648_SICK_LEAVE	1
TAX_WORLDLANGUAGES_WASHOE	1
TAX_FNCACT_NONCOMBATANT	1
TAX_WORLDLANGUAGES_ONJOB	1
TAX_DISEASE_PANDEMIC_INFLUENZA	1
WB_494_EDUCATION_AND_ICT	1
TAX_WORLDMAMMALS_RATS	1
TAX_FNCACT_SILVERSMITH	1
TAX_FNCACT_TRADER	1
TAX_DISEASE_MYELOMA	1
WB_1676_EARLY_RETIREMENT	1
TAX_FNCACT_LIEUTENANT_COLONELS	1
TAX_TERROR_GROUP_KATAIB_HEZBOLLAH	1
TAX_FNCACT_CROWN_PRINCE	1
TAX_WORLDLANGUAGES_ARMENIANS	1
TAX_ETHNICITY_ARMENIANS	1
TAX_POLITICAL_PARTY_CONSERVATIVE_PARTY	1
TAX_WORLDLANGUAGES_MANUS	1
TAX_RELIGION_BUDDHISM	1
TAX_FNCACT_TALENT_AGENT	1
SOC_POINTSOFINTEREST_GOVERNMENT_BUILDINGS	1
TAX_POLITICAL_PARTY_NATIONAL_LIBERATION_FRONT	1
TAX_WORLDLANGUAGES_HEBREWS	1
TAX_DISEASE_MULTIPLE_MYELOMA	1
TAX_FNCACT_SECRET_SERVICE_AGENT	1
TAX_FNCACT_MANIPULATOR	1
WB_668_BUSINESS_CONTINUITY	1
NATURAL_DISASTER_DROWNS	1
TAX_FNCACT_FLEET_ADMIRAL	1
TAX_FNCACT_MARQUISE	1
TAX_ETHNICITY_NEW_ZEALANDERS	1
TAX_FNCACT_SMUGGLER	1
TAX_ETHNICITY_MELANESIAN	1
TAX_WORLDFISH_GRUNION	1
NATURAL_DISASTER_TIDAL_WAVE	1
TAX_FNCACT_POLITICAL_SCIENTIST	1
TAX_FNCACT_MODERATORS	1
TAX_FNCACT_FIRST_LIEUTENANTS	1
TAX_DISEASE_PULMONARY_DISEASE	1
TAX_FNCACT_MINERS	1
TAX_TERROR_GROUP_NATIONAL_LIBERATION_FRONT	1
TAX_ETHNICITY_INDOCHINESE	1
TAX_ETHNICITY_SWEDE	1
TAX_FNCACT_CONCIERGE	1
TAX_DISEASE_BIRD_FLU	1
TAX_WORLDLANGUAGES_SLAVIC	1
TAX_ETHNICITY_SLAVIC	1
TAX_ETHNICITY_SERBS	1
NATURAL_DISASTER_MUDSLIDE	1
NATURAL_DISASTER_TYPHOON	1
TAX_DISEASE_SYSTEMIC_INFLAMMATORY_RESPONSE_SYNDROME	1
MANMADE_DISASTER_FIRE_TRUCKS	1
WB_1156_MONITORING_AND_EVALUATION_SYSTEMS	1
TAX_FNCACT_LAUNDRESS	1
TAX_WORLDLANGUAGES_MORIGI	1
NATURAL_DISASTER_AVALANCHE	1
TAX_DISEASE_MYASTHENIA_GRAVIS	1
TAX_WORLDMAMMALS_TERRIER	1
TAX_DISEASE_MYASTHENIA	1
TAX_DISEASE_SWINE_FLU	1
LOCUSTS	1
TAX_FNCACT_JURIST	1
TAX_FNCACT_FINANCIER	1
TAX_MILITARY_TITLE_SQUADRON_LEADER	1
TAX_FNCACT_SQUADRON_LEADER	1
TAX_FNCACT_POLITICAL_LEADER	1
TAX_FNCACT_FIREMAN	1
TAX_FNCACT_PHLEBOTOMIST	1
TAX_FNCACT_CONSULS	1
TAX_WEAPONS_EXPLOSIVELY_FORMED_PROJECTILE	1
NATURAL_DISASTER_LOCUSTS	1
TAX_FNCACT_CARTOGRAPHER	1
WB_2489_POPULATION_DISPLACEMENT	1
NATURAL_DISASTER_FOREST_FIRE	1
TAX_WORLDLANGUAGES_SALAS	1
TAX_AGRICULHARMINSECTS_LOCUSTS	1
TAX_WORLDINSECTS_LOCUSTS	1
TAX_WORLDLANGUAGES_CREOLE	1
TAX_WORLDBIRDS_GEESE	1
TAX_ETHNICITY_POLYNESIAN	1
TAX_AIDGROUPS_GEEKS_WITHOUT_BOUNDS	1
MANMADE_DISASTER_TRAFFIC_ACCIDENT	1
TAX_WORLDFISH_MINNOWS	1
TAX_RELIGION_CHURCH_OF_ENGLAND	1
TAX_ETHNICITY_BENGALI	1
TAX_WORLDLANGUAGES_BENGALI	1
SOC_POINTSOFINTEREST_AIR_FORCE_BASES	1
TAX_WEAPONS_MINESWEEPERS	1
WB_2384_APPLICATION_PROGRAMMING_INTERFACES	1
TAX_TERROR_GROUP_PEOPLE_DEFENSE_FORCE	1
TAX_WORLDLANGUAGES_ARUSHA	1
WB_2743_PREVAILING_WAGES	1
TAX_WORLDREPTILES_SEA_TURTLE	1
WB_2127_EDUCATION_ACCESS_AND_EQUITY	1
TAX_FNCACT_FACTORY_WORKERS	1
WB_1292_PRIVATE_HEALTH_INSURANCE	1
TAX_WORLDFISH_FISHES	1
TAX_FNCACT_BUREAUCRAT	1
TAX_WORLDCRUSTACEANS_CRABS	1
TAX_WORLDLANGUAGES_PITTI	1
TAX_FNCACT_POSTAL_WORKER	1
TAX_WORLDLANGUAGES_PALMA	1
WB_289_TELECOMMUNICATIONS_LAW_AND_REGULATION	1
TAX_DISEASE_ABDOMINAL_PAIN	1
TAX_WORLDBIRDS_GOLDEN_EAGLES	1
TAX_WORLDBIRDS_WILD_TURKEYS	1
TAX_FNCACT_CHIEFTAIN	1
TAX_TERROR_GROUP_GUARDIANS_OF_THE_ISLAMIC_REVOLUTION	1
SOC_FORCEDRELOCATION	1
TAX_FNCACT_MATHEMATICIANS	1
TAX_DISEASE_VENTRICULAR_TACHYCARDIA	1
TAX_DISEASE_ANKLE_INJURIES	1
WB_1425_FUNGUS_INFECTIONS	1
TAX_WORLDFISH_CUTTHROAT_TROUT	1
TAX_WORLDBIRDS_CUTTHROAT	1
TAX_WORLDFISH_DACE	1
TAX_WORLDBIRDS_SEAGULLS	1
TAX_FNCACT_SIGNERS	1
TAX_FNCACT_SUPERMAN	1
TAX_TERROR_GROUP_ISLAMIC_MOVEMENT_OF_UZBEKISTAN	1
TAX_WORLDLANGUAGES_NATCHEZ	1
TAX_FNCACT_TASKMASTER	1
WB_613_DISASTER_RISK_FINANCING_AND_INSURANCE	1
WB_2389_RADIO_BROADCASTING	1
TAX_WORLDFISH_GOLDFISH	1
TAX_FNCACT_SOUNDMEN	1
TAX_WORLDLANGUAGES_FLORIDA_ISLAND	1
TAX_WORLDMAMMALS_MANATEES	1
TAX_FNCACT_OILMAN	1
DISCRIMINATION_LGBT_HOMOPHOBIA	1
TAX_WORLDLANGUAGES_BENIN	1
TAX_FNCACT_SCHOOL_SUPERINTENDENT	1
TAX_FNCACT_AERONAUTICAL_ENGINEER	1
TAX_FNCACT_CANNON_FODDER	1
TAX_WORLDMAMMALS_SQUIRRELS	1
ECON_TRANSPORT_COST	1
TAX_DISEASE_SKIN_CANCER	1
TAX_ETHNICITY_PROTESTANTS	1
TAX_AIDGROUPS_UNICEF	1
TAX_AIDGROUPS_HABITAT_FOR_HUMANITY	1
TAX_FNCACT_POLICEWOMAN	1
TAX_FNCACT_ARCHDUKE	1
TAX_FNCACT_MACHINE_GUNNER	1
TAX_FNCACT_ARMORER	1
TAX_WORLDMAMMALS_WOLVERINE	1
TAX_WORLDLANGUAGES_PINYIN	1
TAX_FNCACT_TAXI_DRIVER	1
TAX_WORLDLANGUAGES_SANGHO	1
TAX_FNCACT_FEDERAL_AGENT	1
TAX_DISEASE_MENTALLY_ILL	1
TAX_FNCACT_FILM_DIRECTOR	1
TAX_FNCACT_BUS_DRIVER	1
NATURAL_DISASTER_HEAVY_SNOWFALL	1
TAX_TERROR_GROUP_WHITE_ARYAN_RESISTANCE	1
TAX_TERROR_GROUP_WHITE_PATRIOT_PARTY	1
TAX_FNCACT_SHARECROPPERS	1
TAX_RELIGION_ORTHODOXY	1
TAX_WORLDMAMMALS_WHALE	1
WB_1988_HYDROPOWER_TECHNOLOGIES	1
WB_1992_WAVE_POWER	1
TAX_WORLDFISH_PACIFIC_SALMON	1
TAX_DISEASE_KIDNEY_FAILURE	1
TAX_WORLDFISH_ALEWIFE	1
TAX_WORLDLANGUAGES_BIRGIT	1
TAX_FNCACT_CORPORATE_EXECUTIVES	1
TAX_WORLDMAMMALS_WEASELS	1
TAX_DISEASE_POSTOPERATIVE_COMPLICATIONS	1
TAX_RELIGION_PROTESTANTS	1
WB_2301_PRODUCTION_WELLS	1
WB_2180_MUTUAL_FUNDS	1
TAX_ECON_FREETRADEAGREEMENTS_NORTH_AMERICAN_FREE_TRADE_AGREEMENT	1
TAX_WEAPONS_GUNSHIPS	1
SOC_POINTSOFINTEREST_COAST_GUARD_BASE	1
TAX_DISEASE_PREMATURE_BIRTH	1
WB_1454_EMERGENCY_OBSTETRIC_CARE	1
TAX_DISEASE_LUNG_INJURY	1
TAX_DISEASE_LYMPHOBLASTIC_LEUKEMIA	1
TAX_DISEASE_LYMPHOMA	1
TAX_DISEASE_ACUTE_LYMPHOBLASTIC_LEUKEMIA	1
TAX_WORLDLANGUAGES_TRS	1
WB_2204_IN_MIGRATION	1
WB_1698_COAL_MINING	1
TAX_FNCACT_SQUIRE	1
TAX_FNCACT_COWGIRLS	1
TAX_FNCACT_COMMUNITY_ORGANIZER	1
WB_867_CITIES_AND_CONFLICT	1
WB_2969_SOCIAL_CONFLICT	1
WB_1651_INTERMEDIATION	1
TAX_WORLDLANGUAGES_CLALLAM	1
TAX_RELIGION_LUTHERANS	1
TAX_FNCACT_ENVOY_EXTRAORDINARY	1
TAX_DISEASE_TACHYCARDIA	1
TAX_DISEASE_TETANUS	1
TAX_FNCACT_HAWKER	1
ECON_GOLDPRICE	1
TAX_FNCACT_WORKING_PERSON	1
WB_588_CONSERVATION_FINANCE	1
WB_589_ECOTOURISM	1
TAX_FOODSTAPLES_SWEET_POTATO	1
TAX_FNCACT_PEASANTS	1
TAX_FNCACT_AIDEDE_CAMP	1
TAX_FNCACT_FULL_GENERAL	1
TAX_DISEASE_GANGRENE	1
TAX_FNCACT_MARQUIS	1
TAX_DISEASE_HYPERTENSION	1
TAX_DISEASE_KIDNEY_DISEASE	1
TAX_FNCACT_PROPERTY_MANAGER	1
TAX_FNCACT_MILITARY_GOVERNOR	1
TAX_POLITICAL_PARTY_NATIONAL_UNION_PARTY	1
TAX_WORLDMAMMALS_DOLPHINS	1
SOC_SUSPICIOUSACTIVITIES	1
TAX_DISEASE_ZIKA_VIRUS_INFECTION	1
TAX_DISEASE_MENTAL_RETARDATION	1
TAX_DISEASE_MICROCEPHALY	1
TAX_WORLDLANGUAGES_NIHAN	1
WB_150_WASTEWATER_REUSE	1
WB_1009_AGRICULTURE_EXTENSION	1
TAX_WEAPONS_GUNBOAT	1
TAX_WEAPONS_GUNBOATS	1
TAX_FNCACT_NURSING_AIDES	1
WB_3009_CULTURAL_SERVICES	1
WB_597_ECOSYSTEM_SERVICES	1
TAX_FNCACT_MESSENGERS	1
TAX_ETHNICITY_UKRANIANS	1
TAX_WORLDMAMMALS_SKUNK	1
TAX_WORLDLANGUAGES_LUMBEE	1
TAX_WORLDLANGUAGES_CHUKCHANSI	1
TAX_FNCACT_LEGAL_ASSISTANT	1
TAX_FNCACT_LANDLORD	1
TAX_DISEASE_CHRONIC_PAIN	1
TAX_FNCACT_LANDLORDS	1
TAX_WORLDLANGUAGES_CORINA	1
TAX_FNCACT_TOOLMAKER	1
SOC_POINTSOFINTEREST_MIDDLE_SCHOOLS	1
WB_1049_INLAND_AQUACULTURE	1
NATURAL_DISASTER_HEAVY_WINDS	1
SOC_POINTSOFINTEREST_ARMY_BASES	1
TAX_FNCACT_YEOMAN	1
TAX_FNCACT_BALLOONIST	1
TAX_WORLDMAMMALS_MOOSE	1
TAX_FNCACT_NIGHT_WATCHMAN	1
TAX_FNCACT_WATCHMAN	1
TAX_FNCACT_CHARGE_DAFFAIRES	1
TAX_AIDGROUPS_AMNESTY_INTERNATIONAL	1
GENTRIFICATION	1
TAX_FNCACT_STRINGER	1
TAX_FNCACT_SHAMANS	1
TAX_DISEASE_MIGRAINE	1
TAX_ETHNICITY_KENYANS	1
TAX_WORLDLANGUAGES_NJUGUNA	1
TAX_FNCACT_AGRONOMIST	1
TAX_WORLDFISH_HAMLET	1
WB_322_DEPOSIT_INSURANCE	1
TAX_FNCACT_PAINTER	1
TAX_FNCACT_PHYSICIST	1
TAX_DISEASE_LISTERIA	1
TAX_FNCACT_UNION_MEMBERS	1
TAX_DISEASE_WEIGHT_LOSS	1
TAX_FNCACT_CULPRIT	1
TAX_FNCACT_FREELANCER	1
NATURAL_DISASTER_ERUPTIONS	1
NATURAL_DISASTER_DAM_BREAKS	1
WB_2382_AGILE_SOFTWARE_DEVELOPMENT	1
TAX_FNCACT_GARDENERS	1
TAX_FNCACT_PATHOLOGIST	1
TAX_FNCACT_EXECUTIVE_CHEF	1
TAX_FNCACT_CLARINETIST	1
TAX_FNCACT_DELIVERY_BOY	1
TAX_WORLDLANGUAGES_POWHATAN	1
TAX_WEAPONS_MINESWEEPER	1
WB_2306_ENVIRONMENTAL_IMPACT_ASSESSEMENT	1
TAX_AIDGROUPS_CLIMATE_ACTION_NETWORK	1
TAX_FNCACT_TRADERS	1
TAX_FNCACT_ARCHER	1
WB_1702_OILFIELD_SERVICES	1
ECON_NATGASPRICE	1
TAX_FNCACT_UROLOGIST	1
SOC_POINTSOFINTEREST_GOVERNMENT_BUILDING	1
TAX_FNCACT_MASTER_SERGEANTS	1
TAX_WORLDMAMMALS_GUINEA_PIGS	1
WB_1396_HEALTH_PROVIDER_NETWORKS	1
TAX_WORLDLANGUAGES_KOYUKON	1
TAX_FNCACT_NEWSPAPER_REPORTER	1
TAX_DISEASE_ALLERGIC	1
WB_1453_CONTRACEPTIVES	1
WB_2926_DAY_CARE_CENTERS	1
WB_1587_DIRECT_SERVICES_TO_CHILDREN	1
SOC_POINTSOFINTEREST_PRESCHOOLS	1
TAX_FNCACT_WORKING_MEN	1
TAX_FNCACT_UNION_MEMBER	1
TAX_WORLDFISH_DAB	1
TAX_FNCACT_VIGILANTES	1
TAX_ETHNICITY_PUNJABI	1
TAX_TERROR_GROUP_PHINEAS_PRIESTHOOD	1
TAX_FNCACT_LONGSHOREMAN	1
TAX_RELIGION_UKRAINIAN_ORTHODOX_CHURCH	1
TAX_WORLDLANGUAGES_PUNJABI	1
TAX_WORLDLANGUAGES_ASSINIBOINE	1
TAX_FNCACT_GOLDSMITH	1
TAX_DISEASE_ANOREXIA_NERVOSA	1
TAX_DISEASE_ANOREXIA	1
TAX_TERROR_GROUP_SYMBIONESE_LIBERATION_ARMY	1
TAX_FNCACT_PARAMILITARY_FORCE	1
TAX_WEAPONS_APACHE_HELICOPTERS	1
TAX_FNCACT_DENTAL_TECHNICIAN	1
WB_2940_TUNGSTEN	1
TAX_WORLDLANGUAGES_ARIANA	1
TAX_ETHNICITY_BULGARIAN	1
TAX_WORLDREPTILES_GOPHER_TORTOISE	1
TAX_WORLDFISH_GRUNT	1
TAX_FNCACT_CHAIRMEN	1
TAX_FNCACT_CHEVALIER	1
TAX_FNCACT_GRENADIER	1
TAX_WORLDFISH_GRENADIER	1
TAX_FNCACT_SALESWOMAN	1
ECON_DEVELOPMENTORGS_WORLD_BANK	1
TAX_WORLDLANGUAGES_ARAKANESE	1
TAX_DISEASE_FOOD_POISONING	1
WB_2988_FOOD_POISONING	1
WB_1054_FOOD_BORNE_DISEASES	1
TAX_FNCACT_HERDSMEN	1
TAX_ETHNICITY_CHAMORRO	1
TAX_WORLDLANGUAGES_CHAMORRO	1
TAX_DISEASE_DYSENTERY	1
TAX_WORLDMAMMALS_WILD_BOAR	1
TAX_ETHNICITY_BLACKNESS	1
TAX_FNCACT_DEPUTY_SHERIFF	1
WB_2600_PERFORMANCE_METRICS	1
INTERNET_CENSORSHIP	1
TAX_FNCACT_CENSORS	1
TAX_RELIGION_HINDU	1
TAX_ETHNICITY_HINDU	1
SOC_MASSMIGRATION	1
TAX_WORLDREPTILES_TORTOISE	1
TAX_FNCACT_DEVELOPMENTAL_PSYCHOLOGIST	1
TAX_FNCACT_VIGILANTE	1
TAX_FNCACT_BRANCH_MANAGER	1
TAX_DISEASE_SHORTSIGHTEDNESS	1
ELECTION_FRAUD	1
TAX_FNCACT_POLICEMEN	1
TAX_FNCACT_TAXIDERMIST	1
MANMADE_DISASTER_AVIATION_ACCIDENT	1
TAX_WORLDFISH_SKATE	1
TAX_WORLDFISH_BANJO	1
TAX_ETHNICITY_COLOMBIANS	1
TAX_TERROR_GROUP_FUERZAS_ARMADAS_REVOLUCIONARIAS	1
TAX_FNCACT_CHIEF_OPERATING_OFFICERS	1
MANMADE_DISASTER_DEADLY_ACCIDENT	1
NATURAL_DISASTER_TSUNAMI	1
TAX_FNCACT_PHILOSOPHER	1
TAX_FNCACT_BOOKKEEPER	1
TAX_FNCACT_DESK_OFFICER	1
NATURAL_DISASTER_HEAT_WAVES	1
TAX_FNCACT_NAVIGATORS	1
TAX_FNCACT_MASTER_ELECTRICIAN	1
TAX_WORLDMAMMALS_GOATS	1
TAX_WORLDFISH_RAINBOW_TROUT	1
TAX_WORLDLANGUAGES_BAS	1
TAX_WORLDLANGUAGES_FINNISH	1
TAX_WORLDLANGUAGES_PANKO	1
TAX_WORLDINSECTS_BEES	1
TAX_WORLDBIRDS_WOOD_STORK	1
TAX_WORLDBIRDS_GREAT_BLUE_HERON	1
TAX_FNCACT_OFFICEHOLDERS	1
WB_2021_INCOME_AND_ASSET_DISCLOSURE	1
TAX_WORLDBIRDS_LEAST_TERN	1
TAX_WORLDBIRDS_PIPING_PLOVER	1
TAX_FNCACT_SWIMMER	1
TAX_WORLDCRUSTACEANS_BARNACLE	1
TAX_WORLDLANGUAGES_ICELANDIC	1
TAX_FOODSTAPLES_YAMS	1
UNREST_STONETHROWING	1
TAX_WORLDCRUSTACEANS_BARNACLES	1
TAX_WORLDLANGUAGES_SHASTA	1
TAX_WORLDFISH_GRUNTS	1
WB_2081_FINANCIAL_DISCLOSURE	1
MANMADE_DISASTER_ENGINE_FAILURE	1
TAX_FNCACT_MOUNTAINEER	1
TAX_FNCACT_COWBOYS	1
TAX_FNCACT_DISPATCHERS	1
TAX_WORLDMAMMALS_KOALA	1
TAX_WORLDMAMMALS_BAIJI	1
TAX_ETHNICITY_CHECHENS	1
TAX_WORLDLANGUAGES_CHECHENS	1
SOC_POINTSOFINTEREST_FIRE_STATIONS	1
WB_2981_DRINKING_WATER_QUALITY_STANDARDS	1
TAX_FNCACT_INFORMATION_SPECIALIST	1
TAX_FNCACT_TYPISTS	1
WB_1136_TRADE_BALANCE	1
TAX_FNCACT_FOREIGN_MINISTERS	1
TAX_WORLDFISH_BLUE_WHITE	1
TAX_DISEASE_STRESS_DISORDERS	1
TAX_FNCACT_PATIENT_ADVOCATE	1
TAX_FNCACT_FELON	1
TAX_FNCACT_VICE_CHANCELLOR	1
MANMADE_DISASTER_BUILDING_COLLAPSE	1
TAX_DISEASE_FRACTURES	1
WB_1935_REGULATORY_ENFORCEMENT	1
TAX_DISEASE_HEART_DEFECT	1
TAX_DISEASE_CONGENITAL	1
TAX_DISEASE_CONGENITAL_HEART_DEFECT	1
WB_197_AGRICULTURAL_RESEARCH	1
WB_1052_FOOD_SAFETY_STANDARDS_AUDITS_AND_CERTIFICATION	1
TAX_DISEASE_MACULAR_DEGENERATION	1
TAX_ETHNICITY_SCANDINAVIAN	1
WB_532_BIOFUELS_ENERGY	1
TAX_ETHNICITY_SALISH	1
TAX_WORLDLANGUAGES_SALISH	1
WB_1781_URBAN_ECOSYSTEMS	1
TAX_FNCACT_MANNEQUINS	1
NATURAL_DISASTER_WEATHER_EMERGENCY	1
TAX_WORLDLANGUAGES_OSAGE	1
TAX_WORLDBIRDS_LOGGERHEAD_SHRIKE	1
WB_2084_BIODIVERSITY	1
TAX_TERROR_GROUP_BLACK_HAWKS	1
TAX_FNCACT_MEDICINE_MAN	1
TAX_FNCACT_CELEBRANT	1
TAX_WORLDLANGUAGES_BULGARIAN	1
TAX_WORLDLANGUAGES_ITALIANS	1
TAX_WORLDMAMMALS_REINDEER	1
TAX_ETHNICITY_ITALIANS	1
TAX_FNCACT_JOURNEYMAN	1
TAX_FNCACT_STRUCTURAL_ENGINEER	1
TAX_WORLDLANGUAGES_YAZIDIS	1
WB_2841_FAMILY_REUNIFICATION	1
TAX_FNCACT_FLORAL_DESIGNER	1
TAX_DISEASE_DIZZINESS	1
WB_2151_CHILD_DEVELOPMENT	1
TAX_FNCACT_MERCENARY	1
TAX_FNCACT_MISSIONARIES	1
WB_1130_STRUCTURAL_POLICY_AND_REFORM	1
TAX_WORLDLANGUAGES_YELLOW_RIVER	1
TAX_ETHNICITY_ZOROASTRIANS	1
TAX_FNCACT_CHIEFTAINS	1
TAX_FNCACT_VIZIER	1
AUSTERITY	1
WB_1074_FISCAL_CONTRACTION	1
WB_1072_FISCAL_POLICY_AND_GROWTH	1
TAX_FNCACT_SHOP_BOYS	1
ECON_WORLDCURRENCIES_EURO	1
TAX_WORLDFISH_SEA_DRAGON	1
TAX_WORLDFISH_SEA_DRAGONS	1
WB_611_PENSION_FUNDS	1
TAX_WORLDFISH_SHINER	1
WB_1461_HEALTHY_LIFESTYLES	1
TAX_FNCACT_SOCIAL_WORKERS	1
SOC_POINTSOFINTEREST_JAILS	1
TAX_FNCACT_BACHELORS	1
TAX_FNCACT_CAB_DRIVER	1
TAX_PLANTDISEASE_BACTERIAL_DISEASES	1
WB_387_VOCATIONAL_AND_TECHNICAL_TRAINING	1
WB_483_VOCATIONAL_EDUCATION_AND_TRAINING	1
WB_385_HUMAN_CAPITAL_FOR_INNOVATION_AND_ENTREPRENEURSHIP	1
TAX_FNCACT_BISHOPS	1
TAX_DISEASE_RINDERPEST	1
TAX_DISEASE_CARBON_MONOXIDE_POISONING	1
HUMAN_RIGHTS_ABUSES_MASS_GRAVES	1
TAX_ETHNICITY_PARAGUAYAN	1
TAX_FNCACT_GYNECOLOGIST	1
TAX_FNCACT_VIROLOGIST	1
TAX_FNCACT_FARMHAND	1
TAX_DISEASE_BACTERIAL	1
TAX_TERROR_GROUP_BOKO_HARAM	1
TAX_WORLDLANGUAGES_TUNISIAN	1
TAX_DISEASE_NEWCASTLE_DISEASE	1
TAX_ETHNICITY_YUGOSLAV	1
MANMADE_DISASTER_POWER_OUTAGE	1
TAX_FNCACT_THIEF	1
WB_666_APPLICATION_DEVELOPMENT	1
TAX_WORLDFISH_COLEY	1
WB_1895_PERSONAL_INSOLVENCY	1
WB_1439_TOBACCO_USE_AND_CONTROL	1
TAX_WORLDFISH_FLYING_FISH	1
TAX_WORLDLANGUAGES_SHERWIN	1
TAX_FNCACT_ONCOLOGISTS	1
TAX_WORLDLANGUAGES_SLOVAKIAN	1
WB_1534_TEACHER_UNIONS	1
TAX_FNCACT_REFEREE	1
TAX_WORLDLANGUAGES_OVIEDO	1
TAX_FNCACT_LABOR_LEADERS	1
TAX_FNCACT_POLITICOS	1
TAX_AIDGROUPS_CHRISTIAN_AID	1
NATURAL_DISASTER_OVERFLOWED_ITS_BANKS	1
TAX_DISEASE_SPINAL_CORD_INJURIES	1
TAX_WORLDFISH_LARGEMOUTH_BASS	1
TAX_FNCACT_SERVICE_REPRESENTATIVE	1
TAX_WORLDFISH_POLLACK	1
TAX_FNCACT_DRAMATIST	1
TAX_WORLDFISH_HERRING	1
WB_2168_EDUCATIONAL_EQUITY	1
TAX_WORLDLANGUAGES_KANSA	1
WB_2124_ECONOMIC_ANALYSIS_OF_EDUCATION	1
TAX_RELIGION_EVANGELICAL_LUTHERAN_CHURCH	1
TAX_WORLDLANGUAGES_ADELE	1
TAX_WEAPONS_WATER_CANNONS	1
SOC_POLICEMILITARIZATION	1
TAX_WEAPONS_RUBBER_BULLETS	1
TAX_WORLDMAMMALS_PRONGHORN	1
TAX_WEAPONS_HELLFIRE_MISSILES	1
TAX_WEAPONS_BLACKHAWK_HELICOPTERS	1
TAX_WORLDREPTILES_SIDEWINDER	1
WB_1883_CONTRACT_DISPUTES	1
WB_3018_CULTURAL_PROPERTY_PROTECTION	1
TAX_FNCACT_SCRIBE	1
WB_2442_SEXUAL_TRAFICKING	1
TAX_WORLDFISH_COHO_SALMON	1
TAX_FNCACT_BLACKSMITH	1
TAX_FNCACT_STAFF_SERGEANTS	1
TAX_FNCACT_ARTIFICERS	1
TAX_DISEASE_RICKETS	1
TAX_FNCACT_CIVIC_LEADER	1
TAX_WEAPONS_MACHETE	1
TAX_DISEASE_SARCOIDOSIS	1
TAX_POLITICAL_PARTY_PROGRESSIVE_DEMOCRATS	1
TAX_POLITICAL_PARTY_LIBERTARIAN_PARTY	1
TAX_FNCACT_OVERSEERS	1
TAX_WORLDLANGUAGES_NAHAL	1
WB_993_HEADWORKS	1
TAX_DISEASE_TENDONS	1
WB_945_JUDICIAL_INDEPENDENCE	1
TAX_FNCACT_BAILIFF	1
MANMADE_DISASTER_ENVIRONMENTAL_DISASTER	1
TAX_WORLDLANGUAGES_BOHEMIAN	1
SOC_EXCEPTIONALISM	1
TAX_WORLDLANGUAGES_MOHAWK	1
TAX_FNCACT_NEWS_REPORTER	1
WB_817_LAND_AND_HOUSING	1
WB_870_HOUSING_CONSTRUCTION	1
WB_926_POLITICAL_PARTICIPATION	1
WB_924_VOICE_AND_AGENCY	1
TAX_FNCACT_WEBMASTER	1
