TAX_FNCACT	5102
MILITARY	4564
TAX_ETHNICITY	2640
LEADER	2547
UNGP_FORESTS_RIVERS_OCEANS	2529
USPEC_POLITICS_GENERAL1	2512
SOC_POINTSOFINTEREST	2478
CRISISLEX_CRISISLEXREC	2437
EPU_POLICY	2436
MANMADE_DISASTER_IMPLIED	2399
TAX_MILITARY_TITLE	2172
EDUCATION	2164
TAX_WORLDLANGUAGES	2033
ARMEDCONFLICT	1945
TAX_FNCACT_PRESIDENT	1907
WB_696_PUBLIC_SECTOR_MANAGEMENT	1702
EPU_CATS_NATIONAL_SECURITY	1647
KILL	1578
CRISISLEX_C07_SAFETY	1548
TAX_ETHNICITY_AMERICAN	1488
GENERAL_GOVERNMENT	1483
TAX_FNCACT_OFFICIALS	1469
WB_2432_FRAGILITY_CONFLICT_AND_VIOLENCE	1465
USPEC_POLICY1	1427
CRISISLEX_T11_UPDATESSYMPATHY	1358
WB_2670_JOBS	1350
TAX_FNCACT_ENGINEERS	1348
EPU_ECONOMY_HISTORIC	1311
WB_137_WATER	1273
CRISISLEX_T03_DEAD	1255
WB_621_HEALTH_NUTRITION_AND_POPULATION	1234
GENERAL_HEALTH	1196
WB_135_TRANSPORT	1191
TAX_ECON_PRICE	1169
MEDIA_MSM	1138
TAX_FNCACT_DIRECTOR	1119
MEDICAL	1091
EPU_POLICY_GOVERNMENT	1082
TAX_DISEASE	1080
WB_2433_CONFLICT_AND_VIOLENCE	1073
NATURAL_DISASTER	1064
TAX_WORLDMAMMALS	1053
EPU_CATS_MIGRATION_FEAR_FEAR	1012
SOC_POINTSOFINTEREST_SCHOOL	979
TAX_WEAPONS	950
CRISISLEX_T02_INJURED	944
WB_1921_PRIVATE_SECTOR_DEVELOPMENT	943
MARITIME	930
WB_507_ENERGY_AND_EXTRACTIVES	863
SOC_POINTSOFINTEREST_UNIVERSITY	857
TAX_FNCACT_CHIEF	836
CRISISLEX_C03_WELLBEING_HEALTH	831
TAX_FNCACT_MAN	830
WB_723_PUBLIC_ADMINISTRATION	823
WB_724_HUMAN_RESOURCES_FOR_PUBLIC_SECTOR	817
TAX_RELIGION	816
SECURITY_SERVICES	811
WB_2048_COMPENSATION_CAREERS_AND_INCENTIVES	810
WB_840_JUSTICE	808
WB_470_EDUCATION	806
TAX_FNCACT_LEADER	800
WB_2470_PEACE_OPERATIONS_AND_CONFLICT_MANAGEMENT	784
WB_133_INFORMATION_AND_COMMUNICATION_TECHNOLOGIES	780
WOUND	770
TRIAL	752
EPU_POLICY_CONGRESS	744
TAX_FNCACT_SOLDIERS	742
CRISISLEX_C06_WATER_SANITATION	736
TAX_MILITARY_TITLE_SOLDIERS	733
AFFECT	718
TAX_FNCACT_OFFICER	709
WB_678_DIGITAL_GOVERNMENT	701
WB_1803_TRANSPORT_INFRASTRUCTURE	691
TAX_POLITICAL_PARTY	683
WB_2490_NATIONAL_PROTECTION_AND_SECURITY	668
TAX_ETHNICITY_AMERICANS	661
LEGISLATION	658
USPEC_UNCERTAINTY1	652
EPU_CATS_REGULATION	647
TAX_MILITARY_TITLE_OFFICER	646
TAX_FNCACT_VETERAN	638
CRISISLEX_T01_CAUTION_ADVICE	634
TAX_FNCACT_SOLDIER	621
MARITIME_INCIDENT	621
TAX_MILITARY_TITLE_SOLDIER	614
TAX_FNCACT_TROOPS	612
TAX_FNCACT_COMMANDER	601
TAX_FNCACT_SECRETARY	594
TAX_MILITARY_TITLE_COMMANDER	592
MEDIA_SOCIAL	588
TAX_FNCACT_VICE_PRESIDENT	588
EPU_ECONOMY	583
WB_831_GOVERNANCE	581
WB_635_PUBLIC_HEALTH	573
WB_405_BUSINESS_CLIMATE	559
WB_2530_BUSINESS_ENVIRONMENT	556
WB_2531_INSPECTIONS_LICENSING_AND_PERMITS	556
TAX_FNCACT_MANAGER	551
WB_566_ENVIRONMENT_AND_NATURAL_RESOURCES	538
TAX_WORLDFISH	533
TAX_FNCACT_OFFICIAL	531
BORDER	524
TERROR	515
WB_895_MINING_SYSTEMS	508
WB_2689_JOBS_DIAGNOSTICS	507
TAX_FNCACT_VETERANS	505
TAX_POLITICAL_PARTY_REPUBLICAN	505
SOC_USSECURITYAGENCIES	504
WB_1014_CRIMINAL_JUSTICE	504
EPU_POLICY_LAW	502
CRISISLEX_T04_INFRASTRUCTURE	502
EPU_POLICY_POLICY	500
WB_1406_DISEASES	498
WB_697_SOCIAL_PROTECTION_AND_LABOR	498
WB_832_ANTI_CORRUPTION	492
SCIENCE	492
EPU_POLICY_WHITE_HOUSE	489
WB_1699_METAL_ORE_MINING	487
WB_2462_POLITICAL_VIOLENCE_AND_WAR	479
WB_694_BROADCAST_AND_MEDIA	479
AGRICULTURE	473
TAX_FNCACT_FATHER	467
TAX_FNCACT_SERGEANT	463
TAX_MILITARY_TITLE_SERGEANT	456
EPU_POLICY_POLITICAL	455
SOC_POINTSOFINTEREST_COLLEGE	454
TAX_FNCACT_GUARD	453
SOC_POINTSOFINTEREST_HIGH_SCHOOL	451
UNGP_CRIME_VIOLENCE	447
WB_1467_EDUCATION_FOR_ALL	443
NATURAL_DISASTER_FLOODING	442
WB_1484_EDUCATION_SKILLS_DEVELOPMENT_AND_LABOR_MARKET	439
EPU_POLICY_CONGRESSIONAL	437
IMPEACHMENT	437
TAX_FNCACT_CHILDREN	436
WB_2131_EMPLOYABILITY_SKILLS_AND_JOBS	432
EPU_CATS_MIGRATION_FEAR_MIGRATION	423
WB_1458_HEALTH_PROMOTION_AND_DISEASE_PREVENTION	423
WB_590_ECOSYSTEMS	422
TAX_FNCACT_LEADERS	420
WB_2024_ANTI_CORRUPTION_AUTHORITIES	420
TAX_TERROR_GROUP	416
TAX_FNCACT_EXECUTIVE	414
WB_435_AGRICULTURE_AND_FOOD_SECURITY	414
TAX_FNCACT_POLICE	411
WB_2769_JOBS_STRATEGIES	409
TAX_FNCACT_DEPUTY	392
SOC_GENERALCRIME	391
WB_2690_CATEGORIES_OF_EMPLOYMENT	389
UNREST_BELLIGERENT	389
WB_855_LABOR_MARKETS	387
ALLIANCE	381
ARREST	380
DELAY	376
TAX_FNCACT_ATTORNEY	373
BAN	370
WB_346_COMPETITIVE_INDUSTRIES	362
ELECTION	358
GOV_LOCALGOV	356
TAX_WORLDFISH_FISH	351
TAX_FNCACT_WOMEN	350
WB_818_INDUSTRY_POLICY_AND_REAL_SECTORS	349
WB_1331_HEALTH_TECHNOLOGIES	338
IDEOLOGY	335
PROTEST	334
WB_1350_PHARMACEUTICALS	332
MOVEMENT_GENERAL	330
WB_2025_INVESTIGATION	328
CRISISLEX_C04_LOGISTICS_TRANSPORT	327
TAX_FNCACT_LAWMAKERS	326
NATURAL_DISASTER_FLOOD	325
EPU_POLICY_LAWMAKERS	324
EPU_POLICY_SPENDING	322
WB_1427_NON_COMMUNICABLE_DISEASE_AND_INJURY	321
TAX_ETHNICITY_BLACK	316
WB_471_ECONOMIC_GROWTH	315
TAX_FNCACT_SPOKESMAN	307
WATER_SECURITY	305
WMD	303
CRISISLEX_O02_RESPONSEAGENCIESATCRISIS	302
TAX_FNCACT_PILOT	301
WB_2836_MIGRATION_POLICIES_AND_JOBS	300
TAX_FNCACT_CANDIDATE	299
SOC_POINTSOFINTEREST_SCHOOLS	297
WB_695_POVERTY	296
PUBLIC_TRANSPORT	295
EPU_POLICY_BUDGET	294
SOC_INNOVATION	293
TAX_RELIGION_ISLAMIC	292
WB_698_TRADE	291
WB_134_SOCIAL_DEVELOPMENT	290
SOC_POINTSOFINTEREST_AIR_FORCE_BASE	287
TAX_FNCACT_EMPLOYEES	285
WB_1199_WATER_SUPPLY_AND_SANITATION	284
UNGP_CLIMATE_CHANGE_ACTION	283
TAX_WORLDMAMMALS_HUMAN	283
TAX_WORLDLANGUAGES_AFGHAN	283
TAX_RELIGION_CHURCH	279
TAX_FNCACT_REPRESENTATIVES	278
TAX_WEAPONS_BOMB	277
TAX_MILITARY_TITLE_COLONEL	277
TAX_FNCACT_MILITARY_PERSONNEL	277
TAX_FNCACT_COLONEL	276
WB_141_WATER_RESOURCES_MANAGEMENT	275
TAX_FNCACT_NAVY	275
URBAN	274
TAX_FNCACT_SENATOR	274
ACT_MAKESTATEMENT	271
TAX_ETHNICITY_JAPANESE	271
NATURAL_DISASTER_HIGH_WATER	270
TAX_FOODSTAPLES	269
TAX_WORLDLANGUAGES_JAPANESE	268
WB_2445_NON_STATE_SECURITY_ACTORS	268
TAX_POLITICAL_PARTY_DEMOCRAT	266
IMMIGRATION	264
WB_1078_DETERMINANTS_OF_GROWTH	264
TAX_FNCACT_OFFICERS	263
TAX_FNCACT_CHAIRMAN	262
WB_2453_ORGANIZED_CRIME	261
WB_567_CLIMATE_CHANGE	258
NATURAL_DISASTER_ICE	257
DISABILITY	257
ENV_CLIMATECHANGE	257
WB_1079_COMMODITIES_AND_RESOURCES	256
SLFID_NATURAL_RESOURCES	256
WB_2456_DRUGS_AND_NARCOTICS	256
TAX_FNCACT_MINISTER	252
NATURAL_DISASTER_EROSION	252
DISCRIMINATION	252
TAX_WORLDBIRDS	250
TAX_FNCACT_LIEUTENANT	250
SOC_POINTSOFINTEREST_HOSPITAL	249
NATURAL_DISASTER_FLOODED	247
TAX_FNCACT_ASSISTANT	246
TAX_MILITARY_TITLE_LIEUTENANT	245
TAX_FNCACT_WORKERS	244
UNGP_FREEDOM_FROM_DISCRIMINATION	239
WB_1464_HEALTH_OF_THE_DISABLED	236
TAX_WORLDLANGUAGES_RUSSIA	232
TAX_FNCACT_CHILD	229
WB_2745_JOB_QUALITY_AND_LABOR_MARKET_PERFORMANCE	229
TAX_FNCACT_CITIZENS	229
TAX_FNCACT_STUDENTS	225
EPU_POLICY_AUTHORITIES	225
WB_2704_EMPLOYER	225
WB_140_AGRICULTURAL_WATER_MANAGEMENT	225
WB_151_IRRIGATION_AND_DRAINAGE	225
ECON_WORLDCURRENCIES	224
WB_1920_FINANCIAL_SECTOR_DEVELOPMENT	223
TAX_FNCACT_AUTHORITIES	223
WB_845_LEGAL_AND_REGULATORY_FRAMEWORK	223
APPOINTMENT	222
TAX_FNCACT_LAWYER	222
SELF_IDENTIFIED_HUMAN_RIGHTS	221
WB_525_RENEWABLE_ENERGY	221
CRISISLEX_O01_WEATHER	217
TAX_POLITICAL_PARTY_DEMOCRATS	216
TAX_POLITICAL_PARTY_REPUBLICANS	216
WB_2748_EMPLOYMENT	216
DEMOCRACY	216
EXTREMISM	215
UNGP_HEALTHCARE	215
TOURISM	213
WB_2937_SILVER	212
NEGOTIATIONS	212
WB_2471_PEACEKEEPING	211
TAX_FNCACT_FARMERS	210
TAX_WEAPONS_GUN	210
RELIGION	209
TAX_FNCACT_EMPLOYER	209
WB_1654_ACTIVE_LABOR_MARKET_POLICIES	208
TAX_FNCACT_VOLUNTEER	208
TAX_FNCACT_WOMAN	207
WB_856_WAGES	207
TAX_MILITARY_TITLE_OFFICERS	207
TAX_ETHNICITY_CHRISTIAN	206
TAX_RELIGION_CHRISTIAN	206
WB_167_PORTS	205
WB_2089_ETHICS_AND_CODES_OF_CONDUCT	203
TAX_FNCACT_REPRESENTATIVE	201
TAX_FNCACT_CEO	201
SOC_EMERGINGTECH	201
TAX_FNCACT_GOVERNOR	200
DRUG_TRADE	200
TAX_FNCACT_FIREFIGHTER	200
TAX_TERROR_GROUP_TALIBAN	200
SOC_POINTSOFINTEREST_HEADQUARTERS	199
WB_1000_WATER_MANAGEMENT_STRUCTURES	198
ENV_FISHERY	198
WB_1497_EDUCATION_MANAGEMENT_AND_ADMINISTRATION	198
CONSTITUTIONAL	198
WB_825_TOURISM	196
TAX_TERROR_GROUP_ISLAMIC_STATE	196
TAX_WORLDLANGUAGES_HURON	196
ENV_HYDRO	196
TAX_FNCACT_PHOTOGRAPHER	195
TAX_FNCACT_ENGINEER	195
EPU_CATS_TAXES	195
WB_527_HYDROPOWER	195
TAX_ETHNICITY_SOVIET	195
WB_139_SANITATION_AND_WASTEWATER	194
WB_990_DRAINAGE	192
TAX_DISEASE_DEPRESSION	191
TAX_ETHNICITY_FRENCH	190
ECON_STOCKMARKET	190
TAX_WORLDLANGUAGES_FRENCH	190
EVACUATION	189
WB_2003_SANITATION_TECHNOLOGIES	188
TAX_ETHNICITY_RUSSIAN	188
WB_738_SOCIAL_COHESION	188
TAX_FNCACT_COORDINATOR	187
TAX_FNCACT_JUDGE	187
TAX_ETHNICITY_GERMAN	186
TAX_WORLDLANGUAGES_RUSSIAN	186
TAX_FNCACT_SENATORS	185
WB_1502_EDUCATIONAL_DECENTRALIZATION	183
TAX_WORLDLANGUAGES_GERMAN	183
WB_1462_WATER_SANITATION_AND_HYGIENE	183
TAX_FNCACT_EMPEROR	182
TAX_ETHNICITY_ASIAN	181
RETIREMENT	181
WB_1804_AIRPORTS	181
EPU_POLICY_LEGISLATION	180
TAX_FNCACT_MAYOR	179
TAX_FNCACT_HYDROLOGIST	177
WB_148_SEWERAGE	177
TAX_DISEASE_EMERGENCIES	176
TAX_DISEASE_CORONAVIRUS	176
WB_2840_INTEGRATION	176
WB_2468_CONVENTIONAL_WAR	176
TAX_FNCACT_CANDIDATES	175
WB_1949_CLIMATE_SMART_AGRICULTURE	174
TAX_FNCACT_EMPLOYEE	174
TAX_FNCACT_ADVISER	173
RECRUITMENT	171
WB_2931_IRON	171
WB_1466_SOCIAL_ASSISTANCE	171
WB_2837_IMMIGRATION	170
TAX_FNCACT_PROFESSOR	169
WB_1805_WATERWAYS	169
ENV_WATERWAYS	169
TAX_FNCACT_CHAPLAIN	168
TAX_ETHNICITY_CANADIAN	167
WB_2896_RETIREMENT	165
UNGP_JOB_OPPORTUNITIES_EMPLOYMENT	165
REBELLION	165
SURVEILLANCE	165
TAX_FNCACT_INSIDER	164
EPU_POLICY_TAX	164
TAX_FNCACT_FOUNDER	164
SOC_POINTSOFINTEREST_AIRPORT	164
ECON_SUBSIDIES	163
ECON_TAXATION	163
WB_1979_NATURAL_RESOURCE_MANAGEMENT	163
UNGP_POLITICAL_FREEDOMS	163
TAX_DISEASE_DISEASE	163
RURAL	162
EPU_POLICY_REGULATORY	162
TAX_FNCACT_CONSULTANTS	162
WB_2473_DIPLOMACY_AND_NEGOTIATIONS	162
TAX_ETHNICITY_KOREAN	161
TAX_WORLDLANGUAGES_KOREAN	161
TAX_MILITARY_TITLE_CHIEF_OF_STAFF	159
TAX_FNCACT_CHIEF_OF_STAFF	159
TAX_FNCACT_BIOLOGIST	159
TAX_FNCACT_DRIVER	158
WB_843_DISPUTE_RESOLUTION	158
TAX_WORLDLANGUAGES_CHINESE	156
UNEMPLOYMENT	156
TAX_ETHNICITY_CHINESE	156
WB_936_ALTERNATIVE_DISPUTE_RESOLUTION	156
WB_670_ICT_SECURITY	156
TAX_FNCACT_CRIMINAL	155
TAX_FNCACT_KING	155
WB_168_ROADS_AND_HIGHWAYS	153
TAX_FNCACT_AUTHOR	153
TAX_FNCACT_SPEAKER	153
WB_1809_HIGHWAYS	153
WB_539_OIL_AND_GAS_POLICY_STRATEGY_AND_INSTITUTIONS	153
NEW_CONSTRUCTION	152
TAX_FNCACT_GEOLOGIST	152
WB_739_POLITICAL_VIOLENCE_AND_CIVIL_WAR	152
TAX_FNCACT_SUPPORTERS	152
WB_1281_MANUFACTURING	151
WB_548_PPP_IN_OIL_AND_GAS	151
TAX_MILITARY_TITLE_LIEUTENANT_COLONEL	151
WB_2495_DETENTION_PRISON_AND_CORRECTIONS_REFORM	151
TAX_FNCACT_LIEUTENANT_COLONEL	150
WB_165_AIR_TRANSPORT	150
WB_164_MODES_OF_TRANSPORT	150
WB_1050_AQUACULTURE	149
TAX_FNCACT_SPOKESPERSON	149
WB_699_URBAN_DEVELOPMENT	149
WB_2451_REBELS_GUERRILLAS_AND_INSURGENTS	149
TAX_WORLDFISH_ASIAN_CARP	148
TAX_FNCACT_PROGRAM_DIRECTOR	148
TAX_WORLDFISH_CARP	148
WB_1986_MOUNTAINS	148
TAX_FNCACT_FISHERMEN	148
TAX_WORLDFISH_PERCH	148
TAX_FNCACT_INSPECTOR	147
TAX_FOODSTAPLES_EGGS	147
TAX_WORLDLANGUAGES_MASSACHUSETTS	146
WB_939_NEGOTIATION	146
TAX_WORLDFISH_YELLOW_PERCH	146
TAX_RELIGION_CATHOLIC	145
TAX_WORLDFISH_SILVER_CARP	144
WB_652_ICT_APPLICATIONS	143
WB_658_ENTERPRISE_APPLICATIONS	143
TAX_FNCACT_SUPERVISOR	143
WB_2203_HUMAN_RIGHTS	143
CORRUPTION	142
TAX_FNCACT_GENERAL_MANAGER	142
WB_706_EVIDENCE_BASED_POLICY	142
WB_988_LEVEES	142
TAX_WORLDFISH_ANGLERS	141
SOC_POINTSOFINTEREST_PRISON	141
WB_421_SOCIAL_INCLUSION	141
TAX_FNCACT_STUDENT	141
ECON_WORLDCURRENCIES_DOLLARS	141
TAX_FNCACT_VETS	141
WB_1948_SUBSIDIES	141
TAX_FNCACT_ANGLERS	141
WB_600_NATURAL_RESOURCES_MANAGEMENT	140
WB_2299_PIPELINES	140
TAX_WORLDFISH_GRASS_CARP	140
TAX_WORLDFISH_PADDLEFISH	139
ENV_OIL	139
TAX_WORLDMAMMALS_FISHERS	139
EPU_CATS_HEALTHCARE	138
TAX_WORLDBIRDS_DUCK	138
WB_793_TRANSPORT_AND_LOGISTICS_SERVICES	136
WB_1174_WAREHOUSING_AND_STORAGE	136
WB_154_FLOOD_PROTECTION	136
WB_605_WILDLIFE_RESOURCES	135
TAX_FNCACT_EDITOR	134
WB_933_ETHNIC_RELIGIOUS_AND_OTHER_MINORITIES	134
TAX_RELIGION_METHODIST	134
CRISISLEX_T09_DISPLACEDRELOCATEDEVACUATED	133
TAX_FNCACT_AIDE	131
LGBT	130
TAX_FNCACT_VOLUNTEERS	130
TAX_FNCACT_CAPTAIN	128
TAX_FNCACT_PASTOR	128
WB_1428_INJURY	127
TAX_FNCACT_ANALYSTS	127
TAX_WORLDFISH_BASS	124
TAX_FNCACT_INSPECTOR_GENERAL	123
TAX_FNCACT_LADY	123
WB_2165_HEALTH_EMERGENCIES	123
TAX_FNCACT_AMBASSADOR	123
TAX_WORLDMAMMALS_JAGUAR	123
TAX_MILITARY_TITLE_CAPTAIN	122
TAX_FNCACT_RESEARCHER	121
TAX_FNCACT_EMPLOYERS	121
WB_662_SOCIAL_MEDIA	121
TAX_FNCACT_SCHOLAR	120
WB_2467_TERRORISM	119
SEIGE	118
WB_2142_LOCAL_GOVERNMENT	118
WB_962_INTERNATIONAL_LAW	118
TAX_FNCACT_CHAPLAINS	117
WB_2747_UNEMPLOYMENT	117
TAX_FNCACT_CITIZEN	117
SOC_SUICIDE	116
TAX_FNCACT_REPORTER	116
TAX_AIDGROUPS	115
TAX_FNCACT_COMMANDERS	115
ETH_INDIGINOUS	115
WB_896_GEOLOGICAL_MAPPING_AND_DATABASES	115
WB_2286_GEOLOGICAL_SURVEY	115
TAX_ETHNICITY_INDIAN	115
WB_594_WETLANDS	113
TAX_WEAPONS_ARMORED	113
TAX_FNCACT_PRESIDENTS	113
UNGP_CLEAN_WATER_SANITATION	113
TAX_FNCACT_SPECIALIST	113
WB_1608_CASH_TRANSFERS	112
WB_1777_FORESTS	112
WB_2141_EDUCATION_DISTRICTS	112
WB_1024_PUBLIC_INTERNATIONAL_LAW	111
WB_328_FINANCIAL_INTEGRITY	111
TAKE_OFFICE	110
TRAFFIC	110
RETALIATE	109
SLFID_MILITARY_SPENDING	109
WB_713_PUBLIC_FINANCE	109
TAX_FNCACT_COMMISSIONER	109
TAX_FNCACT_WRITER	108
WB_1603_FEE_WAIVERS	108
GEN_HOLIDAY	108
WB_2465_REVOLUTIONARY_VIOLENCE	107
WB_1438_ALCOHOL_AND_SUBSTANCE_ABUSE	107
TAX_FNCACT_COUNSELORS	107
TAX_FNCACT_CAREGIVER	107
WB_1437_SOCIAL_DETERMINANTS_FOR_HEALTH	107
TAX_FNCACT_CHIEF_EXECUTIVE	106
TAX_FNCACT_PRESSMAN	106
ENV_MINING	106
TAX_WEAPONS_ARTILLERY	106
TAX_WEAPONS_GUNS	104
WB_2507_HUMAN_RIGHTS_ABUSES_AND_VIOLATIONS	104
MANMADE_DISASTER	104
TAX_FNCACT_ACTIVIST	104
RESIGNATION	104
TAX_RELIGION_CHURCHES	104
WB_838_PUBLIC_ACCOUNTABILITY_MECHANISMS	103
WB_2082_LAW_ENFORCEMENT	103
WB_2167_PANDEMICS	103
WB_2166_HEALTH_EMERGENCY_PREPAREDNESS_AND_DISASTER_RESPONSE	103
TAX_FNCACT_EXECUTIVE_OFFICER	103
SOC_SLAVERY	102
WB_1026_TREATIES	102
WB_2702_UNDEREMPLOYMENT	102
ECON_UNDEREMPLOYMENT	102
TAX_FNCACT_AGENT	102
TAX_WORLDMAMMALS_FOX	101
WB_2026_PREVENTION	101
TAX_FNCACT_BACHELOR	100
WB_2935_NICKEL	99
VETO	99
EPU_POLICY_REFORM	99
WB_2815_SKILLS_AND_EDUCATION	99
WB_1045_TREASURY	98
TAX_FNCACT_PILOTS	98
INSURGENCY	98
TAX_FNCACT_MILITARY_OFFICER	98
ORGANIZED_CRIME	97
TAX_FNCACT_CONGRESSMAN	97
WB_2372_AUTHENTICATION_AND_AUTHORIZATION	97
TAX_FNCACT_EXECUTIVE_DIRECTOR	96
WB_2019_ANTI_CORRUPTION_LEGISLATION	96
WB_2020_BRIBERY_FRAUD_AND_COLLUSION	95
TAX_FNCACT_DIRECTORS	94
WB_2817_TRAINING_PROGRAMS	94
WB_2936_GOLD	94
TAX_ETHNICITY_SPANISH	94
TAX_DISEASE_CONVENTIONAL	94
ECON_HOUSING_PRICES	94
RELEASE_HOSTAGE	93
TAX_WEAPONS_MACHINE_GUN	93
TAX_RELIGION_SYNAGOGUE	93
TAX_WORLDLANGUAGES_SPANISH	93
TAX_WORLDLANGUAGES_ALABAMA	92
TAX_ETHNICITY_MUSLIM	92
TAX_RELIGION_BAPTIST	92
TAX_DISEASE_OUTBREAK	92
TAX_RELIGION_MUSLIM	92
EPU_CATS_FINANCIAL_REGULATION	91
TAX_ETHNICITY_UKRAINIAN	91
TAX_FNCACT_COMMISSIONERS	91
TAX_WORLDLANGUAGES_UKRAINIAN	91
TAX_FNCACT_WARRIOR	91
TAX_FNCACT_RABBI	91
TAX_WORLDMAMMALS_BEAR	91
SEIZE	90
WB_138_WATER_SUPPLY	90
TAX_FNCACT_CHIEF_EXECUTIVE_OFFICER	89
TAX_WORLDMAMMALS_DOG	89
TAX_FNCACT_IMMIGRANT	88
EPU_UNCERTAINTY	88
TAX_FNCACT_INFANTRYMAN	87
ECON_WORLDCURRENCIES_DOLLAR	86
TAX_FNCACT_EXECUTIVES	86
TAX_FNCACT_SECRETARY_OF_STATE	86
RATIFY	86
TAX_POLITICAL_PARTY_DEMOCRATIC_PARTY	86
WB_1673_PASSIVE_LABOR_MARKETS_POLICIES	86
TAX_ETHNICITY_SIKHS	85
TAX_RELIGION_SIKHS	85
TAX_RELIGION_CHRISTIANITY	85
TAX_FNCACT_WARRIORS	85
TAX_FNCACT_IMMIGRANTS	85
TAX_FNCACT_PRINCIPAL	84
UNREST_CHECKPOINT	84
KIDNAP	84
TAX_RELIGION_MOSQUES	84
TAX_FNCACT_ANALYST	83
WB_1160_SHOCKS_AND_VULNERABILITY	83
TAX_ETHNICITY_BUDDHISTS	83
TAX_RELIGION_AGNOSTICS	83
WB_2934_COPPER	83
TAX_RELIGION_BUDDHISTS	83
CYBER_ATTACK	83
CRISISLEX_T08_MISSINGFOUNDTRAPPEDPEOPLE	83
CHECKPOINT	82
TAX_ETHNICITY_INDIGENOUS	82
TAX_FNCACT_TEACHER	82
TAX_RELIGION_ATHEISTS	82
WB_2492_COUNTER_TERRORISM	81
WB_286_TELECOMMUNICATIONS_AND_BROADBAND_ACCESS	80
TAX_FNCACT_PEERS	80
SUICIDE_ATTACK	80
TAX_FNCACT_MARSHALL	80
TAX_POLITICAL_PARTY_REPUBLICAN_PARTY	79
LANDMINE	78
DISASTER_FIRE	78
ENV_NATURALGAS	78
TAX_FNCACT_MARSHAL	78
TAX_FNCACT_SLAVES	78
TAX_FNCACT_INVESTOR	77
TAX_FNCACT_CONTRACTOR	77
MARITIME_PIRACY	77
WB_1675_GRADUATION	77
WB_1967_AGRICULTURAL_RISK_AND_SECURITY	77
NATURAL_DISASTER_FLOODS	76
WB_549_OIL_AND_GAS_SYSTEMS	76
RAPE	75
TAX_WORLDLANGUAGES_OREGON	75
POVERTY	75
WB_1973_FINANCIAL_RISK_REDUCTION	74
WB_337_INSURANCE	74
TAX_DISEASE_WOUNDS	74
TAX_FNCACT_HERO	74
WB_2491_BORDER_SECURITY	74
TAX_FNCACT_JUDGES	74
CRIME_CARTELS	73
TAX_FNCACT_PRESS_SECRETARY	73
WB_1829_ECOSYSTEM_MANAGEMENT	73
WB_1833_PROTECTED_AREAS_SYSTEMS	73
TAX_ETHNICITY_IRANIAN	72
TAX_WORLDREPTILES	72
TAX_FNCACT_VICTIMS	71
UNGP_GENDER_EQUALITY	71
WB_161_DAMS_AND_RESERVOIRS	71
DRONES	71
CRISISLEX_T06_SUPPLIES	70
CLAIM_CREDIT	69
INFO_HOAX	69
WB_1768_OIL_AND_GAS_PIPELINE	69
WB_615_GENDER	69
WB_1431_CANCER	69
WHISTLEBLOWER	69
TAX_DISEASE_CANCER	69
SOC_QUARANTINE	68
TAX_FNCACT_MANAGERS	68
TAX_FNCACT_ACTOR	68
TAX_FNCACT_HUNTER	68
ECON_ENTREPRENEURSHIP	68
TAX_FNCACT_OPERATOR	68
TAX_FNCACT_COMMUNIST	68
TAX_WEAPONS_SUICIDE_BOMBER	68
TAX_FNCACT_MAJOR_GENERAL	68
WB_2511_SLAVERY	67
TAX_FNCACT_GUIDE	67
TAX_FNCACT_INSURGENT	67
TAX_TERROR_GROUP_ISIS	67
EPU_CATS_MONETARY_POLICY	66
NATURAL_DISASTER_HURRICANE	66
TAX_MILITARY_TITLE_MAJOR_GENERAL	66
TAX_FNCACT_LEGISLATORS	66
TAX_WORLDLANGUAGES_KANSAS	66
FOOD_SECURITY	66
WB_1305_HEALTH_SERVICES_DELIVERY	65
TAX_FNCACT_AIRMEN	65
SLFID_RULE_OF_LAW	65
TAX_FNCACT_SLAVE	65
TAX_FNCACT_ADMINISTRATOR	64
TAX_FNCACT_CHIEF_JUSTICE	64
SLFID_ECONOMIC_DEVELOPMENT	64
WB_166_RAILWAYS	64
SOVEREIGNTY	64
CEASEFIRE	64
MEDIA_CENSORSHIP	64
TAX_FNCACT_DRIVERS	64
TAX_FNCACT_LAWYERS	63
EPU_CATS_FISCAL_POLICY	63
TAX_WORLDLANGUAGES_ENGLISH	63
TAX_ETHNICITY_ENGLISH	63
TAX_FNCACT_SPOKESWOMAN	63
TAX_FNCACT_DIPLOMAT	63
SOC_POINTSOFINTEREST_JAIL	63
WB_1668_LABOR_STANDARDS	62
WB_439_MACROECONOMIC_AND_STRUCTURAL_POLICIES	62
WB_406_COMPETITION_POLICY	62
WB_2101_ANTITRUST	62
TAX_DISEASE_FEVER	62
CRISISLEX_C05_NEED_OF_SHELTERS	62
TAX_ETHNICITY_NATIVE_AMERICAN	62
TAX_FNCACT_SHERIFF	62
PERSECUTION	62
TAX_FNCACT_INSTRUCTOR	62
WB_813_URBAN_GOVERNANCE_AND_CITY_SYSTEMS	61
EPU_CATS_DEBT_CEILING_GOV_SHUTDOWN	61
TAX_FNCACT_CHIEFS	61
WB_445_FISCAL_POLICY	61
TAX_FNCACT_DOCTOR	61
TAX_ETHNICITY_PERSIAN	60
WB_1606_SCHOLARSHIPS	60
WB_2446_CARTELS	60
WB_1743_ANTICARTEL_ENFORCEMENT	60
TAX_WORLDLANGUAGES_PERSIAN	60
TAX_FNCACT_POLITICIANS	60
TAX_ETHNICITY_NATIVE_AMERICANS	60
TAX_FNCACT_AGENTS	60
TAX_FNCACT_BABY	60
TRANSPARENCY	59
WB_667_ICT_INFRASTRUCTURE	59
TAX_FNCACT_APPOINTEE	59
HUMAN_TRAFFICKING	59
MOVEMENT_OTHER	59
MOVEMENT_SOCIAL	59
SMUGGLING	59
TAX_WORLDFISH_SALMON	58
TAX_FNCACT_FACULTY	58
LEGALIZE	57
TAX_WORLDMAMMALS_DOGS	57
TAX_DISEASE_DISEASES	57
ECON_DEVELOPMENTORGS	57
TAX_FNCACT_POLICE_OFFICER	57
TAX_FNCACT_SCOUT	56
SOC_POINTSOFINTEREST_MEDICAL_CENTER	56
WB_368_LEASING	56
WB_1121_TAXATION	56
CRIME_ILLEGAL_DRUGS	56
TAX_ETHNICITY_INDIANS	56
WB_318_FINANCIAL_ARCHITECTURE_AND_BANKING	55
TAX_FNCACT_ARTISTS	55
TAX_FNCACT_HISTORIAN	55
SOC_EXPRESSREGRET	55
TAX_FNCACT_FATHERS	55
WB_1104_MACROECONOMIC_VULNERABILITY_AND_DEBT	55
FREESPEECH	55
SOC_POINTSOFINTEREST_UNIVERSITIES	55
TAX_FNCACT_RUNNER	55
TAX_FNCACT_SERGEANTS	54
TAX_MILITARY_TITLE_SERGEANTS	54
WB_841_JUSTICE_SYSTEM_ADMINISTRATION	54
EPU_POLICY_FEDERAL_RESERVE	54
TAX_FNCACT_NURSE	54
TAX_FNCACT_DELEGATE	54
TAX_AIDGROUPS_WORLD_HEALTH_ORGANIZATION	53
TAX_FNCACT_TRAINERS	53
ECON_DEVELOPMENTORGS_WORLD_HEALTH_ORGANIZATION	53
MILITARY_COOPERATION	53
TAX_FNCACT_ELECTED_OFFICIAL	52
TAX_FNCACT_AIRMAN	52
TAX_WEAPONS_BOMBS	52
ECON_ELECTRICALGENERATION	51
WB_899_SOCIAL_SAFEGUARDS	51
TAX_FNCACT_NATIONAL_LEADER	51
WB_2960_INDIGENOUS_PEOPLES	51
WB_749_INDIGENOUS_PEOPLES	51
TAX_FNCACT_PROSECUTORS	50
TAX_ETHNICITY_CHEROKEE	50
WB_1234_BANKING_INSTITUTIONS	50
TAX_ETHNICITY_JEWISH	50
TAX_RELIGION_JEWISH	50
TAX_MILITARY_TITLE_WARRANT_OFFICER	50
TAX_FNCACT_ARMY_OFFICER	50
TAX_FNCACT_DOCTORS	50
TAX_WEAPONS_EXPLOSIVES	50
TAX_WORLDLANGUAGES_CHEROKEE	50
TAX_FNCACT_WARRANT_OFFICER	50
TAX_ETHNICITY_ITALIAN	50
TAX_WORLDLANGUAGES_ITALIAN	50
TAX_DISEASE_PNEUMONIA	49
TAX_WEAPONS_WARSHIP	49
TAX_FNCACT_SPY	49
TAX_WORLDLANGUAGES_SEMINOLE	49
WB_2469_NUCLEAR_AND_CHEMICAL_WAR	49
POLITICAL_TURMOIL	49
TAX_ETHNICITY_EUROPEANS	49
WB_1721_SPATIAL_PLANNING_AND_LAND_USE	49
WB_1720_CITY_STRATEGIES_AND_TERRITORIAL_PLANNING	49
WB_1669_FORCED_LABOR	49
WB_901_ENVIRONMENTAL_SAFEGUARDS	49
TAX_FNCACT_BRIGADIER	49
TAX_FNCACT_MASTER_SGT	48
TAX_FNCACT_POSTMASTER	48
WB_1235_CENTRAL_BANKS	48
ECON_CENTRALBANK	48
TAX_DISEASE_COUGH	48
TAX_FNCACT_MAGISTRATE	48
TAX_FNCACT_ENVOY	48
TAX_ETHNICITY_RUSSIANS	48
TAX_FNCACT_ATTORNEYS	48
WB_2843_NATURALIZATION	48
NATURAL_DISASTER_FAMINE	48
TAX_WORLDLANGUAGES_RUSSIANS	48
TAX_FNCACT_ARTIST	48
EPU_POLICY_CENTRAL_BANK	48
SOC_POINTSOFINTEREST_MILITARY_BASES	48
TAX_ETHNICITY_IROQUOIS	48
WB_1039_PROPERTY_LAWS_AND_REGULATIONS	48
STRIKE	48
EPU_CATS_TRADE_POLICY	48
CLOSURE	48
WB_1607_HEALTH_BENEFITS	47
TAX_FNCACT_DEPARTMENT_HEADS	47
TAX_WORLDLANGUAGES_LATIN	47
TAX_FNCACT_RUNNING_MATE	47
WB_2120_SATELLITES	47
TAX_FNCACT_VICE_PRESIDENTS	47
WB_2329_ACCESS_AND_CONNECTIVITY	47
TAX_WORLDLANGUAGES_CHICKASAW	47
TAX_FNCACT_FARMER	47
TAX_MILITARY_TITLE_MASTER_SGT	47
WB_450_DEBT	46
TAX_FNCACT_BRIGADIER_GENERAL	46
TAX_FNCACT_ATTENDANTS	46
WB_1609_FOOD_AND_IN_KIND_TRANSFERS	46
TAX_FNCACT_POSTMASTER_GENERAL	46
TAX_WORLDLANGUAGES_AFGHANS	46
TAX_WORLDLANGUAGES_GERMANS	45
NATURAL_DISASTER_WATER_LEVEL	45
STATE_OF_EMERGENCY	45
TAX_ETHNICITY_GERMANS	45
TAX_ETHNICITY_CHINOOK	45
WB_2478_PEACE_PROCESSES_AND_DIALOGUE	45
TAX_FNCACT_CHAMPION	44
TAX_FNCACT_ATTENDANT	44
TAX_FNCACT_NOMINEE	44
TAX_FNCACT_VICTIM	44
TAX_ETHNICITY_SOVIETS	44
TAX_FNCACT_BOARD_MEMBER	44
SELF_IDENTIFIED_ATROCITY	43
WB_1430_MENTAL_HEALTH	43
TAX_WORLDMAMMALS_DRILL	43
WB_2503_WEAPONS_PROLIFERATION_AND_ARMS_CONTROL	43
SOC_POINTSOFINTEREST_HOSPITALS	43
WB_1650_PUBLIC_EMPLOYMENT_SERVICES	43
TAX_FNCACT_MANUFACTURER	43
TAX_FNCACT_SINGER	43
WB_2464_INSURGENCY	43
ECON_DEBT	42
TAX_FNCACT_REGULATORS	42
WB_1415_COMMUNICABLE_DISEASE	42
TAX_FNCACT_PROSECUTOR	42
TAX_FNCACT_BOSS	42
UNGP_EDUCATION	42
TAX_FNCACT_LEGISLATOR	42
TAX_FNCACT_MINISTERS	42
WB_639_REPRODUCTIVE_MATERNAL_AND_CHILD_HEALTH	41
HUMAN_RIGHTS_ABUSES	41
NATURAL_DISASTER_FLOODWATERS	41
TAX_FNCACT_HELICOPTER_PILOT	41
TAX_WORLDMAMMALS_LION	41
RETIREMENTS	41
TAX_TERROR_GROUP_ALQAIDA	40
TAX_FNCACT_WALKER	40
EPU_CATS_ENTITLEMENT_PROGRAMS	40
WB_332_CAPITAL_MARKETS	40
TAX_DISEASE_EPIDEMIC	40
WB_478_LEVELS_OF_EDUCATION	40
TAX_ETHNICITY_AUSTRALIAN	40
TAX_FNCACT_MAJORITY_LEADER	39
EPU_POLICY_REGULATION	39
TAX_WORLDLANGUAGES_DUTCH	39
TAX_ETHNICITY_DUTCH	39
TAX_FNCACT_STAFF_SERGEANT	39
TAX_FNCACT_ACTIVISTS	39
TAX_FNCACT_PIONEER	39
PROPERTY_RIGHTS	39
DISPLACED	38
TAX_FNCACT_PROJECT_MANAGER	38
TAX_FNCACT_SCIENTIST	38
TAX_FNCACT_MERCHANT	38
TAX_FNCACT_COMMANDER_IN_CHIEF	38
TAX_WORLDMAMMALS_HUMANS	38
REFUGEES	38
TAX_FNCACT_SERVICEMEN	38
TAX_FNCACT_SENIOR_VICE_PRESIDENT	37
TAX_FNCACT_SUPPORTER	37
TAX_WEAPONS_SUBMARINE	37
SLFID_DICTATORSHIP	37
WB_1652_PLACEMENT	37
ENV_SOLAR	36
TAX_FNCACT_CONSULTANT	36
NATURAL_DISASTER_SEVERE_WEATHER	36
TAX_FNCACT_CHIEF_FINANCIAL_OFFICER	36
SOC_POINTSOFINTEREST_AIRPORTS	36
WB_642_CHILD_HEALTH	35
WB_1459_IMMUNIZATIONS	35
ENV_SPECIESENDANGERED	35
WB_644_NUTRITION	35
TAX_WEAPONS_IMPROVISED_EXPLOSIVE	35
HEALTH_VACCINATION	35
NATURAL_DISASTER_EARTHQUAKE	35
WB_3007_NATIONAL_PARKS	35
TAX_FNCACT_BABIES	35
TAX_MILITARY_TITLE_STAFF_SERGEANT	35
WB_427_WATER_ALLOCATION_AND_WATER_ECONOMICS	35
WB_1211_HUMAN_RESOURCES	35
TAX_FNCACT_NONCOMMISSIONED_OFFICER	35
TAX_FNCACT_NURSES	35
ENV_GREEN	34
DISCRIMINATION_RACE	34
TAX_FNCACT_DIPLOMATS	34
TAX_FNCACT_EDITORS	34
CRISISLEX_T07_SERVICESNEEDEDOFFERED	34
TAX_FNCACT_GENERALS	33
SOC_TRAFFICACCIDENT	33
WB_376_INNOVATION_TECHNOLOGY_AND_ENTREPRENEURSHIP	33
TAX_DISEASE_INFECTIOUS	33
BLOCKADE	33
TAX_ETHNICITY_ARAB	33
NATURAL_DISASTER_FLOOD_WARNING	33
WB_1064_WATER_DEMAND_MANAGEMENT	33
SHORTAGE	32
WB_377_FIRM_INNOVATION_PRODUCTIVITY_AND_GROWTH	32
TAX_FNCACT_PARATROOPER	32
TAX_FNCACT_CREW_MEMBERS	32
TAX_FNCACT_COMMANDING_OFFICER	32
TAX_FNCACT_INSPECTORS	32
TAX_FNCACT_DEALER	32
WB_742_YOUTH_AND_GENDER_BASED_VIOLENCE	32
WB_482_TERTIARY_EDUCATION	32
TAX_WORLDMAMMALS_HORSE	31
WB_851_INTELLECTUAL_PROPERTY_RIGHTS	31
TAX_FNCACT_PRODUCER	31
UNGP_TRANSPORTATION_ROADS	31
TAX_FNCACT_ELECTED_OFFICIALS	31
WB_2375_ICT_METHODS_AND_PROCEDURES	31
TAX_FNCACT_PRIME_MINISTER	31
NATURAL_DISASTER_FLOODED_AREAS	30
TAX_FNCACT_TECHNICIAN	30
WB_1448_DEMOGRAPHIC_CHANGE	30
TAX_FNCACT_WARLORDS	30
TAX_FNCACT_COOK	30
TAX_FOODSTAPLES_CORN	30
TAX_FNCACT_PRINCESS	30
TAX_DISEASE_BRAIN_INJURY	30
TAX_WORLDMAMMALS_SEAL	30
WB_2448_MILITIA	30
TAX_WEAPONS_DRONE_STRIKE	29
TAX_WEAPONS_MORTAR	29
TAX_SPECIALDEATH	29
TAX_AIDGROUPS_RED_CROSS	29
SOC_RANSOM	29
WB_336_NON_BANK_FINANCIAL_INSTITUTIONS	29
TAX_FNCACT_WORKER	29
TAX_FNCACT_NEGOTIATOR	29
TAX_FNCACT_NOBLE	29
TAX_WEAPONS_ROADSIDE_BOMB	29
TAX_FNCACT_SUPERINTENDENT	28
TAX_FNCACT_SCHOLARS	28
TAX_WORLDREPTILES_SNAKE	28
WB_1618_FOOD_DISTRIBUTION	28
TAX_FNCACT_PUBLISHER	28
TAX_FNCACT_KNIGHT	28
TAX_FOODSTAPLES_RICE	28
TAX_RELIGION_JEWS	28
INFO_RUMOR	28
WB_1751_LIQUEFIED_NATURAL_GAS	28
PROPAGANDA	28
SOC_POINTSOFINTEREST_COLLEGES	28
WB_772_TRADE_FACILITATION_AND_LOGISTICS	28
TAX_ETHNICITY_AHMADI	28
TAX_WORLDBIRDS_BALD_EAGLES	27
WB_672_NETWORK_MANAGEMENT	27
SOC_POLARIZED	27
WB_2452_GANGS	27
SLFID_MINERAL_RESOURCES	27
WB_544_MID_AND_DOWNSTREAM_OIL_AND_GAS	27
WB_612_HOUSING_FINANCE	27
TAX_FNCACT_MASON	26
WB_669_SOFTWARE_INFRASTRUCTURE	26
TAX_FNCACT_BUSINESSMAN	26
WB_653_ENTERPRISE_ARCHITECTURE	26
NATURAL_DISASTER_FLOODED_ROADS	26
WB_598_ENVIRONMENTAL_MANAGEMENT	26
ROAD_INCIDENT	26
TAX_FNCACT_INCUMBENT	26
TAX_FNCACT_SAILORS	26
TAX_FNCACT_TRAINER	26
TAX_FNCACT_ACTRESS	26
TAX_WEAPONS_ANTITANK	25
INFRASTRUCTURE_BAD_ROADS	25
TAX_DISEASE_TRAUMATIC_BRAIN_INJURY	25
CRIME_LOOTING	25
TAX_ETHNICITY_AUSTRIAN	25
TAX_FNCACT_POLICE_CHIEF	25
SOC_POINTSOFINTEREST_MILITARY_BASE	25
WB_2290_OIL_AND_GAS_EXPORT	25
AID_ECONOMIC	25
TAX_DISEASE_TRAUMA	25
TAX_FNCACT_INTELLIGENCE_OFFICER	25
TAX_FNCACT_SHOPKEEPER	24
WB_363_FINANCIAL_INCLUSION	24
WB_1620_ELDERLY	24
TAX_FNCACT_CREW_MEMBER	24
TAX_FNCACT_MEDIC	24
TAX_FNCACT_MILITARY_LEADERS	24
TAX_FNCACT_MAYORS	24
TAX_FNCACT_CLERK	24
TAX_FNCACT_EXECUTIVE_VICE_PRESIDENT	24
WB_972_CONSTRUCTION_LAW_AND_PERMITS	24
WB_970_INDUSTRY_LAWS_AND_REGULATIONS	24
WB_2008_WATER_TREATMENT	24
SOC_PARDON	24
TAX_MILITARY_TITLE_SUPERINTENDENT	24
TAX_FNCACT_COURIER	24
TAX_FNCACT_SALESMAN	24
TAX_FNCACT_CITY_MANAGER	24
DISCRIMINATION_RACE_RACISM	23
ECON_WORKINGCLASS	23
TAX_FNCACT_JOURNALIST	23
TAX_WEAPONS_LAND_MINES	23
TAX_FNCACT_CONGRESSWOMAN	23
WB_2519_RESPONSES_TO_HUMAN_RIGHTS_ABUSES	23
SELF_IDENTIFIED_HUMANITARIAN_CRISIS	23
TAX_DISEASE_ANTICIPATION	23
TAX_WEAPONS_LANDMINES	23
TAX_WORLDREPTILES_ALLIGATORS	23
WB_1441_SUPPLEMENTS	23
TAX_FNCACT_CORRESPONDENT	23
TAX_WEAPONS_LANDMINE	23
NATURAL_DISASTER_MUDSLIDES	23
GRIEVANCES	23
TAX_WORLDLANGUAGES_CHIPPEWA	22
TAX_FNCACT_COMPANION	22
TAX_FNCACT_GOVERNORS	22
TAX_FNCACT_GENTLEMAN	22
ECON_HEATINGOIL	22
WB_2943_SWITCHES	22
CRISISLEX_C08_TELECOM	22
FUELPRICES	22
WB_533_ENERGY_EFFICIENCY	22
SOC_POINTSOFINTEREST_MIDDLE_SCHOOL	22
SOC_POINTSOFINTEREST_NAVY_BASE	22
TAX_FNCACT_CORPORAL	22
TAX_FNCACT_AIDES	22
TAX_FNCACT_METEOROLOGIST	22
TAX_FNCACT_PRIEST	22
MARITIME_INCIDENT_SELF_IDENTIFIED	21
TAX_FNCACT_COMMANDANT	21
EMERG_SHELTERINPLACE	21
NATURAL_DISASTER_DROUGHT	21
TAX_WORLDLANGUAGES_WALLA_WALLA	21
WB_797_NATIONAL_URBAN_POLICIES	21
WB_2399_ICT_INNOVATION_AND_TRANSFORMATION	21
TAX_FOODSTAPLES_GRAIN	21
ECON_GASOLINEPRICE	21
TAX_FNCACT_COMMANDO	21
TAX_MILITARY_TITLE_MASTER_SERGEANT	21
TAX_FNCACT_MASTER_SERGEANT	21
TAX_ETHNICITY_CHRISTIANS	21
TAX_RELIGION_CHRISTIANS	21
WB_2601_TRADE_LINKAGES_SPILLOVERS_AND_CONNECTIVITY	21
WB_866_CONNECTIVITY_AND_LAGGING_REGIONS	21
TAX_FNCACT_CARDINAL	21
TAX_FNCACT_SECOND_LIEUTENANT	21
TAX_FNCACT_PORTER	21
TAX_FNCACT_MECHANIC	21
TAX_FNCACT_PHYSICIAN	21
MIL_SELF_IDENTIFIED_ARMS_DEAL	21
TAX_MILITARY_TITLE_SECOND_LIEUTENANT	21
WB_2506_ARMS_TRADE	21
TAX_ETHNICITY_SIOUX	21
TAX_WORLDLANGUAGES_SIOUX	21
TAX_WEAPONS_IMPROVISED_EXPLOSIVE_DEVICES	20
WB_2482_RECONCILIATION	20
TAX_FNCACT_FEDERAL_OFFICIALS	20
WB_657_INTEROPERABILITY	20
TAX_MILITARY_TITLE_MILITARY_POLICE	20
TAX_AIDGROUPS_FEDERAL_EMERGENCY_MANAGEMENT_AGENCY	20
TAX_FNCACT_COWBOY	20
TAX_WORLDCRUSTACEANS	20
TAX_FNCACT_TENANT	20
TAX_WORLDFISH_TRUMPETER	20
TAX_FNCACT_BUSINESS_LEADERS	20
TAX_FNCACT_SERVANT	20
TAX_FNCACT_INVESTIGATOR	20
TAX_FNCACT_PRINCE	20
TAX_FNCACT_CAREGIVERS	20
TAX_DISEASE_INFECTION	20
TAX_MILITARY_TITLE_COMMANDANT	20
TAX_FOODSTAPLES_MILK	20
TAX_WEAPONS_DESTROYER	20
ASSASSINATION	20
WB_1388_ENVIRONMENTAL_AND_SOCIAL_ASSESSMENTS	20
WB_1927_STRATEGIC_POLICY_PLANNING	20
ENV_COAL	20
ECON_ELECTRICALGRID	20
TAX_FNCACT_DETECTIVE	20
JUSTICE	20
TAX_FNCACT_SINGERS	20
GENERAL_PUBLIC_OPINION	19
TAX_FNCACT_DISTRICT_ATTORNEY	19
SCANDAL	19
TAX_FNCACT_POLITICIAN	19
TAX_FNCACT_LAWMAKER	19
TAX_FNCACT_KILLER	19
TAX_WORLDBIRDS_GOOSE	19
ENV_BIOFUEL	19
TAX_WORLDMAMMALS_COYOTE	19
TAX_FNCACT_COUNCILMAN	19
TAX_WORLDINSECTS	19
TAX_FNCACT_VET	19
WB_2298_REFINERIES	19
TAX_WORLDMAMMALS_COYOTES	19
WB_1324_EMERGENCY_MEDICAL_SERVICES	19
ECON_OILPRICE	18
TAX_WEAPONS_MACHINE_GUNS	18
TECH_VIRTUALREALITY	18
WB_725_ORGANIZATIONAL_MANAGEMENT	18
TAX_FNCACT_STATE_SENATOR	18
TAX_FNCACT_ADMINISTRATORS	18
SANITATION	18
SOC_POINTSOFINTEREST_ARMY_BASE	18
TAX_FNCACT_MILITARY_OFFICERS	18
TAX_FNCACT_EDUCATORS	18
TAX_WORLDLANGUAGES_MASSACHUSETT	18
WB_364_CONSUMER_PROTECTION	18
WB_2371_ENCRYPTION	18
CRIME_COMMON_ROBBERY	18
WB_1386_DAM_SAFETY	18
TAX_ETHNICITY_CZECH	18
TAX_WORLDLANGUAGES_CZECH	18
TAX_WORLDMAMMALS_HORSES	18
EMERG_EMERGSHELTER	18
WB_701_JOBS_AND_POVERTY	17
WB_1170_JOB_CREATION_AND_JOB_OPPORTUNITIES	17
WB_2510_WAR_CRIMES	17
TAX_FNCACT_ARMY_OFFICERS	17
SLFID_ECONOMIC_DEVELOPMENTAID	17
WB_707_POVERTY_MEASUREMENT_AND_ANALYSIS	17
WB_1152_ECONOMIC_AND_SOCIAL_MOBILITY	17
TAX_WORLDFISH_POW	17
WB_1153_MIDDLE_CLASS	17
WB_2945_DATABASE	17
ECON_PRICEGOUGE	17
TAX_WEAPONS_WARSHIPS	17
TAX_FNCACT_MECHANICS	17
MANMADE_DISASTER_DERAILED	17
TAX_WORLDLANGUAGES_VIETNAMESE	17
TAX_FNCACT_BUTLER	17
TAX_FNCACT_TREASURER	17
TAX_DISEASE_STROKE	17
TAX_FNCACT_INSURGENTS	17
HARASSMENT	17
TAX_RELIGION_PRESBYTERIAN	17
TAX_WORLDFISH_HAKE	17
TAX_FNCACT_PARATROOPERS	17
TAX_FNCACT_DESIGNER	17
TAX_ETHNICITY_VIETNAMESE	17
WB_508_POWER_SYSTEMS	17
ECON_COST_OF_LIVING	17
TAX_FNCACT_ADMIRAL	17
WB_729_PERFORMANCE_MANAGEMENT	17
TAX_FNCACT_COMMODORE	17
WB_1383_HEALTH_MANAGEMENT_AND_ADMINISTRATION	17
TAX_MILITARY_TITLE_ADMIRAL	17
WB_727_MONITORING_AND_EVALUATION	17
TAX_WEAPONS_MORTARS	16
TAX_FOODSTAPLES_MEAT	16
TAX_WEAPONS_IMPROVISED_EXPLOSIVE_DEVICE	16
TAX_FNCACT_ENTREPRENEUR	16
TAX_FNCACT_CHIEFS_OF_STAFF	16
DEATH_PENALTY	16
EPU_POLICY_DEFICIT	16
TAX_FNCACT_CHIEF_OPERATING_OFFICER	16
WB_601_POLLUTION_MANAGEMENT	16
NATURAL_DISASTER_HEAVY_RAIN	16
TAX_WORLDMAMMALS_FISHER	16
TAX_SPECIAL_ISSUES	16
WB_1042_TRADEMARKS	16
TAX_MILITARY_TITLE_LIEUTENANT_GENERAL	16
TAX_FNCACT_ORGANIZERS	16
WB_2443_RAPE_AND_SEXUAL_VIOLENCE	16
TAX_FNCACT_BROKER	16
TAX_FNCACT_SECRETARIES	16
TAX_WORLDMAMMALS_SEALS	16
NATURAL_DISASTER_NATURAL_DISASTER	16
TAX_WORLDMAMMALS_TIGER	16
TAX_FNCACT_LIEUTENANT_GENERAL	16
TAX_ETHNICITY_POLE	16
MANMADE_DISASTER_CAR_CRASH	16
TAX_FNCACT_QUEEN	16
TAX_WORLDLANGUAGES_SOMALI	16
TAX_WORLDMAMMALS_WOLF	16
NATURAL_DISASTER_FLOOD_WATERS	16
TAX_FNCACT_BARBER	16
WB_2512_TORTURE	16
TAX_WEAPONS_FIREARM	16
TAX_WEAPONS_FIREARMS	16
TAX_FNCACT_ARCHITECT	16
TAX_ETHNICITY_SOMALI	16
TAX_ETHNICITY_BLACKS	16
TORTURE	16
TAX_WORLDMAMMALS_ELKS	15
WB_1625_SUPPORT_SERVICES	15
TAX_FNCACT_KNIGHTS	15
TAX_DISEASE_PLAQUE	15
TAX_FNCACT_DEVELOPER	15
TAX_SPECIAL_ISSUES_AFFORDABLE_CARE_ACT	15
HUMAN_RIGHTS_ABUSES_TORTURE	15
NATURAL_DISASTER_EXTREME_WEATHER	15
TAX_WEAPONS_WARHEAD	15
TAX_FNCACT_HONOR_GUARD	15
WB_1041_PATENTS	15
WB_643_AGING_POPULATION	15
TAX_WORLDMAMMALS_BEARS	15
ECON_MIDDLECLASS	15
TAX_RELIGION_LUTHERAN	15
TAX_FNCACT_HACKERS	15
SOC_POINTSOFINTEREST_PRISONS	15
GENDER_VIOLENCE	15
TAX_FNCACT_STAFFER	15
TAX_WORLDLANGUAGES_CHER	15
TAX_DISEASE_STARVATION	15
TAX_FNCACT_CRIMINALS	15
WB_162_TRANSPORT_ECONOMICS	15
WB_625_HEALTH_ECONOMICS_AND_FINANCE	15
WB_1287_HEALTH_INSURANCE	15
TAX_FNCACT_ARCHBISHOP	15
TECH_AUTOMATION	15
TAX_FNCACT_ADVISERS	15
TAX_WEAPONS_GRENADE	15
WB_718_PUBLIC_INVESTMENT_MANAGEMENT	15
TAX_FNCACT_ACTRESSES	15
TAX_DISEASE_LUNG_CANCER	14
TAX_RELIGION_COPTIC_CHRISTIANS	14
TAX_FNCACT_ORGANIZER	14
TAX_FNCACT_EXPLORER	14
TAX_FNCACT_DENTIST	14
TAX_FNCACT_CHURCHMAN	14
NATURAL_DISASTER_NATURAL_DISASTERS	14
TAX_FNCACT_TROOPER	14
TAX_WEAPONS_SUBMARINES	14
TAX_WORLDLANGUAGES_COPTIC	14
TAX_TERROR_GROUP_HELLS_ANGELS	14
TAX_FNCACT_PHYSICIANS	14
TAX_ETHNICITY_COPTIC_CHRISTIANS	14
TAX_POLITICAL_PARTY_COMMUNISTS	14
WB_1362_MEDICAL_EQUIPMENT	14
TAX_RELIGION_COPTIC	14
TAX_ETHNICITY_COPTIC	14
TAX_WORLDMAMMALS_LIONS	14
DISCRIMINATION_RACE_RACIST	14
PEACEKEEPING	14
TAX_FNCACT_FIRE_CHIEF	14
AVIATION_INCIDENT	14
TAX_TERROR_GROUP_BLACK_HAWK	14
TAX_RELIGION_DUTCH_REFORMED	14
NATURAL_DISASTER_HEAVY_RAINS	14
TAX_FNCACT_ESCORT	14
TAX_FNCACT_SERGEANT_MAJOR	14
TAX_FNCACT_YOUNGSTER	14
TAX_FNCACT_VICE_CHAIRMAN	14
TAX_FNCACT_BOARD_MEMBERS	14
TAX_WORLDLANGUAGES_MEHRI	14
TAX_FNCACT_RANCHER	14
TAX_FNCACT_SEAMEN	14
ENV_METALS	14
WB_288_TELECOMMUNICATIONS_SECTOR_POLICY_AND_REGULATION	14
TAX_FNCACT_JUDGE_ADVOCATE	14
TAX_FNCACT_DICTATOR	14
WB_1917_INTELLECTUAL_PROPERTY	14
TAX_WORLDLANGUAGES_YAZIDI	14
TAX_FNCACT_COMMUNISTS	14
TAX_FNCACT_WORKMAN	14
TAX_FNCACT_PROFESSORS	14
TAX_MILITARY_TITLE_SERGEANT_MAJOR	13
SICKENED	13
TAX_WORLDLANGUAGES_POLISH	13
TAX_WORLDARACHNIDS	13
JIHAD	13
TAX_FNCACT_COMMANDOS	13
TAX_FNCACT_SUPERVISORS	13
NATURAL_DISASTER_WINTER_STORM	13
WB_2736_RETURNS_TO_WORK	13
WB_177_ANIMAL_PRODUCTION	13
WB_2187_RENTAL_HOUSING	13
TAX_WORLDBIRDS_CROW	13
WB_973_HEALTH_LAWS_AND_REGULATIONS	13
WB_1385_GOVERNANCE_AND_STEWARDSHIP	13
WB_775_TRADE_POLICY_AND_INTEGRATION	13
TAX_WEAPONS_AIRCRAFT_CARRIERS	13
WB_849_ENVIRONMENTAL_LAWS_AND_REGULATIONS	13
TAX_CHRONICDISEASE	13
TAX_FNCACT_GUARDSMAN	13
TAX_DISEASE_SYNDROME	13
TAX_RELIGION_LUTHERAN_CHURCH	13
WB_964_PROPERTY_AND_LAND_LAW	13
CRISISLEX_T05_MONEY	13
WB_290_TELECOMMUNICATIONS_ORGANIZATIONAL_DESIGN	13
TAX_WORLDFISH_SERGEANT_MAJOR	13
TAX_WEAPONS_PISTOL	13
TAX_FNCACT_BISHOP	13
TAX_WORLDFISH_TROUT	13
TAX_FNCACT_TOURIST	13
NATURAL_DISASTER_STORM_SURGE	13
TAX_FNCACT_SURGEON	13
SANCTIONS	13
WB_382_TAX_CREDITS_AND_DIRECT_SUBSIDIES	13
WB_380_FUNDING_INNOVATION	13
TAX_FNCACT_CRITIC	13
TAX_FNCACT_POPE	13
TAX_FNCACT_GUNNER	13
TAX_FNCACT_TOURISTS	13
TAX_FNCACT_AVIATORS	13
POLITICAL_PRISONER	13
NATURAL_DISASTER_HURRICANES	13
TAX_FNCACT_SERVANTS	13
TAX_FNCACT_PERFORMER	13
TAX_MILITARY_TITLE_1ST_LT	13
TAX_FNCACT_FOUNDERS	13
ECON_UNIONS	13
TAX_FNCACT_1ST_LT	13
TAX_FNCACT_CURATOR	13
TAX_FNCACT_ENTERTAINER	13
RAIL_INCIDENT	13
TAX_FNCACT_RECRUITER	13
TAX_FNCACT_ADJUTANT	13
WB_2441_DOMESTIC_VIOLENCE	12
WB_595_DRYLANDS	12
TAX_WORLDLANGUAGES_UMATILLA	12
TAX_DISEASE_BACTERIA	12
HUMAN_RIGHTS_ABUSES_CONCENTRATION_CAMP	12
TAX_FNCACT_FACULTY_MEMBER	12
EPU_CATS_SOVEREIGN_DEBT_CURRENCY_CRISES	12
POWER_OUTAGE	12
TAX_FNCACT_SHARECROPPER	12
EPU_POLICY_POLICYMAKERS	12
TAX_DISEASE_HEMORRHAGE	12
TAX_FNCACT_SPECIAL_AGENT	12
TAX_WORLDLANGUAGES_TURKISH	12
TAX_FNCACT_MILITARY_CHAPLAINS	12
AID_HUMANITARIAN	12
TAX_ETHNICITY_FILIPINO	12
TAX_WORLDLANGUAGES_FILIPINO	12
TAX_FNCACT_CHAIRWOMAN	12
TAX_FNCACT_PUBLIC_SERVANT	12
WB_2505_WEAPONS_OF_MASS_DESTRUCTION	12
ECON_CURRENCY_EXCHANGE_RATE	12
TAX_WORLDLANGUAGES_MANDA	12
TAX_FNCACT_DETECTIVES	12
SLFID_MILITARY_READINESS	12
TAX_FNCACT_HOTELIER	12
SOC_POINTSOFINTEREST_POLICE_STATION	12
WB_2957_EMINENT_DOMAIN	12
TAX_WORLDMAMMALS_DRILLS	12
TAX_FNCACT_INFANTRYMEN	12
TAX_FNCACT_COMPANIONS	12
WB_2163_PUBLIC_HEALTH_REGULATION	12
TAX_WORLDMAMMALS_BAT	12
TAX_FNCACT_FIRST_SERGEANT	12
WB_1785_ENVIRONMENTAL_POLICIES_AND_INSTITUTIONS	12
TAX_DISEASE_SUBSTANCE_ABUSE	12
WB_2207_THEMATIC_BASED_PPPS	11
TAX_FNCACT_PEER	11
TAX_ETHNICITY_IRANIANS	11
NATURAL_DISASTER_HEAVY_SNOW	11
WB_2206_PUBLIC_PRIVATE_PARTNERSHIPS	11
TAX_ETHNICITY_PALESTINIAN	11
WB_999_PPP_IN_IRRIGATION	11
WB_2416_INTERNET_OF_THINGS	11
MOVEMENT_ENVIRONMENTAL	11
TAX_ETHNICITY_TURKISH	11
MANMADE_DISASTER_ABANDON_SHIP	11
WB_2171_NURSING_HOMES	11
WB_1786_ENVIRONMENTAL_SUSTAINABILITY	11
TAX_FNCACT_WITCH	11
HEALTH_PANDEMIC	11
TAX_WORLDLANGUAGES_SENECA	11
WB_2449_PARAMILITARIES	11
TAX_TERROR_GROUP_LIBERATION_ARMY	11
TAX_FNCACT_VENDOR	11
TAX_WORLDMAMMALS_CATS	11
TAX_FNCACT_TENANTS	11
TAX_DISEASE_BRAIN_INJURIES	11
TAX_FNCACT_ASSOCIATE_DIRECTOR	11
TAX_FNCACT_RESERVIST	11
TAX_FNCACT_FOOL	11
WB_1291_PUBLIC_HEALTH_INSURANCE	11
ACT_FORCEPOSTURE	11
TAX_AIDGROUPS_AMERICAN_RED_CROSS	11
TAX_FNCACT_WINGMAN	11
TAX_RELIGION_MUSLIMS	11
TAX_FNCACT_GUNNERS	11
TAX_FNCACT_SHEPHERD	11
WB_2054_SIZE_OF_THE_PUBLIC_SERVICE	11
WB_2085_PUBLIC_SECTOR_DOWNSIZING	11
TAX_FNCACT_INVENTOR	11
TAX_FNCACT_VETERINARIANS	11
TAX_FNCACT_VETERINARIAN	11
TAX_FNCACT_ADJUTANT_GENERAL	11
TAX_FOODSTAPLES_SOYBEAN	11
TAX_DISEASE_DUMPING	11
TAX_FNCACT_MILITARY_MEN	11
NATURAL_DISASTER_STORM_DAMAGE	10
TAX_FNCACT_MAIL_CARRIER	10
WB_2663_EBOLA	10
TAX_WORLDLANGUAGES_YAKIMA	10
VANDALIZE	10
TAX_ETHNICITY_POLES	10
MANMADE_DISASTER_RADIOACTIVE	10
TAX_TERROR_GROUP_ALSHABAAB	10
TAX_FNCACT_CHEFS	10
TAX_DISEASE_INFECTIOUS_DISEASE	10
BULLYING	10
TAX_FNCACT_POLICEMAN	10
WB_1614_NUTRITIONAL_PROGRAMS	10
SOC_POINTSOFINTEREST_HEALTH_CENTER	10
TAX_DISEASE_FLU	10
TAX_FNCACT_LECTURER	10
WB_2132_APPRENTICESHIP	10
TAX_WORLDLANGUAGES_HEBREW	10
TAX_FNCACT_WINGMEN	10
TAX_ETHNICITY_KENYAN	10
WB_693_POSTAL_SERVICES	10
TAX_WEAPONS_CRUISE_MISSILES	10
TAX_FNCACT_GENERAL_OFFICER	10
WB_174_CROP_PRODUCTION	10
ECON_INTEREST_RATES	10
TAX_FNCACT_PRACTITIONERS	10
TAX_FNCACT_MANAGING_DIRECTOR	10
WB_149_WASTEWATER_TREATMENT_AND_DISPOSAL	10
WB_571_CLIMATE_SCIENCE	10
TAX_FNCACT_QUARTERMASTER	10
TAX_FNCACT_MUSICIAN	10
WB_2401_ICT_INNOVATION_METHODOLOGIES	10
TAX_FNCACT_EXAMINER	10
WB_862_GROWTH_POLES_AND_ECONOMIC_ZONES	10
TAX_FNCACT_BORDER_PATROL_AGENT	10
ENV_WINDPOWER	10
TAX_FNCACT_LABORERS	10
TAX_ETHNICITY_MUSLIMS	10
WB_2667_RURAL_DEVELOPMENT	10
TAX_FNCACT_EDUCATOR	10
TAX_FNCACT_NONCOMMISSIONED_OFFICERS	10
WB_1896_FUNDAMENTAL_AREAS_OF_THE_LAW	10
TAX_TERROR_GROUP_PEOPLE_LIBERATION_ARMY	10
TAX_FNCACT_EXECUTIVE_OFFICERS	10
TAX_DISEASE_HEART_ATTACK	10
TAX_FNCACT_CHAIRMAN_OF_THE_BOARD	10
TAX_WORLDMAMMALS_DEER	10
TAX_FNCACT_MILITARY_LEADER	10
TAX_FNCACT_DRILL_INSTRUCTORS	10
TAX_DISEASE_EBOLA	10
TAX_FNCACT_SPORTSMAN	10
TAX_WORLDFISH_POWS	10
TAX_FOODSTAPLES_BREAD	10
VIOLENT_UNREST	10
WB_2418__D_PRINTING	10
NATURAL_DISASTER_WILDFIRES	9
TAX_WORLDMAMMALS_GOPHERS	9
TAX_FNCACT_CIVIL_SERVANTS	9
TAX_FNCACT_CHIEF_INFORMATION_OFFICER	9
TAX_FNCACT_MISSIONARY	9
TAX_FNCACT_COMEDIAN	9
TAX_WORLDFISH_SHARK	9
TAX_WORLDMAMMALS_TIGERS	9
TAX_FNCACT_COUNCILWOMAN	9
TAX_FNCACT_SAILOR	9
TAX_DISEASE_TRANSITIONAL	9
TAX_FNCACT_STAFF_OFFICER	9
TAX_WORLDLANGUAGES_KICKAPOO	9
TAX_FNCACT_AMBASSADORS	9
TAX_FNCACT_JUDGE_ADVOCATE_GENERAL	9
REBELS	9
TAX_FNCACT_ELDERS	9
TAX_FNCACT_ELDER	9
TAX_FNCACT_APPRAISER	9
TAX_DISEASE_PATHOGENS	9
TAX_FNCACT_BUYER	9
ECON_TRADE_DISPUTE	9
TAX_WORLDINSECTS_BEE	9
NATURAL_DISASTER_BLIZZARD	9
TAX_FNCACT_FIRST_LIEUTENANT	9
EPU_POLICY_INTEREST_RATES	9
HUMAN_RIGHTS_ABUSES_CONCENTRATION_CAMPS	9
TAX_WEAPONS_PISTOLS	9
TAX_WORLDMAMMALS_RAT	9
WB_700_INEQUALITY_AND_SHARED_PROSPERITY	9
TAX_FNCACT_ASTRONAUT	9
TAX_FNCACT_YOUNGSTERS	9
TAX_FNCACT_AUDITOR	9
TAX_ECON_FREETRADEAGREEMENTS	9
WB_2410_CROWDSOURCING	9
WB_1202_INDUSTRIAL_ZONES	9
WB_2509_GENOCIDE	9
TECH_BIGDATA	9
TAX_FNCACT_TROOPERS	9
WB_2197_ENVIRONMENTAL_ENGINEERING	9
CRISISLEX_C02_NEEDSPROVIDE_FOOD	9
WB_2031_RIGHT_TO_INFORMATION	9
WB_837_OPEN_GOVERNMENT_AND_TRANSPARENCY	9
MANMADE_DISASTER_TRAIN_ACCIDENT	9
TAX_FNCACT_STAFF_MEMBER	9
NATURAL_DISASTER_FLOOD_WATER	9
TAX_FNCACT_LINGUIST	9
NATURAL_DISASTER_HIGH_WINDS	9
WB_873_NON_TRADITIONAL_DATA_DRIVEN_MANAGEMENT	9
TAX_FNCACT_DEACON	9
WB_1857_ARBITRATION	9
WB_1797_SOLID_WASTE	9
WB_528_SOLAR_ENERGY	9
INEQUALITY	9
TAX_FNCACT_CARPENTERS	9
TAX_WEAPONS_CRUISE_MISSILE	9
ECON_INFLATION	9
ECON_FREETRADE	9
TAX_WEAPONS_DESTROYERS	9
NATURAL_DISASTER_WILDFIRE	9
WB_661_BIG_DATA	9
WB_872_SMART_CITIES	9
TAX_WORLDBIRDS_OSPREY	9
TAX_DISEASE_FATIGUE	8
TAX_FNCACT_AVIATOR	8
WB_853_FINANCIAL_LAWS_AND_REGULATIONS	8
TAX_WORLDLANGUAGES_GREEN_RIVER	8
TAX_ETHNICITY_LATINOS	8
CRISISLEX_C01_CHILDREN_AND_EDUCATION	8
TAX_ETHNICITY_NAVAJO	8
TAX_FNCACT_MESSENGER	8
WB_1419_TUBERCULOSIS	8
TAX_DISEASE_TUBERCULOSIS	8
TAX_WORLDLANGUAGES_NAVAJO	8
TAX_WORLDFISH_BLUE_EYES	8
TAX_WORLDMAMMALS_CAT	8
TAX_TERROR_GROUP_VAGOS_MOTORCYCLE_CLUB	8
TAX_ETHNICITY_THAI	8
EMERG_FIELDHOSPITAL	8
TAX_RELIGION_MORMON	8
ECON_WORLDCURRENCIES_CANADIAN_DOLLARS	8
TAX_SPECIAL_ISSUES_OBAMACARE	8
TAX_FNCACT_BOUNCER	8
TAX_WORLDFISH_TORPEDO	8
TAX_WEAPONS_TORPEDO	8
WB_1671_MINIMUM_WAGES	8
TAX_FNCACT_PARAMEDIC	8
TAX_FNCACT_REGULATOR	8
TAX_FNCACT_GUARDSMEN	8
TAX_FNCACT_STEWARD	8
WB_969_CAPITAL_MARKETS_LAW_AND_REGULATION	8
UNREST_NATIONAL_SELF_DEFENSE	8
TAX_FNCACT_NOVELIST	8
WB_2575_TRADE_POLICY_AND_INVESTMENT_AGREEMENTS	8
TAX_FNCACT_GENTLEMEN	8
WB_820_DISASTER_RISK_MANAGEMENT	8
TAX_FOODSTAPLES_POTATOES	8
NATURAL_DISASTER_VOLCANIC	8
TAX_FNCACT_CARPENTER	8
TAX_FOODSTAPLES_SOYBEANS	8
WB_1815_FUEL_TAXES	8
WB_2447_MERCENARIES	8
FIREARM_OWNERSHIP	8
MIL_MERCENARIES	8
WB_2947_OPERATING_SYSTEMS	8
TAX_WORLDLANGUAGES_UKRAINIANS	8
TAX_TERROR_GROUP_BLACK_PANTHER	8
TAX_FNCACT_OUTLAW	8
TAX_FNCACT_STAFF_MEMBERS	8
TAX_ETHNICITY_UKRAINIANS	8
TAX_FNCACT_CHAIRPERSON	8
TAX_FNCACT_CONGRESSMEN	8
WB_529_WIND_ENERGY	8
TAX_FNCACT_CLERKS	8
TAX_FNCACT_ARCHAEOLOGIST	8
SOC_EXPRESSSUPPORT	8
TAX_FNCACT_ELECTRICAL_ENGINEER	8
TAX_WORLDLANGUAGES_SKAGIT	8
TAX_FNCACT_TRUCK_DRIVER	8
TAX_FNCACT_STAFFERS	8
LITERACY	8
WB_1789_PHYSICAL_AND_CULTURAL_RESOURCES	8
TAX_ETHNICITY_PALESTINIANS	8
UNGP_SUPPORT_FOR_PEOPLE_WHO_CANT_WORK	8
TAX_ETHNICITY_VENEZUELAN	8
TAX_DISEASE_HERNIA	8
WB_1674_HEALTH_AND_SAFETY_CONDITIONS	8
TAX_POLITICAL_PARTY_COMMUNIST_PARTY	8
TAX_FNCACT_MAGNATE	8
TAX_FNCACT_CHEF	8
UNREST_ULTIMATUM	8
TAX_FNCACT_TEST_PILOT	8
TAX_ETHNICITY_HAWAIIAN	8
TAX_WORLDLANGUAGES_HAWAIIAN	8
TAX_WORLDLANGUAGES_ANGIE	8
TAX_FNCACT_THERAPIST	8
TAX_TERROR_GROUP_KU_KLUX_KLAN	8
TAX_ETHNICITY_COLOMBIAN	8
WB_756_VULNERABLE_GROUPS	7
TAX_FNCACT_ARCHITECTS	7
TAX_WEAPONS_EXPLOSIVELY_FORMED_PENETRATORS	7
UNGP_PHONE_INTERNET_ACCESS_SLOW	7
WB_442_INFLATION	7
WB_2824_INTERNSHIP	7
TAX_FNCACT_HACKER	7
TAX_ETHNICITY_AUSTRALIANS	7
TAX_FNCACT_POET	7
SOC_INTELSHARING	7
TAX_RELIGION_ISLAM	7
TAX_WORLDMAMMALS_RABBIT	7
TAX_WEAPONS_ROADSIDE_BOMBS	7
TAX_MILITARY_TITLE_2ND_LT	7
WB_1907_PERSONAL_PROPERTY_RIGHTS	7
TAX_FNCACT_COLUMNIST	7
UNGP_PHONE_INTERNET_ACCESS_COST	7
TAX_DISEASE_COMA	7
TAX_TERROR_GROUP_AL_QAEDA	7
MIL_WEAPONS_PROLIFERATION	7
WB_674_SHARED_INFRASTRUCTURE	7
TAX_FNCACT_POLITICO	7
WB_1028_INTERNATIONAL_BOUNDARIES	7
WB_1792_ENVIRONMENTAL_HEALTH	7
TAX_DISEASE_INFLUENZA	7
TAX_FNCACT_CONGRESSWOMEN	7
SOC_DIPLOMRECOG	7
TAX_RELIGION_SHIA	7
TAX_FNCACT_RESERVISTS	7
TAX_WORLDFISH_WALLEYES	7
TAX_WEAPONS_BATTLESHIP	7
TAX_FNCACT_ANGLER	7
TAX_WORLDFISH_ANGLER	7
TAX_DISEASE_DISRUPTIVE	7
NATURAL_DISASTER_ICY	7
WB_2823_ON_THE_JOB_TRAINING	7
TAX_FNCACT_COMPOSER	7
TAX_ETHNICITY_GREEK	7
TAX_WORLDLANGUAGES_GREEK	7
WB_509_NUCLEAR_ENERGY	7
TAX_FOODSTAPLES_WHEAT	7
TAX_FNCACT_APPOINTEES	7
TAX_WORLDFISH_PIKE	7
TAX_WORLDLANGUAGES_LOMBARDO	7
TAX_FNCACT_COLOR_GUARD	7
TAX_FNCACT_2ND_LT	7
WB_551_GAS_TRANSPORTATION_STORAGE_AND_DISTRIBUTION	7
WB_676_CLOUD_COMPUTING	7
TAX_FNCACT_SETTLERS	7
WB_774_CUSTOMS_AND_BORDER_MANAGEMENT	7
TAX_FNCACT_CORONER	7
TAX_WEAPONS_TEAR_GAS	7
WB_1983_HEALTHY_OCEANS	7
WB_1700_NONMETALLIC_MINERAL_MINING_AND_QUARRYING	7
TAX_WORLDBIRDS_BALD_EAGLE	7
TAX_WORLDLANGUAGES_BASQUES	7
NATURAL_DISASTER_WINTER_STORMS	7
WB_728_PUBLIC_SERVICE_DELIVERY	7
TAX_ETHNICITY_KOREANS	7
TAX_FNCACT_ATHLETE	7
TAX_WORLDLANGUAGES_KOREANS	7
TAX_FNCACT_CHIROPRACTOR	7
TAX_FNCACT_INTERN	7
TAX_ETHNICITY_APACHE_INDIAN	7
TAX_DISEASE_TUMOR	7
WB_1897_FAMILY_LAW	7
TAX_FNCACT_WARRANT_OFFICERS	7
TAX_FNCACT_SMELTER	7
TAX_WORLDBIRDS_MAO	7
TAX_WORLDLANGUAGES_CHEYENNE	7
TAX_FNCACT_INNOVATOR	7
TAX_WORLDLANGUAGES_GRESIK	7
TAX_WORLDLANGUAGES_NORWEGIAN	7
NATURAL_DISASTER_STRONG_WINDS	7
TAX_FNCACT_MATHEMATICIAN	7
TAX_FNCACT_FLIGHT_INSTRUCTOR	7
TAX_FNCACT_COLUMNISTS	7
TAX_FNCACT_LIEUTENANTS	7
WB_2595_ANTI_CORRUPTION_IN_CUSTOMS_ADMINISTRATION	7
TAX_ETHNICITY_BASQUES	7
NATURAL_DISASTER_SNOWSTORMS	7
MANMADE_DISASTER_CAR_ACCIDENT	7
TAX_AGRICULHARMINSECTS	7
TAX_WORLDCRUSTACEANS_SHELLFISH	7
WB_1653_TRAINING_SERVICES	7
GOV_FOIA	7
TAX_DISEASE_SARS	7
TAX_FNCACT_BUSINESSMEN	7
NATURAL_DISASTER_MAGMA	7
TAX_DISEASE_SEIZURES	7
TAX_WORLDLANGUAGES_HUNGARIAN	7
TAX_FNCACT_DISTRIBUTOR	7
TAX_FNCACT_PRESIDING_OFFICER	7
TAX_WORLDLANGUAGES_TERRI	7
WB_2458_HUMAN_TRAFFICKING	7
TAX_ETHNICITY_HUNGARIAN	7
TAX_WORLDMAMMALS_MOUSE	7
WB_809_RESILIENT_CITIES	7
TAX_FNCACT_COPILOT	7
TAX_WORLDREPTILES_SNAKES	7
NATURAL_DISASTER_FLOODWATER	7
TAX_FNCACT_FACILITATORS	6
TAX_WORLDLANGUAGES_COMANCHE	6
WB_2000_SANITATION	6
TAX_FNCACT_PROSTHODONTIST	6
NATURAL_DISASTER_DROWNED	6
TAX_FNCACT_SEAMAN	6
WB_1787_NATURAL_HABITATS	6
MANMADE_DISASTER_OIL_SPILL	6
TAX_WEAPONS_SMALL_ARMS_FIRE	6
TAX_FNCACT_CFO	6
TAX_WORLDLANGUAGES_SNOHOMISH	6
TAX_DISEASE_GAMBLING	6
WB_2076_MONEY_LAUNDERING	6
TAX_WORLDMAMMALS_SHEEP	6
TAX_WORLDLANGUAGES_LAKOTA	6
ECON_MONEYLAUNDERING	6
TAX_FNCACT_STATESMAN	6
TAX_FNCACT_COUNSELOR	6
NATURAL_DISASTER_HIGH_WATERS	6
TAX_DISEASE_BREAST_CANCER	6
TAX_POLITICAL_PARTY_LABOUR_PARTY	6
TAX_FNCACT_CHIEF_ENGINEER	6
TAX_FNCACT_SURGEON_GENERAL	6
TAX_WORLDBIRDS_RIFLEMAN	6
TAX_WORLDLANGUAGES_SPOKANE	6
TAX_FNCACT_BUREAUCRATS	6
TAX_FNCACT_CIRCUIT_JUDGE	6
TAX_TERROR_GROUP_QUDS_FORCE	6
TAX_FNCACT_PUBLIC_SERVANTS	6
MED_EMERGENCYROOM	6
TAX_FNCACT_CRAFTSMAN	6
TAX_WEAPONS_BATTLESHIPS	6
WB_1798_WATER_POLLUTION	6
WB_2788_LABOR_MARKET_INSTITUTIONS_AND_POLICIES	6
TAX_WORLDCRUSTACEANS_SHRIMP	6
TAX_DISEASE_CORONAVIRUSES	6
TAX_FNCACT_CHANCELLOR	6
TAX_FNCACT_NOMINEES	6
TAX_FNCACT_MODERATOR	6
MANMADE_DISASTER_WITHOUT_POWER	6
WB_441_BALANCE_OF_PAYMENTS	6
WB_1499_PARENT_FAMILY_COMMUNITY_INVOLVEMENT_IN_EDUCATION	6
TAX_FNCACT_PETTY_OFFICER	6
NATURAL_DISASTER_LANDSLIDE	6
TAX_FNCACT_QUEENS	6
TAX_FNCACT_WEAVER	6
TAX_WORLDFISH_BARB	6
TAX_ETHNICITY_DIME	6
TAX_ETHNICITY_CANADIANS	6
TAX_FNCACT_TANK_DRIVERS	6
TAX_FNCACT_COOKS	6
WB_1100_SUSTAINABLE_GROWTH	6
NATURAL_DISASTER_FLASH_FLOOD	6
TAX_ETHNICITY_SCOTTISH	6
WB_2598_HUMAN_RESOURCE_MANAGEMENT	6
TAX_WORLDFISH_STEELHEAD	6
TAX_DISEASE_FLUSHING	6
TAX_FNCACT_UNDERSECRETARY	6
TAX_RELIGION_ORTHODOX	6
TAX_FNCACT_CONSTABLE	6
TAX_DISEASE_CONTAGIOUS	6
TAX_DISEASE_MESOTHELIOMA	6
TAX_FNCACT_PRESENTER	6
WB_957_GOVERNMENT_PROCUREMENT	6
SOC_POINTSOFINTEREST_HEALTH_CENTERS	6
TAX_FNCACT_COMPTROLLER	6
MANMADE_DISASTER_EMERGENCY_LANDING	6
WB_2961_RESILIENT_INFRASTRUCTURE	6
TAX_DISEASE_ANIMAL_DISEASES	6
WB_479_EARLY_CHILD_DEVELOPMENT	6
TAX_FNCACT_SPECIAL_EDUCATION_TEACHER	6
NATURAL_DISASTER_ERUPTION	6
TAX_WORLDFISH_WHITE_SHARK	6
SOC_POINTSOFINTEREST_HIGH_SCHOOLS	6
TAX_FNCACT_TRIAL_LAWYER	6
NATURAL_DISASTER_DROUGHTS	6
WB_1167_EQUALITY_OF_OPPORTUNITIES	6
TAX_FNCACT_PSYCHOLOGIST	6
TAX_FNCACT_GRADER	6
WB_1705_DISASTER_PREPAREDNESS	6
TAX_FNCACT_FISHERMAN	6
NATURAL_DISASTER_DROWNING	6
ECON_PROPANE	6
WB_175_FERTILIZERS	6
TAX_FNCACT_ACCOUNTANT	6
TAX_FNCACT_MILITIAMEN	6
SOC_MARGINALIZE	6
TAX_FNCACT_CAPTAINS	6
WB_1421_INFLUENZA	6
SOC_POINTSOFINTEREST_FORWARD_OPERATING_BASE	6
TAX_FNCACT_TECHNICIANS	6
TAX_FNCACT_HUNTERS	6
WB_2139_COMMUNITY_OUTREACH	6
TAX_WORLDMAMMALS_ELK	6
TAX_FNCACT_MINORITY_LEADER	6
TAX_FNCACT_FIGHTER_PILOTS	6
TAX_FNCACT_PREACHER	5
WB_874_LOCAL_FINANCE	5
TAX_FNCACT_SALES_MANAGER	5
WB_829_FISCAL_DECENTRALIZATION	5
TAX_ETHNICITY_SUNNI	5
TAX_WORLDFISH_STURGEON	5
TAX_RELIGION_SUNNI	5
WB_963_NATURAL_RESOURCES_LAW	5
WB_1021_WATER_LAW	5
UNGP_JOB_OPPORTUNITIES_WORKING_CONDITIONS	5
TAX_FNCACT_USHERS	5
WB_938_MEDIATION	5
TAX_RELIGION_CHURCH_OF_JESUS_CHRIST	5
WB_1817_CONGESTION	5
TAX_FNCACT_MASONS	5
TAX_DISEASE_MALARIA	5
WB_1420_MALARIA	5
TAX_FNCACT_MARINERS	5
UNSAFE_WORK_ENVIRONMENT	5
WB_1613_FOOD_STAMPS	5
TAX_DISEASE_HEART_FAILURE	5
TAX_FNCACT_BUILDER	5
CONFISCATION	5
WB_2944_SERVERS	5
TAX_FNCACT_DEMONSTRATORS	5
TAX_ECON_FREETRADEAGREEMENTS_NAFTA	5
TAX_FNCACT_POLITICAL_LEADERS	5
WB_671_STORAGE_MANAGEMENT	5
EMERG_HAZMAT	5
WB_641_REPRODUCTIVE_AND_MATERNAL_HEALTH	5
TAX_WORLDLANGUAGES_CAYUGA	5
NATURAL_DISASTER_EARTHQUAKES	5
TAX_FNCACT_AIR_COMMODORE	5
ECON_SOVEREIGN_DEBT	5
TAX_WORLDLANGUAGES_SHERI	5
ENV_NUCLEARPOWER	5
BLACK_MARKET	5
UNREST_ACQUIRE_WEAPONS	5
NATURAL_DISASTER_FRIGID	5
TAX_DISEASE_POISONING	5
WB_334_EQUITY_MARKETS	5
TAX_MILITARY_TITLE_AIR_COMMODORE	5
TAX_FNCACT_DIGGER	5
TAX_WORLDLANGUAGES_CAROLINIANS	5
WB_2648_BUSINESS_ENABLERS_INCUBATORS_AND_ACCELERATORS	5
TAX_WEAPONS_SUICIDE_BOMB	5
TAX_FNCACT_PHILANTHROPIST	5
WB_1918_SECURITIES_MARKETS	5
EXILE	5
TAX_FNCACT_HONOR_GUARDS	5
WB_656_PORTFOLIO_MANAGEMENT	5
TAX_FNCACT_LEGIONNAIRE	5
TAX_FNCACT_COMMISSIONED_OFFICERS	5
WB_1616_SUPPLEMENTARY	5
WB_1615_THERAPEUTIC	5
TAX_ETHNICITY_SHIITE	5
TAX_FNCACT_PSYCHIATRIST	5
WB_751_SOCIAL_INSURANCE	5
TAX_DISEASE_ENCEPHALITIS	5
TAX_RELIGION_SHIITE	5
TAX_WORLDMAMMALS_BATS	5
TAX_FNCACT_ECOLOGIST	5
WB_1256_CREDIT_UNIONS	5
WB_1793_HAZARDOUS_WASTES	5
WB_1624_SOCIAL_PENSIONS	5
TAX_FNCACT_COMMISSIONED_OFFICER	5
TAX_WORLDMAMMALS_FOXES	5
TAX_RELIGION_PROTESTANT	5
WB_2137_SOFT_SKILLS	5
TAX_FNCACT_LAW_CLERK	5
ENV_FORESTRY	5
TAX_WORLDBIRDS_WARBLERS	5
TAX_WORLDLANGUAGES_WANDA	5
TAX_WEAPONS_SHOTGUNS	5
TREASON	5
TAX_FNCACT_BUTCHER	5
ECON_BUDGET_DEFICIT	5
TAX_ETHNICITY_CHOPS	5
TAX_DISEASE_ANEURYSM	5
WB_768_INTERNATIONAL_STANDARDS_AND_TECHNICAL_REGULATIONS	5
TAX_FNCACT_CHIEF_PETTY_OFFICER	5
WB_778_NON_TARIFF_MEASURES	5
TAX_WORLDLANGUAGES_BURMA	5
WB_569_HYDROMET_SERVICES	5
TAX_WORLDFISH_COD	5
TAX_RELIGION_BUDDHIST	5
WB_568_CLIMATE_SERVICES	5
TAX_FNCACT_ORDERLY	5
TAX_ETHNICITY_BUDDHIST	5
TAX_FNCACT_GANGSTERS	5
TAX_WEAPONS_ROCKETPROPELLED_GRENADE	5
WB_758_ORPHANS	5
TAX_WORLDLANGUAGES_AZERBAIJAN	5
TAX_FNCACT_PORTERS	5
TAX_MILITARY_TITLE_PETTY_OFFICER	5
TAX_FNCACT_ADJUNCT_FACULTY	5
TAX_FNCACT_CHAMPIONS	5
TAX_FNCACT_PRACTITIONER	5
SOC_FASCISM	5
TAX_FNCACT_CASHIER	5
TAX_FNCACT_FEDERAL_AGENTS	5
NATURAL_DISASTER_HEAVY_WIND	5
WB_1434_HEART_DISEASE	5
TAX_WORLDCRUSTACEANS_CRAB	5
WB_484_LIFELONG_LEARNING	5
WB_942_ACCESS_TO_JUSTICE	5
WB_1353_PHARMACEUTICAL_SUPPLY_CHAIN	5
TAX_FNCACT_PARALEGAL	5
TAX_WORLDLANGUAGES_SAXON	5
WB_491_QUALITY_OF_EDUCATION	5
WB_2129_TEXTBOOKS	5
TAX_FNCACT_SECURITY_OFFICER	5
WB_932_DEMOBILISATION_DISARMAMENT_AND_REINTEGRATION	5
WB_1134_CAPITAL_ACCOUNT	5
WB_2737_EMPLOYEE_BENEFITS	5
WB_2474_DISARMAMENT_DEMOBILIZATION_REINTEGRATION	5
TAX_DISEASE_SUBARACHNOID_HEMORRHAGE	5
NATURAL_DISASTER_MONSOON	5
TAX_FNCACT_TRANSLATOR	5
WB_721_STATE_OWNED_ENTERPRISES	5
TAX_WORLDLANGUAGES_ARBOR	5
TAX_DISEASE_MISCARRIAGE	5
TAX_FNCACT_ASSEMBLYMAN	5
TAX_DISEASE_ALZHEIMER	5
TAX_CHRONICDISEASE_ALZHEIMER	5
GOV_REPATRIATION	5
WB_1048_MARINE_PROTECTED_AREAS	5
TAX_FNCACT_REPAIRER	5
NATURAL_DISASTER_DROWN	5
WB_1057_SUSTAINABLE_FOREST_MANAGEMENT	5
TAX_FNCACT_NEUROSURGEON	5
TAX_FNCACT_BOSSES	5
TAX_FNCACT_COACHES	5
TAX_FNCACT_TECHNICAL_SERGEANT	5
TAX_FNCACT_SELECTMEN	5
TAX_WORLDLANGUAGES_COWLITZ	4
TAX_FNCACT_ENSIGN	4
WB_883_TAX_INCENTIVES	4
WB_1285_BUSINESS_TAXATION	4
SOC_POINTSOFINTEREST_FIRE_STATION	4
TAX_FNCACT_WARDEN	4
WB_2194_ANIMAL_WELFARE	4
LEG_CONSTITUTIONALAMENDMENT	4
WB_2802_WORKING_CONDITIONS	4
TAX_DISEASE_DEMENTIA	4
TAX_FNCACT_CTO	4
TAX_FNCACT_ASSISTANTS	4
TAX_TERROR_GROUP_SELF_DEFENSE_FORCE	4
TAX_WORLDBIRDS_DUCKS	4
WB_1444_GROWTH_MONITORING	4
WB_2738_LABOR_EARNINGS	4
TAX_WORLDMAMMALS_WILDCAT	4
TAX_MILITARY_TITLE_REAR_ADMIRAL	4
ECON_WORLDCURRENCIES_CANADIAN_DOLLAR	4
WB_1445_STUNTING	4
TAX_FNCACT_REAR_ADMIRAL	4
WB_512_GAS_FIRED_POWER	4
TAX_FNCACT_CLIMATOLOGIST	4
WB_2844_EMIGRATION	4
TAX_DISEASE_THYROID_CANCER	4
TAX_WORLDLANGUAGES_ARABIC	4
TAX_FNCACT_ADMIRALS	4
WB_2363_MOBILE_APPLICATIONS	4
TAX_FNCACT_UNEMPLOYED	4
TAX_WORLDLANGUAGES_PALAU	4
TAX_WORLDLANGUAGES_OKANOGAN	4
TAX_FNCACT_NURSE_PRACTITIONER	4
TAX_WORLDLANGUAGES_AGER	4
TAX_FNCACT_PATRIARCH	4
TAX_FNCACT_FLAG_OFFICERS	4
TAX_DISEASE_EPILEPSY	4
TAX_FNCACT_COLONELS	4
TAX_FNCACT_CONSUL	4
TAX_WORLDLANGUAGES_UZBEK	4
WB_877_ASSET_MANAGEMENT	4
HUMAN_RIGHTS_ABUSES_HUMAN_RIGHTS_ABUSES	4
REL_ANTISEMITISM	4
TAX_WORLDFISH_BIGHEAD_CARP	4
WB_833_INSTITUTIONAL_REFORM	4
WB_919_GENDER_AND_HUMAN_DEVELOPMENT	4
WB_1523_TEACHERS_MANAGEMENT	4
TAX_FNCACT_COMMANDING_OFFICERS	4
TAX_WEAPONS_TORPEDOES	4
TAX_ETHNICITY_WELSCH	4
TAX_ETHNICITY_UZBEK	4
TAX_FNCACT_PROVOST	4
TAX_FNCACT_STATISTICIAN	4
NATURAL_DISASTER_CHILL	4
NATURAL_DISASTER_LANDSLIDES	4
TAX_FNCACT_PHOTOJOURNALIST	4
TAX_DISEASE_PLAGUE	4
TAX_ECON_FREETRADEAGREEMENTS_FREE_TRADE_AGREEMENT	4
WB_2581_PREFERENTIAL_TRADE_AND_INVESTMENT_AGREEMENTS	4
TAX_FNCACT_LECTURERS	4
TAX_RELIGION_SIKH	4
WB_1245_FINANCIAL_VULNERABILITY_AND_RISKS	4
WB_327_VULNERABILITY_AND_RISK_ASSESSMENTS	4
TAX_TERROR_GROUP_SHABAAB	4
TAX_FNCACT_GANGSTER	4
WB_2198_CHEMICAL_ENGINEERING	4
TAX_DISEASE_HEART_DISEASE	4
TAX_FNCACT_PROPHET	4
TAX_FNCACT_STEWARDS	4
TAX_CHRONICDISEASE_HEART_DISEASE	4
TAX_WORLDLANGUAGES_SAMARITAN	4
TAX_FNCACT_ARTILLERYMEN	4
TAX_WORLDLANGUAGES_IRISH	4
TAX_ETHNICITY_IRISH	4
WB_747_SOCIAL_RESILIENCE_AND_CLIMATE_CHANGE	4
TAX_FNCACT_CONDUCTOR	4
TAX_DISEASE_HYPOTHERMIA	4
TAX_WORLDLANGUAGES_CIARA	4
NATURAL_DISASTER_HYPOTHERMIA	4
TAX_DISEASE_INTRINSIC	4
ECON_EARNINGSREPORT	4
WB_1597_VETERANS_BENEFITS	4
TAX_FNCACT_ECONOMIST	4
TAX_WORLDLANGUAGES_LOMBARD	4
TAX_WORLDFISH_TORPEDOES	4
TAX_FNCACT_THIEVES	4
TAX_FNCACT_SCULPTOR	4
TAX_ETHNICITY_KURDS	4
TAX_ETHNICITY_FILIPINOS	4
TAX_WORLDLANGUAGES_FILIPINOS	4
WB_2497_COMBATANTS_AND_VETERANS	4
WB_2501_COMBATANT_AND_VETERAN_SUICIDE	4
TAX_FNCACT_ARBITRATOR	4
TAX_WORLDFISH_MARLIN	4
WB_1083_INFRASTRUCTURE_AND_GROWTH	4
TAX_FNCACT_MEDICAL_EXAMINER	4
WB_1893_TAX_LAW	4
TAX_TERROR_GROUP_HEZBOLLAH	4
TAX_ETHNICITY_BELGIAN	4
TAX_WORLDBIRDS_GOLDENCHEEKED_WARBLERS	4
WB_1982_EROSION_CONTROL	4
TAX_FNCACT_EXCAVATOR	4
TAX_WORLDARACHNIDS_SPIDER	4
TAX_FNCACT_FACILITATOR	4
TAX_WORLDLANGUAGES_CASTELLANOS	4
TAX_FNCACT_ANTHROPOLOGIST	4
WB_596_COASTAL_AND_MARINE_ECOSYSTEMS	4
TAX_FNCACT_BANKER	4
TAX_FNCACT_SELFEMPLOYED	4
TAX_FNCACT_CONSERVATIONIST	4
TAX_WORLDLANGUAGES_BAVARIAN	4
TAX_FNCACT_STATESMEN	4
TAX_RELIGION_NAZARENE	4
TAX_FNCACT_CHIEF_OF_POLICE	4
TAX_FNCACT_ENLISTED_MAN	4
TAX_DISEASE_CREASES	4
TAX_FNCACT_FEMINIST	4
TAX_DISEASE_VIRUS_INFECTION	4
UNREST_SELF_IDENTIFIED_HATE_CRIME	4
TAX_WORLDLANGUAGES_NOOKSACK	4
MANMADE_DISASTER_PLANE_CRASH	4
WB_2508_ETHNIC_CLEANSING	4
TAX_FNCACT_MORTGAGE_LOAN_OFFICER	4
TAX_DISEASE_BIRTH_DEFECTS	4
TAX_FNCACT_CLERGY	4
TAX_FNCACT_ENVOYS	4
TAX_FNCACT_FOREIGN_MINISTER	4
WB_436_FORESTRY	4
WB_776_TRADE_POLICY	4
TAX_ETHNICITY_PROTESTANT	4
TAX_WORLDLANGUAGES_TLINGIT	4
ECON_IPO	4
TAX_ETHNICITY_TLINGIT	4
WB_1452_FAMILY_PLANNING	4
NATURAL_DISASTER_COLD_SNAP	4
TAX_FNCACT_EVANGELIST	4
TAX_FNCACT_CRUSADERS	4
TAX_FNCACT_ORTHODONTIST	4
TAX_WORLDLANGUAGES_MANDARIN	4
TAX_FNCACT_SURGEONS	4
TAX_FNCACT_PORTFOLIO_MANAGER	4
TAX_FNCACT_SCREENWRITER	4
TAX_DISEASE_HYSTERIA	4
TAX_DISEASE_DEFICIENCY	4
TAX_WEAPONS_AIRCRAFT_CARRIER	4
TAX_FNCACT_PLAYWRIGHT	4
TAX_FNCACT_SOCIAL_WORKER	4
TAX_DISEASE_RESPIRATORY_ILLNESS	4
TAX_FNCACT_LOAN_OFFICER	4
TAX_DISEASE_YELLOW_FEVER	4
TAX_DISEASE_RASH	4
WB_1773_CLIMATE_CHANGE_IMPACTS	4
TAX_FNCACT_STAFF_OFFICERS	4
WB_659_ERP_SYSTEMS	4
TAX_FNCACT_MILITARY_MAN	4
TAX_ETHNICITY_INUPIAT	4
TAX_MILITARY_TITLE_CHIEF_PETTY_OFFICER	4
TAX_DISEASE_AUTISM	4
TAX_WORLDARACHNIDS_TICKS	3
TAX_FNCACT_NANNY	3
NATURAL_DISASTER_TORNADO	3
TAX_FNCACT_PLUMBER	3
WB_2179_AGRIBUSINESS	3
TAX_AIDGROUPS_SALVATION_ARMY	3
WB_1058_AGRIBUSINESS	3
TAX_FNCACT_ARTISAN	3
TAX_FNCACT_BEST_BOY	3
TAX_FNCACT_INSIDERS	3
NATURAL_DISASTER_SUSTAINED_WINDS	3
TAX_FNCACT_ADMIRALTY	3
WB_2666_LIFE_EXPECTANCY	3
NATURAL_DISASTER_LAVA	3
TAX_FNCACT_MEDICINE_WOMAN	3
TAX_FNCACT_ROLE_MODELS	3
TAX_WORLDLANGUAGES_STONEY	3
NATURAL_DISASTER_TORNADOES	3
TAX_WORLDMAMMALS_HUMANNESS	3
TAX_WORLDLANGUAGES_GEORGIAN	3
TAX_ETHNICITY_GEORGIAN	3
TAX_FNCACT_ROLE_MODEL	3
TAX_ETHNICITY_SHIITES	3
TAX_FNCACT_WELDER	3
TAX_RELIGION_SHIITES	3
TAX_FNCACT_NEWSPAPER_EDITORS	3
TAX_FNCACT_CARETAKER	3
WB_143_RURAL_WATER	3
TAX_FNCACT_PIRATE	3
ENV_POACHING	3
TAX_WORLDARACHNIDS_TICK	3
TAX_ETHNICITY_ALBANIAN	3
TAX_WORLDLANGUAGES_ALBANIAN	3
WB_1934_CIVILLIAN_POLICE_AND_SECURITY_SERVICES	3
WB_408_GREEN_BUILDINGS	3
WB_1084_TECHNOLOGY_TRANSFER_AND_DIFFUSION	3
ECON_MONOPOLY	3
TAX_DISEASE_BLINDNESS	3
TAX_FNCACT_KILLERS	3
TAX_FNCACT_PHARMACIST	3
TAX_FNCACT_PRESSMEN	3
TAX_WORLDFISH_PORGY	3
TAX_FNCACT_JEWELER	3
TAX_FNCACT_FIELD_MARSHAL	3
CRM_ARSON	3
TAX_FNCACT_STONER	3
TAX_WORLDLANGUAGES_MA_TO	3
TAX_FNCACT_PUBLIC_HEALTH_NURSE	3
WB_1778_FRESHWATER_ECOSYSTEMS	3
TAX_FNCACT_DRY_CLEANER	3
TAX_WORLDMAMMALS_GOPHER	3
MEDICAL_SECURITY	3
WB_1530_TEACHER_PAY_AND_INCENTIVES	3
TAX_POLITICAL_PARTY_HEZBOLLAH	3
TAX_FNCACT_PROCTOR	3
TAX_FNCACT_ENLISTED_MEN	3
TAX_DISEASE_TRAUMATIC_STRESS_DISORDER	3
TAX_DISEASE_HEADACHE	3
TAX_WORLDLANGUAGES_ETHIOPIAN	3
TAX_DISEASE_BIPOLAR_DISORDER	3
ECON_BANKRUPTCY	3
TAX_FNCACT_FASHION_MODEL	3
TAX_FNCACT_AGGRESSOR	3
WB_2156_CONTINUUM_OF_CARE	3
TAX_DISEASE_SWINE_FEVER	3
TAX_DISEASE_AFRICAN_SWINE_FEVER	3
TAX_WORLDMAMMALS_ASS	3
TAX_FNCACT_PUBLIC_SPEAKER	3
NATURAL_DISASTER_STORM_SURGES	3
WB_2845_HUMAN_CAPITAL_FLIGHT	3
TAX_DISEASE_ALLERGY	3
TAX_WORLDREPTILES_LIZARD	3
TAX_FNCACT_SHAMAN	3
NATURAL_DISASTER_VOLCANOES	3
HUMAN_RIGHTS_ABUSES_TORTURED	3
WB_1307_PRIMARY_CARE	3
TAX_DISEASE_ANOMALY	3
TAX_FNCACT_CREWMEN	3
TAX_FNCACT_MARINE_BIOLOGIST	3
TAX_FNCACT_SETTLER	3
TAX_FNCACT_CATTLEMEN	3
TAX_FNCACT_APPRENTICE	3
TAX_TERROR_GROUP_AL_SHABAAB	3
TAX_FNCACT_STRIKER	3
TAX_FNCACT_SOLIDERS	3
TAX_FNCACT_DRAFTEES	3
TAX_ETHNICITY_WEST_INDIAN	3
TAX_WORLDFISH_ROACH	3
TAX_TERROR_GROUP_BLACK_PANTHERS	3
TAX_FNCACT_PRIVATE_INVESTIGATOR	3
TAX_RELIGION_RASTAFARIANS	3
WB_1707_CONTINGENCY_PLANNING	3
MANMADE_DISASTER_PIPELINE_BURST	3
PIPELINE_INCIDENT	3
TAX_FNCACT_LIEUTENANT_GOVERNOR	3
TAX_FNCACT_DRILL_INSTRUCTOR	3
NATURAL_DISASTER_EXTREME_COLD	3
TAX_FNCACT_EMERGENCY_MEDICAL_TECHNICIAN	3
TAX_WORLDLANGUAGES_CHETCO	3
TAX_WORLDLANGUAGES_YAQUI	3
WB_1633_TARGETED_SOCIAL_PENSIONS	3
TAX_FNCACT_HELPER	3
WB_1634_OLD_AGE_PENSION	3
TAX_FNCACT_TOWN_CLERK	3
TAX_WORLDLANGUAGES_SIUSLAW	3
TAX_WORLDLANGUAGES_TAY	3
TAX_FNCACT_DECISION_MAKERS	3
TAX_ETHNICITY_TAY	3
WB_180_FOOD_SAFETY	3
TAX_RELIGION_SUNNI_MUSLIMS	3
TAX_FNCACT_REVEREND	3
TAX_WORLDBIRDS_MALIA	3
WB_2437_FEMALE_COMBATANTS	3
TAX_FNCACT_PASTORS	3
WB_1774_CLIMATE_FORECASTING	3
WB_2007_WATER_SAFETY_PLANS	3
TAX_FNCACT_TRUCKER	3
GOV_INTERGOVERNMENTAL	3
TAX_FNCACT_PIANIST	3
WB_2668_INCOME_INEQUALITY	3
CRIME_STEAL_LIVESTOCK	3
TAX_FNCACT_IMAM	3
TAX_WORLDLANGUAGES_NOTRE	3
WB_410_BUSINESS_LAW_AND_REGULATION	3
TAX_FNCACT_PREACHERS	3
TAX_DISEASE_ZIKA	3
TAX_FNCACT_SURVEYOR	3
TAX_DISEASE_CONVULSIONS	3
NATURAL_DISASTER_HIGH_WIND	3
TAX_FNCACT_FINANCIAL_ADVISER	3
TAX_WORLDFISH_CHINOOK_SALMON	3
TAX_PLANTDISEASE	3
TAX_FNCACT_DISPATCHER	3
SLFID_CAPACITY_BUILDING	3
MANMADE_DISASTER_HELICOPTER_CRASH	3
TAX_DISEASE_RESPIRATORY_DISTRESS_SYNDROME	3
TAX_ETHNICITY_MONGOLS	3
TAX_WORLDLANGUAGES_MONGOLS	3
WB_1612_EARLY_CHILDHOOD_EDUCATION	3
TAX_WORLDLANGUAGES_MENDE	3
TAX_FNCACT_WARLORD	3
TAX_WORLDLANGUAGES_KWONG	3
TAX_FNCACT_WING_COMMANDER	3
TAX_ETHNICITY_TAIWANESE	3
TAX_DISEASE_LEUKEMIA	3
WB_194_AGRICULTURAL_SUPPLY_CHAIN	3
TAX_FNCACT_COWMAN	3
TAX_FNCACT_LIBRARIAN	3
UNREST_CRACKDOWN	3
TAX_FNCACT_PARK_RANGER	3
TAX_WORLDFISH_CATFISH	3
TAX_FNCACT_LEFTISTS	3
TAX_DISEASE_ALCOHOLISM	3
TAX_WORLDLANGUAGES_SHAWNEE	3
WB_1226_INDUSTRIAL_CLUSTERS_AND_VALUE_CHAINS	3
TAX_FNCACT_DIVER	3
WB_921_SAFETY_NETS	3
TAX_POLITICAL_PARTY_GREEN_PARTY	3
TAX_MILITARY_TITLE_2ND_LIEUTENANT	3
TAX_FNCACT_2ND_LIEUTENANT	3
TAX_DISEASE_ANTHRAX	3
WB_178_PEST_MANAGEMENT	3
TAX_MILITARY_TITLE_WING_COMMANDER	3
WB_1432_HYPERTENSION	3
TAX_DISEASE_PREGNANCY	3
TAX_FNCACT_PADRE	3
WB_665_SOFTWARE_AS_A_SERVICE	3
WB_1960_FARM_INPUTS	3
WB_1959_LINKING_FARMERS_WITH_MARKETS	3
TAX_WORLDLANGUAGES_DANISH	3
TAX_WORLDLANGUAGES_BALABAN	3
SOC_AIDASSISTANCE	3
TAX_FNCACT_SOLICITOR	3
TAX_FNCACT_POLICES	3
TAX_FNCACT_DISTRICT_MANAGER	3
TAX_DISEASE_FARMER_LUNG	3
TAX_FNCACT_LOBBYIST	3
MANMADE_DISASTER_POWER_OUTAGES	3
TAX_FNCACT_HANDMAIDEN	3
WB_1841_SHORT_LIVED_CLIMATE_POLLUTANTS	3
WB_579_CLIMATE_CHANGE_MITIGATION	3
TAX_WORLDLANGUAGES_WICHITA	3
TAX_FNCACT_BARD	3
GOV_REFORM	3
TAX_WORLDLANGUAGES_NEZ_PERCE	3
TAX_ETHNICITY_HAITIAN	3
TAX_FNCACT_SPOKESMEN	3
WB_752_CONTRIBUTORY_BENEFITS	3
TAX_ETHNICITY_CHINOOKS	3
WB_2273_UPSTREAM_OIL_AND_GAS	3
WB_2303_FRACKING	3
TAX_DISEASE_SEVERE_ACUTE_RESPIRATORY_SYNDROME	3
TAX_FNCACT_PLOTTERS	3
TAX_WORLDREPTILES_CROCODILE	3
TAX_WORLDLANGUAGES_TAMARA	3
TAX_FNCACT_MANAGING_EDITOR	3
TAX_WORLDREPTILES_TURTLES	3
TAX_DISEASE_DENGUE	3
TAX_WORLDFISH_ATLANTIC_SALMON	3
TAX_WORLDCRUSTACEANS_LOBSTER	3
TAX_DISEASE_ZIKA_VIRUS	3
SOC_POINTSOFINTEREST_HIGHSCHOOL	3
TAX_WORLDLANGUAGES_KIOWA	3
TAX_FNCACT_FIGHTER_PILOT	3
TAX_ETHNICITY_MENDE	3
TAX_ETHNICITY_LITHUANIAN	3
TAX_WORLDLANGUAGES_LITHUANIAN	3
TAX_FNCACT_BRIDE	3
TAX_FNCACT_FOOT_SOLDIERS	3
WB_2744_LIVING_WAGES	3
TAX_WORLDLANGUAGES_MANGAS	3
TAX_FOODSTAPLES_SWEET_POTATOES	3
WB_2520_REPARATIONS	3
TAX_ETHNICITY_NAVAJOS	3
GOV_DISSOLVEGOV	3
WB_2370_DATA_SECURITY	3
NATURAL_DISASTER_COLD_SPELL	3
TAX_TERROR_GROUP_HAQQANI_NETWORK	3
TAX_FNCACT_NAVIGATOR	3
TAX_FNCACT_GENERAL_OFFICERS	3
TAX_FNCACT_MACHINISTS	3
TAX_DISEASE_MENTAL_ILLNESS	3
TAX_ETHNICITY_ASIANS	3
TAX_WEAPONS_AIR_DEFENSE_SYSTEMS	3
TAX_FNCACT_MACHINIST	3
TAX_RELIGION_CATHOLICISM	3
RELATIONS	3
WB_1447_GERIATRICS	2
TAX_FNCACT_PARK_RANGERS	2
TAX_WORLDMAMMALS_LEOPARD	2
TAX_FNCACT_EXECUTIVE_SECRETARY	2
TAX_WORLDFISH_GRENADIERS	2
ECON_WORLDCURRENCIES_YEN	2
MANMADE_DISASTER_KNOCKED_OUT_POWER	2
TAX_FNCACT_CAVALRYMEN	2
TAX_FNCACT_LANCE_CORPORAL	2
MANMADE_DISASTER_DAM_FAILURE	2
WB_2798_PART_TIME_WORK	2
TAX_TERROR_GROUP_ARMY_OF_THE_REPUBLIC_OF	2
TAX_WEAPONS_APACHE_HELICOPTER	2
PIRACY	2
TAX_FNCACT_EQUESTRIAN	2
TAX_FNCACT_AID_WORKERS	2
TAX_FNCACT_WILDLIFE_BIOLOGIST	2
ECON_ELECTRICALPRICE	2
WB_1854_METHANE	2
TAX_WORLDLANGUAGES_FARSI	2
WB_1636_DISABILITY_ALLOWANCE	2
ENV_CARBONCAPTURE	2
TAX_TERROR_GROUP_PEOPLE_MUJAHEDIN_OF_IRAN	2
TAX_TERROR_GROUP_MUJAHEDIN	2
WB_1670_TRADE_UNIONS	2
NATURAL_DISASTER_DAM_FAILURE	2
TAX_TERROR_GROUP_NATIONAL_COUNCIL_OF_RESISTANCE_OF	2
WB_2383_SYSTEM_INTEGRATION	2
TAX_FNCACT_BUSINESS_EXECUTIVE	2
TAX_FNCACT_MARSHALLS	2
TAX_FNCACT_FIRE_MARSHAL	2
WB_2291_OIL_AND_GAS_DISTRIBUTION	2
MANMADE_DISASTER_POWER_WAS_RESTORED	2
WB_2794_EMPLOYMENT_RELATIONSHIP	2
WB_2789_LABOR_CONTRACTS	2
WB_836_POLITICAL_ECONOMY_OF_REFORM	2
WB_1122_TAX_EXPENDITURES	2
TAX_WORLDLANGUAGES_XIANG	2
WB_744_SOCIAL_ANALYSIS	2
TAX_FNCACT_JURISTS	2
TAX_FNCACT_ANESTHETIST	2
TAX_FNCACT_CREATIVE_DIRECTOR	2
ECON_DEVELOPMENTORGS_USAID	2
TAX_RELIGION_NEW_APOSTOLIC	2
WB_1081_FINANCE_AND_GROWTH	2
WB_1818_ROAD_TOLLS	2
WB_863_FDI_SPILLOVERS	2
TAX_FNCACT_GRENADIERS	2
WB_1150_VOLATILITY	2
MANMADE_DISASTER_WITHOUT_ELECTRICITY	2
TAX_FNCACT_PRIVATE_CITIZENS	2
TAX_FNCACT_SERVICEMAN	2
WB_1215_WATER_QUALITY_STANDARDS	2
WB_1540_ECONOMICS_OF_EDUCATION	2
SEPARATISTS	2
TAX_FNCACT_SEPARATISTS	2
TAX_WORLDLANGUAGES_ONONDAGA	2
TAX_FNCACT_BREEDER	2
TAX_WORLDLANGUAGES_ARMENIAN	2
TAX_FNCACT_RIGGER	2
TAX_ETHNICITY_ARMENIAN	2
TAX_ETHNICITY_DIMES	2
WB_898_CONTRIBUTORY_PENSIONS	2
TAX_FNCACT_ANESTHESIOLOGIST	2
TAX_AGRICULHARMINSECTS_LOCUST	2
TAX_WORLDINSECTS_LOCUST	2
TAX_FNCACT_LABORER	2
TAX_WORLDFISH_POLLOCK	2
MANMADE_DISASTER_RESTORE_POWER	2
WB_2287_LAND_USE_LAWS	2
DEFECTION	2
TAX_DISEASE_ATRIAL_FIBRILLATION	2
TAX_FNCACT_NUN	2
TAX_ETHNICITY_HOUTHIS	2
TAX_DISEASE_ARRHYTHMIA	2
HUMAN_RIGHTS_ABUSES_ELECTRIC_SHOCKS	2
TAX_FNCACT_LEFTIST	2
INCOME_INEQUALITY	2
TAX_FNCACT_BOXER	2
TAX_FNCACT_CRAFTSMEN	2
TAX_FNCACT_THEOLOGIAN	2
TAX_FNCACT_DEPARTMENT_HEAD	2
WB_2811_COLLECTIVE_BARGAINING	2
TAX_WORLDLANGUAGES_CAMBODIAN	2
TAX_FNCACT_TYPIST	2
MANMADE_DISASTER_AGROUND	2
WB_1649_UNEMPLOYMENT_BENEFITS	2
NATURAL_DISASTER_LOCUST	2
TAX_FNCACT_CABINET_MINISTERS	2
WB_282_ICT_POLICY_REGULATORY_FRAMEWORK_AND_INSTITUTIONS	2
TAX_WORLDREPTILES_GOPHER_TORTOISES	2
TAX_FNCACT_PILGRIM	2
TAX_WORLDREPTILES_LIZARDS	2
EMERG_MASSCASUALTY	2
TAX_FNCACT_ELECTRICIAN	2
TAX_WORLDLANGUAGES_BANTON	2
TAX_ETHNICITY_ZULU	2
TAX_POLITICAL_PARTY_CONSTITUTION_PARTY	2
TAX_WORLDREPTILES_TORTOISES	2
TAX_FNCACT_TECHNOCRATS	2
WB_1984_OCEAN_POLLUTION	2
TAX_FNCACT_ASSESSORS	2
TAX_FNCACT_MILITARY_CHAPLAIN	2
NATURAL_DISASTER_WINDSTORM	2
TAX_WORLDINSECTS_HONEYBEES	2
TAX_RELIGION_JEW	2
TAX_WORLDLANGUAGES_PYGMY	2
WB_2386_BROADCASTING_POLICY_AND_STRATEGY	2
TAX_WORLDFISH_SUCKER	2
WB_559_MINING_LAWS_AND_REGULATIONS	2
TAX_FNCACT_CHIEF_SUPERINTENDENT	2
TAX_WORLDLANGUAGES_COMANCHES	2
TAX_FNCACT_PROSTITUTES	2
WB_554_MINING_POLICY_LAWS_AND_REGULATIONS	2
WB_983_TAX_POLICY	2
TAX_FNCACT_JOCKEY	2
TAX_FNCACT_PROSTITUTE	2
TAX_WORLDLANGUAGES_QATARI	2
WB_1429_ROAD_SAFETY	2
TAX_FNCACT_STATE_SENATORS	2
TAX_FNCACT_PLAYER	2
WB_790_TRANSPORT_AND_SUSTAINABLE_DEVELOPMENT	2
WB_784_TRAFFIC_AND_ROAD_SAFETY	2
WB_1808_TRANSPORT_SAFETY	2
TAX_FNCACT_ARTILLERYMAN	2
TAX_WORLDLANGUAGES_KOOTENAI	2
WB_1950_AGRICULTURE_TECHNOLOGY	2
TAX_DISEASE_CONSTRICTION	2
WB_279_ICT_STRATEGY_POLICY_AND_REGULATION	2
TAX_WORLDLANGUAGES_LANGE	2
TAX_FNCACT_CAMERAMAN	2
TAX_FNCACT_WING_COMMANDERS	2
NATURAL_DISASTER_SEVERE_COLD	2
DISCRIMINATION_IMMIGRATION	2
DISCRIMINATION_IMMIGRATION_XENOPHOBIA	2
TAX_ETHNICITY_MALI	2
TAX_FNCACT_BOSUNS	2
TAX_FNCACT_SHEPHERDS	2
TAX_FNCACT_TRIGGERMAN	2
WB_2201_FIRE_OCCUPATIONAL_SAFETY	2
TAX_FNCACT_FINANCIERS	2
TAX_WORLDBIRDS_ROOKS	2
WB_1468_SOCIAL_DEMAND_FOR_EDUCATION	2
TAX_FNCACT_FUNERAL_DIRECTORS	2
WB_2040_OMBUDSMEN	2
TAX_FNCACT_OMBUDSMAN	2
TAX_FNCACT_MARAUDERS	2
TAX_FNCACT_CIVIC_LEADERS	2
WB_2083_OCCUPATIONAL_HEALTH_AND_SAFETY	2
TAX_FNCACT_MARAUDER	2
WB_2060_BUDGET_PREPARATION_AND_MANAGEMENT_TECHNIQUES	2
WB_2440_SURVIVAL_SEX	2
TAX_FNCACT_PRIVATE_CITIZEN	2
TAX_FNCACT_POLICE_COMMISSIONER	2
TAX_FNCACT_UNDERCOVER_AGENT	2
TAX_WORLDLANGUAGES_SERBIAN	2
TAX_FNCACT_REVISIONIST	2
TAX_FNCACT_TELLER	2
WB_716_MANAGING_PUBLIC_FINANCES	2
TAX_WORLDMAMMALS_JAGUARS	2
TAX_WORLDFISH_CRAPPIE	2
TAX_WORLDMAMMALS_COUGAR	2
TAX_DISEASE_FINGERPRINTS	2
TAX_WORLDLANGUAGES_NDS	2
NATURAL_DISASTER_TROPICAL_STORM	2
TAX_FNCACT_FIREMEN	2
TAX_FNCACT_INTERPRETER	2
WB_2349_CREATIVE_COMMONS_LICENSING	2
MANMADE_DISASTER_STRUCTURAL_FAILURE	2
TAX_TERROR_GROUP_SISTERS_IN_ARMS	2
TAX_FNCACT_COBBLER	2
TAX_DISEASE_VENEZUELAN_EQUINE_ENCEPHALITIS	2
TAX_RELIGION_PAGAN	2
TAX_DISEASE_TULAREMIA	2
TECH_SUPERCOMPUTING	2
TAX_WORLDMAMMALS_MANATEE	2
WB_1358_GENERIC_DRUGS	2
ACT_YIELD	2
TAX_WORLDFISH_COBBLER	2
TAX_DISEASE_AMPUTATION	2
ENV_OVERFISH	2
TAX_FNCACT_LIFEGUARDS	2
WB_1999_RIVER_RESTORATION	2
WB_804_URBAN_POLLUTION	2
WB_1717_URBAN_POLLUTION_AND_ENVIRONMENTAL_HEALTH	2
WB_2966_LEGACY_POLLUTION	2
WB_802_GREEN_CITIES	2
TAX_FNCACT_FINANCE_OFFICER	2
TAX_FNCACT_MINER	2
TAX_RELIGION_SUNNIS	2
TAX_ETHNICITY_AZERBAIJANI	2
TAX_ETHNICITY_SUNNIS	2
TAX_RELIGION_MOSQUE	2
TAX_ETHNICITY_ARABS	2
TAX_FNCACT_ART_DIRECTOR	2
WB_2121_ICT_LICENSING	2
WB_1070_ECONOMIC_GROWTH_POLICY	2
TAX_RELIGION_SUNNI_MUSLIM	2
TAX_WORLDLANGUAGES_AZERBAIJANI	2
TAX_DISEASE_DIABETES	2
TAX_FNCACT_MEDICAL_WORKER	2
TAX_WORLDLANGUAGES_FLEMISH	2
WB_1004_SUBSURFACE_DRAINAGE	2
TAX_WORLDLANGUAGES_SWEDISH	2
TAX_DISEASE_HIGH_BLOOD_PRESSURE	2
WB_1433_DIABETES	2
TAX_CHRONICDISEASE_DIABETES	2
TAX_FNCACT_CARETAKERS	2
TAX_FNCACT_STORYTELLER	2
TAX_FNCACT_COORDINATORS	2
TAX_DISEASE_BINGE_DRINKING	2
TAX_FNCACT_WAGE_EARNERS	2
TAX_WORLDCRUSTACEANS_LOBSTERS	2
WB_1513_EDUCATION_POLICY_AND_PLANNING	2
TAX_FNCACT_PIRATES	2
TAX_FNCACT_ELECTRICIANS	2
NATURAL_DISASTER_LEVEE_FAILURE	2
TAX_DISEASE_REMISSION	2
TAX_FNCACT_NAVAL_OFFICERS	2
WB_2071_COMMON_LAW	2
WB_1518_EDUCATION_REFORM	2
TAX_TERROR_GROUP_PEOPLE_DEFENSE_FORCES	2
TAX_WORLDFISH_SLEEPER	2
TAX_WORLDLANGUAGES_CORNISH	2
TAX_FNCACT_PEASANT	2
TAX_FNCACT_LACKEY	2
TAX_DISEASE_DEHYDRATION	2
ECON_MOU	2
TAX_FNCACT_FORTUNETELLER	2
TAX_DISEASE_TOXOCARIASIS	2
TAX_WORLDLANGUAGES_GYPSY	2
TAX_TERROR_GROUP_SONS_OF_IRAQ	2
TAX_FNCACT_LAWMAN	2
TAX_FNCACT_MACHINE_GUNNERS	2
TAX_RELIGION_WESLEYAN_CHURCH	2
TAX_FNCACT_WATERBOY	2
TAX_FNCACT_PROPRIETOR	2
MOVEMENT_WOMENS	2
TAX_FNCACT_GROUPIE	2
TAX_DISEASE_PATHOGEN	2
TAX_RELIGION_CATHOLICS	2
TAX_FNCACT_SALESPERSON	2
TAX_ETHNICITY_BOLIVIA	2
TAX_FNCACT_PUBLIC_DEFENDERS	2
TAX_FNCACT_GARDENER	2
TAX_DISEASE_CEREBRAL_PALSY	2
TAX_FNCACT_BUSBOY	2
TAX_FNCACT_TRADESMAN	2
TAX_WORLDLANGUAGES_METTA	2
WB_519_UTILITIES_GOVERNANCE_AND_PERFORMANCE	2
TAX_FNCACT_VILLAGER	2
WB_847_COMPANY_AND_CORPORATE_LAW	2
MANMADE_DISASTER_DOWNED_POWER_LINES	2
TAX_FNCACT_ROADIE	2
TAX_FNCACT_PROBATION_OFFICER	2
TAX_FNCACT_FOOT_SOLDIER	2
WB_3008_NATURE_PARKS	2
TAX_FNCACT_SELECTMAN	2
TAX_FNCACT_PIPE_FITTER	2
TAX_FNCACT_GROCER	2
TAX_FNCACT_CORRECTIONAL_OFFICER	2
PRIVATIZATION	2
HATE_SPEECH	2
TAX_FNCACT_PROCONSUL	2
SOC_SUSPICIOUSACTIVITY	2
WB_2381_SOFTWARE_DEVELOPMENT	2
TAX_FNCACT_INCUMBENTS	2
TAX_FNCACT_USHER	2
TAX_FNCACT_JUSTICE_OF_THE_PEACE	2
TAX_RELIGION_EASTERN_ORTHODOX	2
TAX_CARTELS_MS-13	2
TAX_CARTELS	2
TAX_AIDGROUPS_TRANSPARENCY_INTERNATIONAL	2
TAX_WORLDMAMMALS_ZEBRA	2
TAX_WORLDMAMMALS_MICE	2
TAX_POLITICAL_PARTY_LIBERTARIAN	2
TAX_FNCACT_MAID	2
TAX_RELIGION_ANGLICAN_CHURCH	2
TAX_DISEASE_LACERATIONS	2
TAX_FNCACT_HUNTSMAN	2
NATURAL_DISASTER_INTENSE_RAINFALL	2
TAX_MILITARY_TITLE_SERGENT	2
TAX_DISEASE_CAMPYLOBACTERIOSIS	2
TAX_FNCACT_CELLIST	2
TAX_FNCACT_GRAPHIC_DESIGNER	2
TAX_FNCACT_CLOWN	2
TAX_WORLDBIRDS_BLUEBIRD	2
TAX_FNCACT_INTERVIEWER	2
HUMAN_RIGHTS_ABUSES_SUMMARILY_EXECUTE	2
SELF_IDENTIFIED_ENVIRON_DISASTER	2
TAX_DISEASE_SHINGLES	2
EXHUMATION	2
TAX_WORLDINSECTS_MOTHS	2
TAX_WORLDMAMMALS_GUINEA_PIG	2
WB_1810_TRAFFIC_CONTROL_AND_MONITORING	2
TAX_FNCACT_REPAIRMAN	2
TAX_FNCACT_FLAG_OFFICER	2
GOV_STATE_FAILURE	2
TAX_AGRICULHARMINSECTS_MOTHS	2
TAX_FNCACT_VILLAGERS	2
TAX_FNCACT_ASSEMBLYWOMAN	2
TAX_WORLDINSECTS_DELIA	2
TAX_FNCACT_ASTRONOMER	2
TAX_AGRICULHARMINSECTS_DELIA	2
WB_1236_COMMERCIAL_BANKING	2
TAX_WORLDLANGUAGES_SIGN_LANGUAGE	2
TAX_FNCACT_INVESTMENT_BANKER	2
NATURAL_DISASTER_FLASH_FLOODS	2
TAX_FNCACT_PARAPROFESSIONAL	2
TAX_FNCACT_GATEKEEPER	2
TAX_WORLDLANGUAGES_SAN_JOAQUIN	2
WB_511_COAL_FIRED_POWER	2
TAX_FNCACT_COMMUNICATIONS_OFFICER	2
TAX_ETHNICITY_CATHOLICS	2
WB_1859_CHILD_LABOR	2
WB_1423_NEGLECTED_TROPICAL_DISEASES	2
TAX_FNCACT_SCHOOL_PRINCIPAL	2
TAX_FNCACT_CHEMIST	2
SLFID_ECONOMIC_POWER	2
WB_848_LABOR_AND_EMPLOYMENT_LAWS_AND_REGULATIONS	2
TAX_WORLDMAMMALS_SQUIRREL	2
TAX_FNCACT_WRANGLER	2
TAX_FNCACT_FOREMAN	2
TAX_DISEASE_TOXIC_ALGAE	2
TAX_WEAPONS_LAND_MINE	2
TAX_AIDGROUPS_SAMARITAN_PURSE	2
TAX_DISEASE_LYME_DISEASE	2
TAX_FNCACT_ADVERTISER	2
TAX_FNCACT_SYSTEMS_ANALYST	2
SLFID_CIVIL_LIBERTIES	2
WB_663_GEOGRAPHIC_INFORMATION_SYSTEMS	2
TAX_WORLDREPTILES_TURTLE	2
TAX_FNCACT_SECURITY_DIRECTOR	2
TAX_DISEASE_MULTIPLE_ORGAN_FAILURE	2
WB_930_VIOLENCE_PREVENTION	2
WB_481_SECONDARY_EDUCATION	2
TAX_FNCACT_WELDERS	2
UNGP_AFFORDABLE_NUTRITIOUS_FOOD	2
SLFID_MILITARY_BUILDUP	2
TAX_AIDGROUPS_HANNS_SEIDEL_FOUNDATION	2
TAX_ETHNICITY_CHOP	2
SOC_POINTSOFINTEREST_FORWARD_OPERATING_BASES	2
WB_2098_OUTSOURCING	2
TAX_FNCACT_CMO	2
WB_814_CITY_SYSTEMS	2
TAX_FNCACT_VICAR	2
TAX_FNCACT_DIRECTOR_OF_RESEARCH	2
TAX_RELIGION_ADVENTIST	2
TAX_DISEASE_HEAT_STROKE	2
MANMADE_DISASTER_VEHICLE_CRASH	2
TAX_DISEASE_CHEST_PAIN	2
WB_2914_PESTICIDES	2
TAX_WEAPONS_AIR_DEFENSE_SYSTEM	2
TAX_DISEASE_INSOMNIA	2
TAX_ETHNICITY_LAOS	2
TAX_WORLDARACHNIDS_BLACK_WIDOW	2
TAX_WORLDMAMMALS_SABLE	2
TAX_RELIGION_AFRICAN_METHODIST_EPISCOPAL	2
TAX_WORLDLANGUAGES_WELSH	2
TAX_ETHNICITY_WELSH	2
TAX_FNCACT_BOUNTY_HUNTER	2
TAX_WEAPONS_FLARE	2
TAX_WORLDFISH_SKATES	2
TAX_FNCACT_GEOGRAPHER	2
TAX_WORLDREPTILES_SEA_TURTLES	2
TAX_TERROR_GROUP_ARYAN_NATIONS	2
WB_1791_AIR_POLLUTION	2
WB_2488_POPULATION_RESETTLEMENT	2
WB_2480_POST_CONFLICT_RECONSTRUCTION	2
TAX_DISEASE_DISEASE_PROGRESSION	2
WB_2665_REFUGEE_RESETTLEMENT	2
TAX_FNCACT_NONCOMBATANTS	2
TAX_FNCACT_MARINER	2
WB_417_CORPORATE_GOVERNANCE	2
TAX_CHRONICDISEASE_ASTHMA	2
TAX_WORLDMAMMALS_WOLVES	2
TAX_DISEASE_ASTHMA	2
TAX_WORLDMAMMALS_GOAT	2
TAX_DISEASE_VIRAL_DISEASE	2
TAX_FNCACT_DRAFTEE	2
WB_1882_CONTRACT_MANAGEMENT	2
TAX_FNCACT_MONK	2
TAX_MILITARY_TITLE_REAR_ADM	2
TAX_MILITARY_TITLE_COMMUNICATIONS_OFFICER	2
TAX_WORLDMAMMALS_PANDA	2
TAX_FNCACT_PUBLIC_DEFENDER	2
WB_515_POWER_SECTOR_POLICY_AND_INSTITUTIONS	2
TAX_FNCACT_SALES_AGENT	2
TAX_WORLDLANGUAGES_SLOVAK	2
TAX_WORLDINSECTS_BUMBLEBEE	2
TAX_WEAPONS_SHOTGUN	2
TAX_PLANTDISEASE_VIRAL_DISEASE	2
TAX_MILITARY_TITLE_CHIEF_INSPECTOR	2
TAX_FNCACT_BUSINESS_LEADER	2
WB_510_POWER_TRANSMISSION	2
TAX_WORLDMAMMALS_WATER_BUFFALO	2
TAX_WORLDMAMMALS_WHALES	2
TAX_WORLDFISH_SNAKEHEAD	2
TAX_WEAPONS_BLACKHAWK_HELICOPTER	2
TAX_WEAPONS_GUNSHIP	2
WB_2750_LABOR_FORCE	2
TAX_FNCACT_DESK_OFFICERS	2
WB_341_INVESTMENT_FUNDS	2
TAX_FNCACT_PRIME_MINISTERS	2
WB_1283_PRIVATIZATION	2
TAX_FNCACT_DRAFTSMAN	2
TAX_FNCACT_CHIEF_INSPECTOR	2
TAX_WORLDMAMMALS_KILLER_WHALES	2
TAX_ETHNICITY_MEND	2
TAX_WORLDBIRDS_GOLDEN_EAGLE	2
TAX_WORLDMAMMALS_BOBCAT	2
HUMAN_RIGHTS_ABUSES_SUMMARY_EXECUTION	2
TAX_FNCACT_GROOM	2
TAX_FNCACT_DRUMMER	2
TAX_FNCACT_CAMPAIGNER	2
TAX_FNCACT_STALKER	1
TAX_FNCACT_WAITER	1
TAX_FNCACT_AIR_TRAFFIC_CONTROLLER	1
TAX_FNCACT_DEATH_SQUADS	1
TAX_FNCACT_CHIEFTAIN	1
TAX_WORLDBIRDS_BLACK_EAGLE	1
TAX_WORLDLANGUAGES_TUCANO	1
TAX_FNCACT_CANNON_FODDER	1
TAX_WORLDLANGUAGES_SELKIRK	1
TAX_FNCACT_APOTHECARY	1
TAX_TERROR_GROUP_GUARDIANS_OF_THE_ISLAMIC_REVOLUTION	1
ECON_DEVELOPMENTORGS_UNITED_STATES_AGENCY_FOR_INTERNATIONAL	1
TAX_AIDGROUPS_UNITED_STATES_AGENCY_FOR_INTERNATIONAL	1
WB_2946_OPEN_SOURCE	1
TAX_FNCACT_AERONAUTICAL_ENGINEER	1
TAX_WEAPONS_SUICIDE_BOMBERS	1
TAX_FNCACT_LETTER_CARRIER	1
TAX_FNCACT_FORECASTER	1
TAX_FNCACT_TRUCKERS	1
TAX_WORLDLANGUAGES_MORIGI	1
TAX_FNCACT_LAUNDRESS	1
TAX_FNCACT_RUMRUNNER	1
NATURAL_DISASTER_TYPHOON	1
TAX_TERROR_GROUP_BLACK_EAGLE	1
TAX_FNCACT_CRYPTOGRAPHER	1
TAX_DISEASE_TONIC	1
TAX_FNCACT_NONCOMBATANT	1
TAX_ETHNICITY_POLYNESIANS	1
TAX_ETHNICITY_ZULUS	1
TAX_FNCACT_QUARTERMASTERS	1
TAX_WORLDMAMMALS_MANATEES	1
TAX_FNCACT_PARALEGALS	1
WB_958_CRIMINAL_LAW	1
TAX_FNCACT_JUDGE_ADVOCATES	1
WB_1102_ADMINISTRATIVE_LAW	1
TAX_WORLDLANGUAGES_BENIN	1
WB_2405_PEER_TO_PEER_NETWORKS	1
TAX_ETHNICITY_MAURITANIA	1
TAX_FNCACT_SCHOOL_SUPERINTENDENT	1
TAX_FNCACT_ROOFER	1
TAX_WORLDFISH_SHEEPSHEAD	1
TAX_FNCACT_THERAPISTS	1
TAX_DISEASE_STAMMERING	1
TAX_RELIGION_ASSEMBLY_OF_GOD	1
TAX_WORLDBIRDS_WOOD_STORKS	1
TAX_FNCACT_MATHEMATICIANS	1
TAX_FNCACT_UROLOGIST	1
WB_2389_RADIO_BROADCASTING	1
TAX_WORLDLANGUAGES_HOCH	1
TAX_ETHNICITY_MOROCCAN	1
TAX_FNCACT_HUNTRESS	1
TAX_DISEASE_BODY_WEIGHT	1
TAX_WORLDFISH_GRAYLING	1
TAX_DISEASE_KIDNEY_DISEASE	1
TAX_WORLDLANGUAGES_GALLO	1
TAX_FNCACT_MILITARY_GOVERNOR	1
TAX_POLITICAL_PARTY_NATIONAL_UNION_PARTY	1
TAX_WORLDMAMMALS_DOLPHINS	1
TAX_DISEASE_GROUP_B	1
TAX_WORLDFISH_SHAD	1
TAX_WORLDMAMMALS_DOLPHIN	1
TAX_FNCACT_MARQUIS	1
SOC_AGINGPOPULATION	1
TAX_FOODSTAPLES_CEREAL	1
POPULATION_DENSITY	1
WB_640_POPULATION_AND_DEMOGRAPHIC_CHANGE	1
TAX_FNCACT_NURSING_AIDES	1
TAX_FNCACT_ASSESSOR	1
TAX_WORLDMAMMALS_GRAY_WOLF	1
TAX_FNCACT_DAIRY_FARMER	1
WB_1009_AGRICULTURE_EXTENSION	1
TAX_DISEASE_MOVEMENT_DISORDERS	1
TAX_DISEASE_MEMORY_DISORDERS	1
TAX_DISEASE_HYPERTENSION	1
TAX_WORLDLANGUAGES_BIALI	1
TAX_WORLDLANGUAGES_FLORIDA_ISLAND	1
TAX_ETHNICITY_POLYNESIAN	1
GENTRIFICATION	1
TAX_FNCACT_TYPISTS	1
TAX_FNCACT_FRANCHISEE	1
TAX_FNCACT_MESSENGERS	1
WB_1136_TRADE_BALANCE	1
TAX_DISEASE_MIGRAINE	1
TAX_FNCACT_SHAMANS	1
TAX_FNCACT_WORKING_PERSON	1
TAX_DISEASE_SKIN_CANCER	1
TAX_ETHNICITY_CREOLE	1
TAX_WORLDLANGUAGES_CREOLE	1
WB_1510_SCHOOL_ADMINISTRATION	1
TAX_FNCACT_SALES_REPRESENTATIVE	1
WB_2144_SCHOOL_DIRECTORS	1
TAX_FNCACT_BIOCHEMIST	1
ECON_WORLDCURRENCIES_YUAN	1
ECON_NATIONALIZE	1
TAX_ETHNICITY_KAZAKH	1
TAX_FNCACT_FULL_GENERAL	1
TAX_FNCACT_AIDEDE-CAMP	1
TAX_ETHNICITY_BELGIANS	1
SLUMS	1
TAX_TERROR_GROUP_MAU_MAU	1
TAX_WORLDLANGUAGES_SCOTS	1
TAX_DISEASE_VIREMIA	1
TAX_DISEASE_UNDIAGNOSED	1
TAX_FNCACT_MEDICAL_WORKERS	1
ECON_GOLDPRICE	1
TAX_TERROR_GROUP_KATAIB_HEZBOLLAH	1
TAX_WEAPONS_ASSAULT_BOATS	1
TAX_WORLDLANGUAGES_MUSKOGEE	1
TAX_DISEASE_WEIGHT_LOSS	1
TAX_FNCACT_FREELANCER	1
TAX_FNCACT_FINANCIER	1
TAX_FNCACT_CLARINETIST	1
TAX_WEAPONS_EXPLOSIVELY_FORMED_PROJECTILE	1
TAX_WEAPONS_EXPLOSIVELY_FORMED_PROJECTILES	1
TAX_FNCACT_JURIST	1
TAX_FNCACT_DELIVERY_BOY	1
WB_1702_OILFIELD_SERVICES	1
TAX_FNCACT_PARAMEDICS	1
MANMADE_DISASTER_FIRE_TRUCKS	1
WB_1156_MONITORING_AND_EVALUATION_SYSTEMS	1
ECON_NATGASPRICE	1
TAX_FNCACT_TRADERS	1
TAX_WORLDMAMMALS_TERRIER	1
TAX_DISEASE_MYASTHENIA	1
TAX_DISEASE_MYASTHENIA_GRAVIS	1
TAX_DISEASE_TETANUS	1
TAX_WORLDLANGUAGES_BRUNEI	1
TAX_FNCACT_TASKMASTER	1
TAX_FNCACT_SOUNDMEN	1
TAX_DISEASE_MULTIPLE_MYELOMA	1
TAX_DISEASE_MYELOMA	1
TAX_FNCACT_PHYSICIST	1
TAX_FNCACT_UNION_MEMBERS	1
TAX_FNCACT_AGRONOMIST	1
WB_1396_HEALTH_PROVIDER_NETWORKS	1
TAX_RELIGION_SYNAGOGUES	1
TAX_FNCACT_UNIONISTS	1
TAX_FNCACT_TRADE_UNIONISTS	1
TAX_FNCACT_SECRETARY_GENERAL	1
TAX_FNCACT_POINT_MAN	1
TAX_WORLDLANGUAGES_KOYUKON	1
TAX_WORLDLANGUAGES_BENZING	1
TAX_WORLDLANGUAGES_POLARIS	1
TAX_FNCACT_BUCK_PRIVATE	1
ECON_WORLDCURRENCIES_AUSTRALIAN_DOLLARS	1
TAX_FNCACT_TAX_COLLECTOR	1
TAX_DISEASE_COMMON_COLD	1
TAX_FNCACT_EPIDEMIOLOGIST	1
TAX_WORLDMAMMALS_GUINEA_PIGS	1
TAX_DISEASE_STREP	1
TAX_DISEASE_PANCREATIC_CANCER	1
TAX_WORLDLANGUAGES_CATAWBA	1
TAX_WORLDLANGUAGES_PUNJABI	1
TAX_ETHNICITY_PUNJABI	1
MANMADE_DISASTER_TRAFFIC_ACCIDENT	1
SOC_POINTSOFINTEREST_GOVERNMENT_BUILDING	1
TAX_FNCACT_PHLEBOTOMIST	1
TAX_WORLDLANGUAGES_BRETON	1
TAX_DISEASE_PULMONARY_DISEASE	1
TAX_ETHNICITY_INDOCHINESE	1
SOC_POINTSOFINTEREST_GOVERNMENT_BUILDINGS	1
TAX_TERROR_GROUP_NATIONAL_LIBERATION_FRONT	1
TAX_POLITICAL_PARTY_NATIONAL_LIBERATION_FRONT	1
TAX_WORLDMAMMALS_RATS	1
TAX_FNCACT_TALENT_AGENT	1
TAX_RELIGION_BUDDHISM	1
TAX_POLITICAL_PARTY_CONSERVATIVE_PARTY	1
TAX_ETHNICITY_ARMENIANS	1
TAX_WORLDLANGUAGES_ARMENIANS	1
TAX_FNCACT_LIEUTENANT_COLONELS	1
WB_1676_EARLY_RETIREMENT	1
TAX_FNCACT_WOODWORKER	1
TAX_FNCACT_SILVERSMITH	1
TAX_FNCACT_TRADER	1
TAX_WORLDLANGUAGES_HEBREWS	1
TAX_FNCACT_SECRET_SERVICE_AGENT	1
TAX_FNCACT_MINERS	1
TAX_FNCACT_FIRST_LIEUTENANTS	1
TAX_FNCACT_MODERATORS	1
TAX_FNCACT_POLITICAL_SCIENTIST	1
TAX_FNCACT_MANIPULATOR	1
TAX_ETHNICITY_NEW_ZEALANDERS	1
TAX_FNCACT_SMUGGLER	1
TAX_FNCACT_MARQUISE	1
NATURAL_DISASTER_DROWNS	1
WB_494_EDUCATION_AND_ICT	1
WB_2147_EDUCATION_RESEARCH_AND_DEVELOPMENT	1
TAX_WORLDFISH_HAMLETS	1
TAX_FNCACT_DISC_JOCKEY	1
TAX_WORLDLANGUAGES_MUNDO	1
TAX_FNCACT_BABYSITTER	1
WB_1130_STRUCTURAL_POLICY_AND_REFORM	1
TAX_WORLDLANGUAGES_YELLOW_RIVER	1
TAX_WORLDLANGUAGES_POTAWATOMI	1
TAX_FNCACT_HITMAN	1
TAX_WORLDREPTILES_ALLIGATOR	1
ECON_BOYCOTT	1
TAX_FNCACT_OCCUPIER	1
TAX_WORLDLANGUAGES_ONJOB	1
TAX_FNCACT_STRIPPER	1
TAX_WORLDFISH_SEA_DRAGON	1
TAX_WORLDFISH_SEA_DRAGONS	1
TAX_WEAPONS_MACHETE	1
WB_1883_CONTRACT_DISPUTES	1
NATURAL_DISASTER_AVALANCHE	1
TAX_ETHNICITY_SERBS	1
TAX_ETHNICITY_SLAVIC	1
TAX_WORLDLANGUAGES_SLAVIC	1
LOCUSTS	1
NATURAL_DISASTER_LOCUSTS	1
TAX_WORLDINSECTS_LOCUSTS	1
TAX_AGRICULHARMINSECTS_LOCUSTS	1
TAX_DISEASE_SWINE_FLU	1
TAX_DISEASE_BIRD_FLU	1
TAX_WORLDLANGUAGES_SALAS	1
TAX_WORLDLANGUAGES_NATICK	1
WB_2489_POPULATION_DISPLACEMENT	1
TAX_FNCACT_CARTOGRAPHER	1
TAX_DISEASE_DEVELOPMENTAL_DISABILITIES	1
WB_668_BUSINESS_CONTINUITY	1
TAX_FNCACT_HOME_HEALTH_AIDE	1
TAX_DISEASE_FIBROSIS	1
UNREST_CLOSINGBORDER	1
TAX_WORLDFISH_TOPMINNOW	1
TAX_POLITICAL_PARTY_DEMOCRAT_PARTY	1
TAX_WORLDFISH_GUPPY	1
TAX_WORLDLANGUAGES_MOJAVE	1
TAX_WORLDINSECTS_WASP	1
TAX_WORLDMAMMALS_GREEN_MONKEY	1
TAX_FNCACT_LIFEGUARD	1
NATURAL_DISASTER_POWERFUL_STORMS	1
TAX_FNCACT_COMPLIANCE_OFFICER	1
TAX_FNCACT_HOUSE_SERVANT	1
ECON_EMERGINGECON	1
TAX_WORLDLANGUAGES_SIROIS	1
TAX_FNCACT_CIO	1
WB_655_INFORMATION_MANAGEMENT	1
WB_1889_PROCUREMENT_PLANNING	1
TAX_FNCACT_CHIEF_DATA_OFFICER	1
TAX_FNCACT_FUNERAL_DIRECTOR	1
TAX_FNCACT_HOUSEWIFE	1
TAX_RELIGION_EPISCOPALIANS	1
TAX_WORLDBIRDS_YELLOWBILLED_CUCKOO	1
TAX_WORLDMAMMALS_MEADOW_JUMPING_MOUSE	1
TAX_FNCACT_GEOPHYSICIST	1
MANMADE_DISASTER_POWER_FAILURES	1
TAX_FNCACT_DRY_CLEANERS	1
TAX_FNCACT_MARSHALS	1
TAX_FNCACT_WEBMASTER	1
TAX_WORLDLANGUAGES_MALPA	1
TAX_WORLDMAMMALS_GRAY_WOLVES	1
TAX_WORLDMAMMALS_BOBCATS	1
TAX_WORLDLANGUAGES_BOGUE	1
TAX_DISEASE_PULMONARY_FIBROSIS	1
WB_857_LIFE_SKILLS	1
TAX_FNCACT_LOGISTICIAN	1
TAX_FNCACT_ACOLYTES	1
TAX_WORLDLANGUAGES_PYGMIES	1
TAX_FNCACT_WRANGLERS	1
TAX_DISEASE_URINARY_INCONTINENCE	1
TAX_DISEASE_SEXUAL_DYSFUNCTION	1
TAX_FNCACT_PRIESTS	1
TAX_FNCACT_NOTARY	1
TAX_FNCACT_GOVERNMENT_AGENT	1
WB_2941_PEOPLESOFT	1
TAX_FNCACT_SERGEANT_MAJORS	1
WB_2046_CAREER_MANAGEMENT	1
TAX_WORLDFISH_SERGEANT_MAJORS	1
TAX_FNCACT_DECKHANDS	1
NATURAL_DISASTER_STORM_SYSTEM	1
TAX_WORLDREPTILES_RATTLESNAKES	1
TAX_WORLDARACHNIDS_SCORPIONS	1
TAX_WORLDREPTILES_GILA_MONSTERS	1
TAX_WORLDLANGUAGES_SKOKOMISH	1
TAX_WORLDLANGUAGES_TUSCARORA	1
TAX_FNCACT_REVERENDS	1
TAX_FNCACT_WIZARD	1
TAX_ETHNICITY_ARAPAHO	1
TAX_WORLDLANGUAGES_ARAPAHO	1
TAX_RELIGION_BAPTISTS	1
MANMADE_DISASTER_POWER_OUTAGE	1
TAX_FNCACT_FIREMAN	1
TAX_FNCACT_ENVOY_EXTRAORDINARY	1
TAX_DISEASE_HEARTBURN	1
TAX_FNCACT_FINANCIAL_PLANNER	1
TAX_FNCACT_WOODSMEN	1
TAX_ETHNICITY_PROTESTANTS	1
TAX_ETHNICITY_OKINAWANS	1
TAX_WORLDLANGUAGES_OKINAWANS	1
TAX_FNCACT_VICE_ADMIRAL	1
TAX_WORLDMAMMALS_MOOSE	1
TAX_RELIGION_PROTESTANTS	1
TAX_WORLDLANGUAGES_CAGAYAN	1
TAX_DISEASE_EDEMA	1
TAX_DISEASE_ISCHEMIA	1
TAX_FNCACT_RAILROAD_MAN	1
WB_350_FINANCIAL_INFRASTRUCTURE_AND_REMITTANCES	1
WB_357_CREDIT_REPORTING	1
TAX_AIDGROUPS_HABITAT_FOR_HUMANITY	1
TAX_FNCACT_EXILES	1
TAX_TERROR_GROUP_REVOLUTIONARY_ARMY	1
TAX_FNCACT_AEROSPACE_ENGINEER	1
TAX_WORLDLANGUAGES_KOLOMBANGARA	1
TAX_WORLDLANGUAGES_MANUS	1
TAX_FNCACT_CROWN_PRINCE	1
TAX_ETHNICITY_MELANESIAN	1
TAX_FNCACT_FLEET_ADMIRAL	1
TAX_ETHNICITY_MUNDA	1
TAX_WORLDLANGUAGES_MUNDA	1
TAX_FNCACT_CONCIERGE	1
TAX_FNCACT_SQUIRE	1
UNREST_MOLOTOVCOCKTAIL	1
TAX_FNCACT_ACCOUNTANTS	1
TAX_WEAPONS_MOLOTOV_COCKTAILS	1
NATURAL_DISASTER_TIDAL_WAVE	1
TAX_FNCACT_BANDIT	1
WB_2384_APPLICATION_PROGRAMMING_INTERFACES	1
TAX_WORLDLANGUAGES_KURTIS	1
TAX_FNCACT_MAILMAN	1
NATURAL_DISASTER_FREEZING_TEMPERATURES	1
TAX_FNCACT_ILLUSTRATOR	1
TAX_FNCACT_CARTOONIST	1
TAX_WORLDREPTILES_SEA_TURTLE	1
TAX_WORLDMAMMALS_WHITETAILED_DEER	1
TAX_RELIGION_MENNONITE	1
TAX_TERROR_GROUP_RESISTANCE_MOVEMENT	1
TAX_ETHNICITY_NURISTANI	1
TAX_WORLDLANGUAGES_NURISTANI	1
WB_2127_EDUCATION_ACCESS_AND_EQUITY	1
TAX_WORLDLANGUAGES_CHEHALIS	1
TAX_DISEASE_CHILLS	1
TAX_DISEASE_BACK_PAIN	1
TAX_TERROR_GROUP_MUSLIM_BROTHERHOOD	1
TAX_POLITICAL_PARTY_MUSLIM_BROTHERHOOD	1
TAX_DISEASE_MERS	1
TAX_DISEASE_PANDEMIC_INFLUENZA	1
TAX_DISEASE_MIDDLE_EAST_RESPIRATORY_SYNDROME	1
TAX_DISEASE_MEASLES	1
TAX_WORLDBIRDS_REDCOCKADED_WOODPECKER	1
TAX_FNCACT_COLLECTIVIST	1
TAX_WORLDLANGUAGES_MONGOLIAN	1
TAX_MILITARY_TITLE_SQUADRON_LEADER	1
TAX_FNCACT_SQUADRON_LEADER	1
TAX_FNCACT_CONSULS	1
TAX_FNCACT_POLITICAL_LEADER	1
WB_1852_BLACK_CARBON	1
TAX_WORLDCRUSTACEANS_CRUSTACEANS	1
TAX_FNCACT_EXCAVATORS	1
TAX_FNCACT_CHIEF_SECURITY_OFFICER	1
WB_2369_DATA_PRIVACY	1
TAX_DISEASE_HEAD_INJURIES	1
TAX_ETHNICITY_WASHOE	1
TAX_WORLDLANGUAGES_WASHOE	1
TAX_WORLDMAMMALS_WILDCATS	1
WB_1327_COMMUNITY_BASED_INTERVENTIONS_IN_HEALTH	1
TAX_WORLDFISH_TIGER_SHARK	1
TAX_WORLDFISH_ALEWIFE	1
WB_1439_TOBACCO_USE_AND_CONTROL	1
TAX_FNCACT_ANNOUNCER	1
TAX_FNCACT_LEADING_AUTHORITY	1
TAX_FNCACT_HYGIENIST	1
TAX_FNCACT_DENTAL_HYGIENIST	1
TAX_ETHNICITY_ARI	1
TAX_FNCACT_CINEMATOGRAPHER	1
WB_498_EDUCATION_FINANCE	1
WB_1490_PRIVATE_EDUCATION	1
TAX_ETHNICITY_HOUTHI	1
TAX_FNCACT_ENGRAVERS	1
TAX_RELIGION_CHRISTIAN_BROTHERS	1
TAX_FNCACT_MOVERS	1
TAX_WORLDFISH_CHIMERA	1
ECON_BITCOIN	1
TAX_WORLDFISH_GRUNION	1
TAX_FNCACT_SHARECROPPERS	1
TAX_WORLDLANGUAGES_WARM_SPRINGS	1
TAX_FNCACT_GOVERNESSES	1
TAX_DISEASE_MOLE	1
NATURAL_DISASTER_FOREST_FIRE	1
NATURAL_DISASTER_MUDSLIDE	1
TAX_DISEASE_SYSTEMIC_INFLAMMATORY_RESPONSE_SYNDROME	1
TAX_FNCACT_TAXI_DRIVER	1
TAX_WORLDLANGUAGES_SANGHO	1
TAX_FNCACT_FILM_DIRECTOR	1
TAX_WORLDFISH_STICKLEBACK	1
TAX_ETHNICITY_SWEDE	1
TAX_FNCACT_DUCHESS	1
TAX_FNCACT_SLAUGHTERER	1
TAX_DISEASE_CONSTIPATION	1
TAX_DISEASE_INDIGESTION	1
TAX_WORLDLANGUAGES_SANTIAM	1
TAX_WORLDBIRDS_GOLDFINCHES	1
TAX_WORLDFISH_POMPANO	1
TAX_ETHNICITY_GUATEMALAN	1
TAX_FNCACT_WAITERS	1
TAX_FNCACT_FEDERAL_AGENT	1
MANMADE_DISASTER_AIRPLANE_CRASH	1
WB_1648_SICK_LEAVE	1
TAX_WORLDBIRDS_SANDHILL_CRANES	1
TAX_WORLDBIRDS_SANDHILL_CRANE	1
TAX_FNCACT_REPAIRERS	1
TAX_DISEASE_MENTALLY_ILL	1
NATURAL_DISASTER_SNOWSTORM	1
TAX_FOODSTAPLES_OLIVE_OIL	1
TAX_WORLDLANGUAGES_SALISH	1
TAX_FNCACT_INFORMATION_SPECIALIST	1
TAX_WORLDBIRDS_CUTTHROAT	1
WB_1072_FISCAL_POLICY_AND_GROWTH	1
TAX_FNCACT_SIGNERS	1
TAX_WORLDBIRDS_SEAGULLS	1
TAX_FNCACT_CLERICS	1
TAX_FNCACT_MISSIONARIES	1
TAX_RELIGION_SHARIA	1
TAX_ETHNICITY_ZOROASTRIANS	1
TAX_FNCACT_CLERIC	1
TAX_FNCACT_VIZIER	1
TAX_ETHNICITY_QIZILBASH	1
TAX_WORLDLANGUAGES_AZERI	1
TAX_WORLDFISH_CUTTHROAT_TROUT	1
TAX_WORLDFISH_DACE	1
TAX_AIDGROUPS_CLIMATE_ACTION_NETWORK	1
TAX_FNCACT_SHOP_BOYS	1
ECON_WORLDCURRENCIES_EURO	1
WB_1425_FUNGUS_INFECTIONS	1
TAX_DISEASE_ANKLE_INJURIES	1
TAX_FNCACT_CARDIOLOGIST	1
TAX_DISEASE_VENTRICULAR_TACHYCARDIA	1
TAX_DISEASE_TACHYCARDIA	1
TAX_FNCACT_FRANCHISE_OWNER	1
TAX_WORLDFISH_SHINER	1
WB_611_PENSION_FUNDS	1
TAX_RELIGION_CONGREGATIONAL	1
TAX_FNCACT_HAWKER	1
TAX_FNCACT_SUPERMAN	1
WB_1074_FISCAL_CONTRACTION	1
AUSTERITY	1
TAX_FNCACT_CHIEFTAINS	1
TAX_FNCACT_DEMONSTRATOR	1
WB_2841_FAMILY_REUNIFICATION	1
TAX_FNCACT_FLORAL_DESIGNER	1
NATURAL_DISASTER_FROSTBITE	1
TAX_DISEASE_FROSTBITE	1
TAX_DISEASE_CHILBLAINS	1
SOC_FORCEDRELOCATION	1
TAX_DISEASE_DIZZINESS	1
WB_613_DISASTER_RISK_FINANCING_AND_INSURANCE	1
TAX_WORLDLANGUAGES_BLACKFOOT	1
MANMADE_DISASTER_FIRE_TRUCK	1
DISCRIMINATION_LGBT_HOMOPHOBIA	1
DISCRIMINATION_LGBT	1
TAX_FNCACT_OILMAN	1
WB_2151_CHILD_DEVELOPMENT	1
TAX_FNCACT_MERCENARY	1
TAX_WORLDFISH_GOLDFISH	1
ECON_DEVELOPMENTORGS_FORD_FOUNDATION	1
TAX_RELIGION_PAGANS	1
TAX_WORLDLANGUAGES_NATCHEZ	1
TAX_TERROR_GROUP_ISLAMIC_MOVEMENT_OF_UZBEKISTAN	1
TAX_RELIGION_SHIISM	1
TAX_ETHNICITY_PERSIANS	1
TAX_WORLDLANGUAGES_PERSIANS	1
TAX_WORLDLANGUAGES_BALUCHI	1
TAX_FNCACT_ARCHER	1
TAX_WORLDLANGUAGES_BACHE	1
TAX_WORLDLANGUAGES_PROUE	1
TAX_DISEASE_ANOREXIA_NERVOSA	1
TAX_FNCACT_PAINTER	1
WB_322_DEPOSIT_INSURANCE	1
TAX_POLITICAL_PARTY_LIBERTARIAN_PARTY	1
TAX_POLITICAL_PARTY_PROGRESSIVE_DEMOCRATS	1
TAX_DISEASE_SARCOIDOSIS	1
TAX_FNCACT_PATHOLOGIST	1
TAX_FNCACT_DELIVERY_MAN	1
TAX_WEAPONS_APACHE_HELICOPTERS	1
TAX_TERROR_GROUP_HAGANAH	1
TAX_FNCACT_PARAMILITARY_FORCE	1
TAX_MILITARY_TITLE_1ST_LIEUTENANT	1
TAX_FNCACT_1ST_LIEUTENANT	1
TAX_FNCACT_OVERSEERS	1
TAX_ETHNICITY_PORTUGUESE	1
TAX_WORLDLANGUAGES_NAHAL	1
TAX_DISEASE_ANOREXIA	1
TAX_WORLDFISH_COHO_SALMON	1
WB_993_HEADWORKS	1
WB_945_JUDICIAL_INDEPENDENCE	1
TAX_TERROR_GROUP_SYMBIONESE_LIBERATION_ARMY	1
TAX_FNCACT_BAILIFF	1
MANMADE_DISASTER_ENVIRONMENTAL_DISASTER	1
TAX_WORLDLANGUAGES_BOHEMIAN	1
SOC_EXCEPTIONALISM	1
TAX_WORLDLANGUAGES_MOHAWK	1
TAX_FNCACT_NEWS_REPORTER	1
TAX_DISEASE_LISTERIA	1
TAX_FNCACT_CULPRIT	1
NATURAL_DISASTER_ERUPTIONS	1
NATURAL_DISASTER_DAM_BREAKS	1
WB_2306_ENVIRONMENTAL_IMPACT_ASSESSEMENT	1
WB_1461_HEALTHY_LIFESTYLES	1
WB_1098_MONETARY_AND_FINANCIAL_STABILITY	1
WB_1096_MACROECONOMIC_SUSTAINABILITY	1
TAX_ETHNICITY_KHMER	1
TAX_WORLDLANGUAGES_KHMER	1
TAX_TERROR_GROUP_KHMER_ROUGE	1
TAX_WEAPONS_MINESWEEPER	1
TAX_FNCACT_PSYCHOTHERAPIST	1
TAX_FNCACT_SOCIAL_WORKERS	1
TAX_WORLDLANGUAGES_POWHATAN	1
TAX_FNCACT_ONCOLOGISTS	1
TAX_FNCACT_EXECUTIVE_CHEF	1
TAX_WORLDLANGUAGES_SLOVAKIAN	1
TAX_FNCACT_GARDENERS	1
WB_2442_SEXUAL_TRAFICKING	1
WB_1534_TEACHER_UNIONS	1
TAX_WORLDLANGUAGES_GULLAH	1
TAX_FNCACT_BLACKSMITH	1
TAX_FNCACT_STAFF_SERGEANTS	1
TAX_FNCACT_ARTIFICERS	1
TAX_DISEASE_RICKETS	1
TAX_WORLDFISH_HAMLET	1
TAX_FNCACT_CIVIC_LEADER	1
WB_2382_AGILE_SOFTWARE_DEVELOPMENT	1
TAX_WORLDLANGUAGES_YAZIDIS	1
TAX_WORLDFISH_MINNOWS	1
TAX_ETHNICITY_BENGALI	1
TAX_FNCACT_ECONOMISTS	1
TAX_DISEASE_ACUTE_LYMPHOBLASTIC_LEUKEMIA	1
TAX_DISEASE_LYMPHOBLASTIC_LEUKEMIA	1
TAX_DISEASE_RENAL	1
TAX_DISEASE_INFLAMMATION	1
WB_1454_EMERGENCY_OBSTETRIC_CARE	1
TAX_DISEASE_PREMATURE_BIRTH	1
SOC_POINTSOFINTEREST_COAST_GUARD_BASE	1
TAX_FNCACT_CRUSADER	1
TAX_WEAPONS_GUNSHIPS	1
WB_2301_PRODUCTION_WELLS	1
WB_2180_MUTUAL_FUNDS	1
TAX_ECON_FREETRADEAGREEMENTS_NORTH_AMERICAN_FREE_TRADE_AGREEMENT	1
ECON_TRANSPORT_COST	1
TAX_FNCACT_STRUCTURAL_ENGINEER	1
TAX_WORLDBIRDS_GOLDEN_EAGLES	1
TAX_WORLDMAMMALS_SQUIRRELS	1
TAX_RELIGION_GREEK_ORTHODOX	1
TAX_RELIGION_ORTHODOXY	1
TAX_WORLDMAMMALS_WHALE	1
TAX_WORLDBIRDS_WILD_TURKEYS	1
TAX_WORLDFISH_PACIFIC_SALMON	1
WB_1988_HYDROPOWER_TECHNOLOGIES	1
WB_1992_WAVE_POWER	1
TAX_DISEASE_KIDNEY_FAILURE	1
SOC_POINTSOFINTEREST_REFUGEE_CAMPS	1
SOC_REFUGEECAMP	1
TAX_DISEASE_LUNG_INJURY	1
TAX_DISEASE_LYMPHOMA	1
TAX_DISEASE_POSTOPERATIVE_COMPLICATIONS	1
TAX_TERROR_GROUP_WHITE_ARYAN_RESISTANCE	1
TAX_FNCACT_ARMORER	1
TAX_FNCACT_MACHINE_GUNNER	1
TAX_FNCACT_ARCHDUKE	1
TAX_WORLDLANGUAGES_ZEDONG	1
TAX_FNCACT_POLICEWOMAN	1
TAX_WORLDLANGUAGES_BIRGIT	1
TAX_FNCACT_PRINCES	1
TAX_WORLDLANGUAGES_PINYIN	1
TAX_AIDGROUPS_UNICEF	1
TAX_FNCACT_CORPORATE_EXECUTIVES	1
TAX_WORLDMAMMALS_WEASELS	1
TAX_WORLDLANGUAGES_TRS	1
EPU_POLICY_INTEREST_RATE	1
TAX_RELIGION_LUTHERANS	1
TAX_WORLDLANGUAGES_CLALLAM	1
WB_1651_INTERMEDIATION	1
WB_2969_SOCIAL_CONFLICT	1
WB_867_CITIES_AND_CONFLICT	1
TAX_FNCACT_COMMUNITY_ORGANIZER	1
TAX_FNCACT_COWGIRLS	1
TAX_FNCACT_BUS_DRIVER	1
WB_1698_COAL_MINING	1
NATURAL_DISASTER_HEAVY_SNOWFALL	1
WB_2204_IN_MIGRATION	1
TAX_TERROR_GROUP_WHITE_PATRIOT_PARTY	1
TAX_AIDGROUPS_GEEKS_WITHOUT_BOUNDS	1
TAX_DISEASE_ABDOMINAL_PAIN	1
WB_289_TELECOMMUNICATIONS_LAW_AND_REGULATION	1
TAX_WORLDLANGUAGES_CROATIAN	1
TAX_WORLDLANGUAGES_TUNISIAN	1
TAX_FNCACT_FARMHAND	1
TAX_ETHNICITY_PARAGUAYAN	1
TAX_FNCACT_FACTORY_WORKERS	1
WB_1292_PRIVATE_HEALTH_INSURANCE	1
TAX_DISEASE_ALZHEIMER_DISEASE	1
WB_2743_PREVAILING_WAGES	1
TAX_FNCACT_THIEF	1
WB_666_APPLICATION_DEVELOPMENT	1
TAX_WORLDFISH_COLEY	1
TAX_WORLDBIRDS_GEESE	1
TAX_TERROR_GROUP_PEOPLE_DEFENSE_FORCE	1
TAX_WORLDLANGUAGES_ARUSHA	1
WB_1895_PERSONAL_INSOLVENCY	1
TAX_WORLDFISH_FLYING_FISH	1
TAX_WORLDLANGUAGES_SHERWIN	1
TAX_FNCACT_CAB_DRIVER	1
TAX_TERROR_GROUP_BOKO_HARAM	1
TAX_FNCACT_BACHELORS	1
SOC_POINTSOFINTEREST_JAILS	1
TAX_WEAPONS_MINESWEEPERS	1
SOC_POINTSOFINTEREST_AIR_FORCE_BASES	1
TAX_RELIGION_CHURCH_OF_ENGLAND	1
TAX_WORLDLANGUAGES_BENGALI	1
TAX_FNCACT_JOURNEYMAN	1
TAX_DISEASE_CARBON_MONOXIDE_POISONING	1
TAX_ETHNICITY_CROATIAN	1
TAX_WORLDLANGUAGES_PALMA	1
TAX_FNCACT_GYNECOLOGIST	1
TAX_FNCACT_POSTAL_WORKER	1
TAX_FNCACT_CONSCRIPTS	1
TAX_WORLDLANGUAGES_PITTI	1
TAX_DISEASE_DIEOFF	1
TAX_FNCACT_DENTAL_TECHNICIAN	1
WB_2940_TUNGSTEN	1
TAX_WORLDCRUSTACEANS_CRABS	1
TAX_FNCACT_AID_WORKER	1
TAX_FNCACT_BUREAUCRAT	1
TAX_WORLDLANGUAGES_ARIANA	1
TAX_WORLDFISH_FISHES	1
WB_2513_CRIMES_AGAINST_HUMANITY	1
TAX_FNCACT_BISHOPS	1
WB_387_VOCATIONAL_AND_TECHNICAL_TRAINING	1
WB_483_VOCATIONAL_EDUCATION_AND_TRAINING	1
WB_385_HUMAN_CAPITAL_FOR_INNOVATION_AND_ENTREPRENEURSHIP	1
TAX_FNCACT_VIROLOGIST	1
TAX_DISEASE_BACTERIAL	1
TAX_PLANTDISEASE_BACTERIAL_DISEASES	1
TAX_WORLDMAMMALS_REINDEER	1
TAX_DISEASE_RINDERPEST	1
TAX_DISEASE_NEWCASTLE_DISEASE	1
TAX_ETHNICITY_YUGOSLAV	1
HUMAN_RIGHTS_ABUSES_MASS_GRAVES	1
HUMAN_RIGHTS_ABUSES_TORTURING	1
TAX_ETHNICITY_UYGUR	1
TAX_WORLDLANGUAGES_UYGUR	1
WB_817_LAND_AND_HOUSING	1
MANMADE_DISASTER_BUILDING_COLLAPSE	1
INTERNET_CENSORSHIP	1
TAX_FNCACT_BALLOONISTS	1
TAX_FNCACT_CENSORS	1
SOC_MASSMIGRATION	1
TAX_FNCACT_AERONAUTS	1
TAX_RELIGION_HINDU	1
TAX_ETHNICITY_HINDU	1
TAX_WORLDBIRDS_WOOD_STORK	1
TAX_WORLDBIRDS_GREAT_BLUE_HERON	1
TAX_FNCACT_OFFICEHOLDERS	1
TAX_FNCACT_FELON	1
TAX_DISEASE_STRESS_DISORDERS	1
TAX_DISEASE_FRACTURES	1
TAX_WORLDFISH_GRUNT	1
TAX_FNCACT_VICE_CHANCELLOR	1
WB_1935_REGULATORY_ENFORCEMENT	1
TAX_DISEASE_CONGENITAL	1
TAX_DISEASE_HEART_DEFECT	1
TAX_DISEASE_CONGENITAL_HEART_DEFECT	1
TAX_FNCACT_TOOLMAKER	1
WB_197_AGRICULTURAL_RESEARCH	1
WB_1052_FOOD_SAFETY_STANDARDS_AUDITS_AND_CERTIFICATION	1
TAX_FNCACT_RETAILER	1
TAX_ETHNICITY_SCANDINAVIAN	1
TAX_FNCACT_LEGAL_ASSISTANT	1
TAX_FNCACT_PATIENT_ADVOCATE	1
WB_2600_PERFORMANCE_METRICS	1
TAX_FNCACT_GRAND_DUKE	1
TAX_FNCACT_DEPUTY_SHERIFF	1
TAX_ETHNICITY_BLACKNESS	1
TAX_AIDGROUPS_AMNESTY_INTERNATIONAL	1
TAX_FNCACT_STRINGER	1
TAX_FNCACT_CHEVALIER	1
TAX_FNCACT_GRENADIER	1
TAX_WORLDFISH_GRENADIER	1
TAX_FNCACT_SALESWOMAN	1
TAX_ETHNICITY_ROHINGYA	1
TAX_FNCACT_CHARGE_DAFFAIRES	1
TAX_WORLDLANGUAGES_BURMESE	1
TAX_ETHNICITY_BAMAR	1
TAX_ETHNICITY_BAMARS	1
TAX_WORLDLANGUAGES_ARAKANESE	1
ECON_DEVELOPMENTORGS_WORLD_BANK	1
TAX_FNCACT_NIGHT_WATCHMAN	1
TAX_WEAPONS_IMPROVISED_WEAPON	1
TAX_ETHNICITY_CHAMORRO	1
TAX_WORLDLANGUAGES_CHAMORRO	1
TAX_DISEASE_FOOD_POISONING	1
TAX_FNCACT_WATCHMAN	1
WB_2988_FOOD_POISONING	1
WB_1054_FOOD_BORNE_DISEASES	1
TAX_FNCACT_BALLOONIST	1
TAX_WORLDMAMMALS_WILD_BOAR	1
TAX_DISEASE_DYSENTERY	1
TAX_FNCACT_HERDSMEN	1
TAX_DISEASE_MACULAR_DEGENERATION	1
TAX_ETHNICITY_SALISH	1
TAX_WORLDMAMMALS_WOLVERINE	1
TAX_FOODSTAPLES_YAMS	1
TAX_WORLDLANGUAGES_SHASTA	1
TAX_WORLDINSECTS_BUMBLEBEES	1
TAX_WORLDBIRDS_CROWS	1
TAX_WORLDFISH_GRUNTS	1
WB_2081_FINANCIAL_DISCLOSURE	1
WB_2021_INCOME_AND_ASSET_DISCLOSURE	1
MANMADE_DISASTER_ENGINE_FAILURE	1
TAX_FNCACT_COWBOYS	1
TAX_WORLDBIRDS_WARBLER	1
SOC_POINTSOFINTEREST_MIDDLE_SCHOOLS	1
TAX_FNCACT_DISPATCHERS	1
TAX_WORLDFISH_SILVER_DOLLARS	1
TAX_WORLDMAMMALS_KOALA	1
TAX_ETHNICITY_CHECHEN	1
TAX_WORLDLANGUAGES_CHECHEN	1
TAX_ETHNICITY_CHECHENS	1
TAX_WORLDLANGUAGES_CHECHENS	1
TAX_WORLDMAMMALS_BAIJI	1
TAX_FNCACT_WARDENS	1
WB_1049_INLAND_AQUACULTURE	1
TAX_ETHNICITY_UKRANIANS	1
SOC_POINTSOFINTEREST_FIRE_STATIONS	1
WB_2981_DRINKING_WATER_QUALITY_STANDARDS	1
NATURAL_DISASTER_HEAVY_WINDS	1
TAX_FNCACT_YEOMAN	1
UNREST_STONETHROWING	1
TAX_FNCACT_SWIMMER	1
TAX_FNCACT_LANDLORDS	1
TAX_WORLDCRUSTACEANS_BARNACLES	1
WB_1781_URBAN_ECOSYSTEMS	1
TAX_FNCACT_MANNEQUINS	1
TAX_FNCACT_LANDLORD	1
TAX_WORLDLANGUAGES_CHUKCHANSI	1
TAX_WORLDLANGUAGES_LUMBEE	1
NATURAL_DISASTER_WEATHER_EMERGENCY	1
WB_2084_BIODIVERSITY	1
TAX_WORLDBIRDS_LOGGERHEAD_SHRIKE	1
TAX_WORLDLANGUAGES_OSAGE	1
TAX_TERROR_GROUP_BLACK_HAWKS	1
TAX_FNCACT_MEDICINE_MAN	1
TAX_FNCACT_CELEBRANT	1
TAX_DISEASE_METABOLISM	1
WB_532_BIOFUELS_ENERGY	1
TAX_DISEASE_PARASITEMIA	1
TAX_WORLDFISH_BLUE_WHITE	1
TAX_WORLDMAMMALS_SKUNK	1
TAX_FNCACT_MOUNTAINEER	1
TAX_DISEASE_CHRONIC_PAIN	1
TAX_FNCACT_FOREIGN_MINISTERS	1
TAX_WORLDLANGUAGES_CORINA	1
TAX_WORLDBIRDS_PIPING_PLOVER	1
TAX_WORLDBIRDS_LEAST_TERN	1
TAX_WORLDCRUSTACEANS_BARNACLE	1
TAX_WORLDLANGUAGES_ICELANDIC	1
TAX_FNCACT_CHAIRMEN	1
TAX_WORLDREPTILES_GOPHER_TORTOISE	1
WB_870_HOUSING_CONSTRUCTION	1
TAX_WORLDLANGUAGES_ADELE	1
TAX_FNCACT_BARTENDER	1
WB_1587_DIRECT_SERVICES_TO_CHILDREN	1
WB_2926_DAY_CARE_CENTERS	1
TAX_WORLDFISH_HERRING	1
SOC_POINTSOFINTEREST_PRESCHOOLS	1
TAX_FNCACT_WRESTLER	1
TAX_FNCACT_REFEREE	1
WB_2168_EDUCATIONAL_EQUITY	1
SOC_POINTSOFINTEREST_PRESCHOOL	1
WB_2124_ECONOMIC_ANALYSIS_OF_EDUCATION	1
TAX_RELIGION_EVANGELICAL_LUTHERAN_CHURCH	1
TAX_DISEASE_ALLERGIC	1
SOC_POLICEMILITARIZATION	1
TAX_WORLDREPTILES_TORTOISE	1
TAX_WEAPONS_RUBBER_BULLETS	1
TAX_WEAPONS_WATER_CANNONS	1
TAX_WORLDMAMMALS_PRONGHORN	1
TAX_WEAPONS_HELLFIRE_MISSILES	1
TAX_WORLDREPTILES_SIDEWINDER	1
TAX_WEAPONS_BLACKHAWK_HELICOPTERS	1
WB_1453_CONTRACEPTIVES	1
TAX_FNCACT_NEWSPAPER_REPORTER	1
TAX_ETHNICITY_BULGARIAN	1
TAX_WORLDLANGUAGES_BULGARIAN	1
TAX_ETHNICITY_ITALIANS	1
TAX_WORLDLANGUAGES_ITALIANS	1
TAX_FNCACT_WORKING_MEN	1
TAX_FNCACT_UNION_MEMBER	1
TAX_FNCACT_CANNONEERS	1
TAX_FNCACT_DRAMATIST	1
WB_926_POLITICAL_PARTICIPATION	1
WB_924_VOICE_AND_AGENCY	1
TAX_FNCACT_GOLDSMITH	1
TAX_DISEASE_TENDONS	1
TAX_FNCACT_WATCHMAKER	1
TAX_FNCACT_SCRIBE	1
WB_3018_CULTURAL_PROPERTY_PROTECTION	1
TAX_WORLDLANGUAGES_ASSINIBOINE	1
TAX_WORLDLANGUAGES_KANSA	1
TAX_WORLDLANGUAGES_OVIEDO	1
TAX_RELIGION_UKRAINIAN_ORTHODOX_CHURCH	1
TAX_FNCACT_LABOR_LEADERS	1
TAX_FNCACT_POLITICOS	1
TAX_ETHNICITY_ORTHODOX_CHRISTIAN	1
TAX_RELIGION_ORTHODOX_CHRISTIAN	1
TAX_TERROR_GROUP_PHINEAS_PRIESTHOOD	1
NATURAL_DISASTER_OVERFLOWED_ITS_BANKS	1
TAX_AIDGROUPS_CHRISTIAN_AID	1
TAX_FNCACT_LONGSHOREMAN	1
TAX_FNCACT_VIGILANTES	1
TAX_DISEASE_SPINAL_CORD_INJURIES	1
TAX_WORLDFISH_LARGEMOUTH_BASS	1
TAX_FNCACT_SERVICE_REPRESENTATIVE	1
TAX_WORLDFISH_DAB	1
TAX_WORLDFISH_POLLACK	1
TAX_DISEASE_SHORTSIGHTEDNESS	1
TAX_FNCACT_POLICEMEN	1
ELECTION_FRAUD	1
TAX_FNCACT_DESK_OFFICER	1
TAX_FNCACT_NAVIGATORS	1
TAX_FNCACT_PROPERTY_MANAGER	1
TAX_WORLDLANGUAGES_MADER	1
TAX_FNCACT_MASTER_ELECTRICIAN	1
TAX_WORLDFISH_RAINBOW_TROUT	1
TAX_WORLDMAMMALS_GOATS	1
TAX_WORLDLANGUAGES_VILELA	1
TAX_WORLDLANGUAGES_FINNISH	1
TAX_WORLDLANGUAGES_BAS	1
TAX_FNCACT_PEASANTS	1
TAX_FOODSTAPLES_SWEET_POTATO	1
NATURAL_DISASTER_HEATWAVES	1
TAX_DISEASE_GANGRENE	1
WB_589_ECOTOURISM	1
TAX_WORLDINSECTS_BEES	1
TAX_WORLDLANGUAGES_PANKO	1
WB_588_CONSERVATION_FINANCE	1
TAX_WORLDLANGUAGES_LOWER_COWLITZ	1
WB_3009_CULTURAL_SERVICES	1
TAX_WORLDLANGUAGES_CAJUN	1
WB_597_ECOSYSTEM_SERVICES	1
TAX_FNCACT_PHILOSOPHER	1
SOC_POINTSOFINTEREST_ARMY_BASES	1
TAX_FNCACT_DEVELOPMENTAL_PSYCHOLOGIST	1
TAX_FNCACT_VIGILANTE	1
NATURAL_DISASTER_HEAT_WAVES	1
SOC_SUSPICIOUSACTIVITIES	1
TAX_FNCACT_TAXIDERMIST	1
TAX_WORLDLANGUAGES_MANDAL	1
TAX_FNCACT_MASTER_SERGEANTS	1
TAX_WORLDLANGUAGES_NJUGUNA	1
TAX_FNCACT_RESEARCH_ANALYST	1
MANMADE_DISASTER_AVIATION_ACCIDENT	1
TAX_ETHNICITY_KENYANS	1
TAX_WEAPONS_GUNBOAT	1
TAX_WORLDLANGUAGES_WICHITAS	1
TAX_WORLDFISH_SKATE	1
TAX_WORLDFISH_BANJO	1
TAX_ETHNICITY_COLOMBIANS	1
TAX_TERROR_GROUP_FUERZAS_ARMADAS_REVOLUCIONARIAS	1
TAX_TERROR_GROUP_FARC	1
TAX_WEAPONS_GUNBOATS	1
WB_150_WASTEWATER_REUSE	1
TAX_WORLDLANGUAGES_NIHAN	1
TAX_FNCACT_CHIEF_OPERATING_OFFICERS	1
TAX_DISEASE_ZIKA_VIRUS_INFECTION	1
TAX_DISEASE_MENTAL_RETARDATION	1
TAX_DISEASE_MICROCEPHALY	1
MANMADE_DISASTER_DEADLY_ACCIDENT	1
TAX_FNCACT_BRANCH_MANAGER	1
NATURAL_DISASTER_TSUNAMI	1
TAX_FNCACT_BOOKKEEPER	1
TAX_WORLDLANGUAGES_ARAKI	1
TAX_DISEASE_FLAVIVIRUS_INFECTIONS	1
TAX_FNCACT_REGISTRAR	1
