US	673
News	543
Army	482
Trump	325
new	231
water	210
WWII	208
Veteran	198
support	191
Photo	180
Corps	178
Dies	177
96	177
Took	175
Atomic	175
Bomb	175
Blast	175
State	175
Hiroshima	175
High	170
Great	167
Lakes	165
Pentagon	161
2020	149
havoc	145
veterans	144
battle	143
Kentucky	143
Asian	142
Union	141
opens	140
carp	138
communities	137
roundup	135
swamping	135
wreaks	134
front	132
military	121
River	116
Defense	112
Afghanistan	111
years	110
New	110
x2013	105
Center	101
Vindman	100
employment	100
Personalized	100
disabilities	100
White	99
House	99
near	98
killed	95
Oshkosh	94
man	94
National	91
Joint	88
Engineers	84
History	80
War	80
Fort	79
Could	77
Light	76
soldier	76
coronavirus	76
Missouri	76
says	75
speech	74
faithbased	74
Tactical	73
Soldiers	73
employees	73
boosting	73
County	73
World	72
Vehicles	72
Military	71
supply	70
asks	70
firms	70
Air	68
flooding	68
Sports	67
veteran	67
shot	67
Feb	67
escorted	65
x2014	65
wall	64
Suicide	64
school	63
Jobs	63
soldiers	63
history	63
American	63
impeachment	63
border	62
Security	62
kills	62
Kabul	61
bombing	61
could	61
academy	61
Arkansas	59
Force	59
Black	59
Day	59
life	59
comeback	57
project	57
Daily	56
levels	55
Appeal	55
Lake	55
Marshall	55
later	55
Alexander	55
Africa	54
Trumps	54
recruiters	54
wants	54
Soldier	53
construction	52
rejected	52
tout	52
testified	52
Test	52
Col	51
death	51
Public	50
Energy	50
Lt	49
service	48
Troops	48
shooting	47
victims	47
Combat	47
Article	46
Citizenship	46
Pass	46
Remembering	46
TC	43
George	43
officials	43
John	42
17	42
Veterans	42
address	42
Fallen	42
attack	42
continues	42
Ceremony	41
European	41
Wisconsin	41
Studies	41
Parkland	41
massacre	41
President	40
shifts	39
Hawaii	39
Looks	39
38B	39
among	38
Raw	38
Today	37
City	37
DVIDS	37
Web	37
first	37
pipeline	37
Anguish	37
inquiry	36
impact	36
San	36
Florida	36
expert	36
Emotions	36
flood	35
honors	35
Ukraine	35
Month	34
Two	34
North	34
report	34
mine	34
Water	34
dies	34
plan	34
Base	33
CEO	33
Former	33
wounded	33
troops	33
help	33
million	32
Coastal	32
operations	32
members	32
Report	32
high	31
state	31
Afghan	31
Northern	31
office	30
Michigan	30
case	30
Media	30
Announces	30
7th	30
Beach	29
Coming	29
police	29
Company	29
time	29
Senator	29
Group	29
shares	29
Super	28
Okefenokee	28
Bowl	28
Use	28
Command	28
Land	28
Dynasty	28
Final	28
Japan	28
Soviet	28
Radio	27
gets	27
FM	27
Back	27
Health	27
agencies	27
Federal	27
withdrawal	27
funding	27
South	26
preliminary	26
FAA	26
federal	26
USACE	26
confirmed	26
EIS	26
Display	26
Mine	25
28000	25
Alaska	25
Project	25
cases	25
civilians	25
Administration	25
spring	25
Times	25
city	24
cooperating	24
mark	24
forces	24
application	24
II	24
back	24
top	24
levee	24
disappointed	24
announces	24
probe	24
Coronavirus	24
fires	24
GasLink	24
honored	24
Pulling	24
One	24
Vehicle	24
chief	24
facts	23
2019	23
Market	23
Emboldened	23
February	23
withdraws	23
extremely	23
crashes	23
ISIS	23
opposition	23
Valentines	23
Year	23
Antonio	23
Local	23
family	22
View	22
pizza	22
people	22
little	22
UPDATED	22
toll	22
saved	22
line	22
Illinois	22
Pizza	22
absurd	22
Texas	22
Afghans	22
two	21
Community	21
Support	21
work	21
negotiates	21
record	21
Better	21
refuge	21
Journal	21
test	21
ObamaEra	21
Obituary	21
Restrictions	21
exit	21
Officials	21
decades	21
Council	21
Loosens	21
District	21
Flooding	21
Electric	20
contract	20
national	20
First	20
Vietnam	20
Infrastructure	20
rural	20
newborns	20
Man	20
West	20
Department	19
100	19
NBC	19
Knox	19
Early	19
SFG	19
guests	19
warriors	19
get	19
ways	19
Post	18
read	18
Palm	18
Twelfth	18
order	18
Inc	18
Impeachment	18
tops	18
fight	18
Jr	18
550	18
Iowa	18
war	18
key	18
referendum	18
Tom	18
Release	18
CIA	18
Eastern	18
Detroit	18
Wayne	18
Armys	18
channel	18
identified	18
75	18
general	18
set	18
leadership	18
Bay	18
area	18
hes	18
Star	18
dead	18
one	18
witnesses	17
grow	17
Record	17
Congressional	17
XL	17
locals	17
news	17
Keystone	17
Saturday	17
forfeit	17
signatures	17
special	17
Defective	17
Press	17
start	17
Funding	17
Business	17
Mississippi	17
ABC	17
allies	17
Northwest	17
website	17
study	17
budget	17
Fit	17
Trainers	17
Top	17
Sees	17
program	17
software	17
Space	17
Hummer	17
Boeings	17
aide	17
marshals	17
lawmakers	17
anthem	17
revive	17
SOTU	17
economy	16
dam	16
Paul	16
chaplains	16
Rep	16
emergency	16
wetlands	16
20	16
doomed	16
Sentinel	16
capsule	16
Heres	16
Review	16
Enbridge	16
secretary	16
Officer	16
Online	16
China	16
Korean	16
Flood	16
Award	16
crew	16
foes	16
seeks	16
America	16
Virginias	16
Line	16
role	16
remembered	16
Transmission	16
submit	16
ship	16
sergeant	16
aboard	16
Legion	15
students	15
future	15
Newport	15
states	15
Corp	15
SC	15
local	15
celebrates	15
Lawyers	15
reduction	15
WH	15
Creek	15
billion	15
submits	15
Plan	15
tribute	15
Work	15
investigations	15
leave	15
Dam	15
Chief	15
singers	15
say	15
expected	15
rise	15
cruise	15
positive	15
Reserve	15
Williamsburg	15
take	15
defense	15
Somalia	15
James	15
Look	15
takes	15
system	15
College	15
last	15
job	15
former	15
leaders	15
president	15
doesnt	15
Forces	15
ousted	15
Senate	15
States	15
Meet	15
around	15
United	15
year	14
University	14
Removing	14
Congress	14
Three	14
York	14
Government	14
Rescue	14
parents	14
begins	14
Central	14
Diego	14
plans	14
group	14
Cumberland	14
Guard	14
Members	14
Fact	14
Fair	14
four	14
Check	14
Holland	14
adversaries	14
boost	14
Politics	14
continue	14
remains	14
Team	14
50	14
Europe	14
end	14
Kelly	14
Arizona	14
Americas	14
live	14
using	14
East	14
part	14
African	14
Carolina	14
Week	14
ready	14
free	14
encrypted	14
104yearold	14
eyes	14
Weapons	14
may	14
Global	14
Tank	13
vulnerable	13
deny	13
communications	13
Postimpeachment	13
Home	13
Program	13
return	13
Amazon	13
gun	13
Savannah	13
behead	13
Killed	13
girlfriend	13
wanted	13
General	13
pollution	13
Washington	13
Baghdadi	13
annual	13
Ten	13
camp	13
Dillingham	13
honor	13
rollback	13
Donald	13
stream	13
Democratic	13
al	13
forced	13
Honoring	13
community	13
1540	13
Iran	13
WWSE	13
WJTN	13
WHUG	13
WKZA	13
WQFX	13
show	13
Million	13
hurt	13
18	13
2021	13
Spring	13
heal	13
Best	13
Auschwitz	13
Service	13
St	13
diversion	13
WKSN	13
WOND	13
Budget	13
governors	13
money	13
Call	13
deal	12
Island	12
officer	12
remember	12
Carroll	12
region	12
Oscars	12
70000	12
projects	12
race	12
Aviation	12
Division	12
Nazi	12
taste	12
Airfield	12
commit	12
Names	12
Dr	12
Next	12
Obituaries	12
joins	12
Study	12
Minnesota	12
Future	12
WADK	12
16	12
company	12
MI	12
Green	12
HITS	12
Lock	12
black	12
Critical	12
staff	12
seat	12
10	12
Broadcasting	12
Operations	12
helped	12
lower	12
Fire	12
Latest	12
Winter	12
odds	12
crash	12
Grove	12
Entertainment	12
jury	12
Dredging	12
Vagos	12
Projects	12
remind	12
lies	12
waterways	12
election	12
DoD	12
open	11
Rock	11
Tribune	11
sent	11
reelection	11
Wilmington	11
faces	11
roads	11
increases	11
Dams	11
Chris	11
ice	11
permits	11
Says	11
coming	11
Help	11
rentals	11
offered	11
teachers	11
another	11
Russia	11
Special	11
Tuskegee	11
home	11
toward	11
Port	11
Transcript	11
Harbor	11
Earnings	11
Americans	11
Years	11
A1	11
Page	11
big	11
Locks	11
30	11
way	11
Magazine	11
environmental	11
Lawyer	11
97	11
Hanks	11
383	11
share	11
hurdles	11
reports	11
Ohio	11
Navarre	11
wreaking	11
William	11
pick	11
named	11
Korea	11
Monroe	11
housing	11
Story	11
Presidents	11
flowing	11
Articles	11
still	11
Flight	11
vet	11
Receives	11
legacy	10
Awards	10
infrastructure	10
dogs	10
forward	10
released	10
ceremony	10
Builds	10
experiences	10
teen	10
Hall	10
run	10
Court	10
Aerotech	10
fish	10
Little	10
releases	10
missing	10
left	10
Waters	10
dredging	10
CenturyLink	10
risk	10
material	10
Assembly	10
Georgia	10
Wants	10
marks	10
awards	10
Area	10
Sun	10
Life	10
right	10
Fortune	10
closes	10
next	10
week	10
13	10
brings	10
Four	10
School	10
eEdition	10
meeting	10
Iraq	10
wins	10
Coast	10
harshest	10
Hosts	10
gives	10
criticism	10
yet	10
Battle	10
learn	10
recalls	10
Fight	10
Bill	10
407	10
December	10
possible	10
Waterways	10
Museum	10
begin	10
guilty	10
long	10
Address	10
host	10
funds	10
Sanders	10
candidates	10
Marie	10
alShabaab	10
Firms	10
lock	10
lake	10
clarinet	10
UK	9
hot	9
areas	9
Gov	9
Maine	9
Township	9
Patriot	9
Keith	9
Sen	9
Buffalo	9
even	9
Alabama	9
natural	9
jams	9
Civil	9
Employees	9
Living	9
Elkhorn	9
damage	9
Wall	9
Pipeline	9
Family	9
2nd	9
whats	9
birthday	9
Tech	9
recognized	9
morale	9
Club	9
Along	9
pleads	9
Cruces	9
Airmen	9
love	9
concerns	9
Ste	9
Sault	9
Gazette	9
Mean	9
combat	9
protect	9
Would	9
amid	9
Facts	9
Powers	9
Friday	9
KSYLAM	9
erosion	9
three	9
Las	9
Soo	9
season	9
control	9
Mayor	9
weather	9
Highway	9
Richard	9
especially	9
Valley	9
Education	9
12th	9
transfers	9
moving	9
lawsuit	9
selfless	9
look	9
Businesses	9
Germany	9
proposed	9
push	9
Editorial	9
story	9
Buttigieg	9
Big	9
returned	9
Davis	9
Warrior	9
NATO	8
habitat	8
Results	8
industry	8
Small	8
California	8
receives	8
Exercise	8
GOP	8
unit	8
Scientists	8
Toby	8
exceed	8
NASA	8
Lieutenant	8
technology	8
Blizzard	8
TN	8
terrorist	8
base	8
talents	8
retiree	8
going	8
alBaghdadi	8
FaithBased	8
Anderson	8
Management	8
K9	8
Q4	8
Job	8
testify	8
Orleans	8
center	8
board	8
fund	8
appoints	8
12	8
Part	8
Metro	8
Oregon	8
Medical	8
information	8
Transfer	8
almost	8
got	8
conduct	8
public	8
send	8
HQ	8
reunited	8
house	8
Observer	8
port	8
Marine	8
Scout	8
Companies	8
Kyle	8
overseas	8
along	8
Joe	8
Boosting	8
Levee	8
permit	8
improve	8
commander	8
put	8
Benning	8
Police	8
talks	8
Orange	8
Fiber	8
Deepening	8
Protection	8
Bedford	8
Meeting	8
intelligence	8
Park	8
Worth	8
Panama	8
eastern	8
Point	8
century	8
Border	8
Joins	8
British	8
Nazis	8
Jackson	8
medical	8
Large	8
site	8
Erie	8
inq	8
bring	8
celebrate	8
Get	8
business	8
Five	8
AFRICOM	8
dog	8
Role	8
others	8
ousts	8
Ledger	8
Herald	8
Six	8
Navy	8
bases	8
instructor	8
Modernizing	8
Eagle	7
army	7
Urbana	7
Nuclear	7
Unions	7
Santa	7
Louisiana	7
together	7
Watch	7
response	7
fitness	7
didnt	7
Jacksonville	7
Demand	7
held	7
Oak	7
PTSD	7
process	7
Already	7
offers	7
isnt	7
troop	7
results	7
pilot	7
Woman	7
Virginia	7
Fighting	7
cadets	7
Office	7
Pacific	7
Golden	7
shows	7
restoration	7
Billion	7
receive	7
dump	7
CAE	7
Southern	7
Memorial	7
Need	7
Christi	7
security	7
prevention	7
Seeing	7
Connecticut	7
ties	7
Academy	7
Sizable	7
78	7
bill	7
Deadly	7
Festival	7
Growing	7
Williams	7
hosts	7
Annual	7
rerouting	7
Rodriguez	7
Bulletin	7
died	7
see	7
hits	7
investigation	7
Secretary	7
levees	7
Clarksville	7
Rey	7
Platform	7
AR	7
Corpus	7
closed	7
deployment	7
Environmental	7
awarded	7
airstrike	7
Mining	7
Imperial	7
find	7
Forest	7
following	7
Order	7
grant	7
Repair	7
hires	7
headquarters	7
arrested	7
Power	7
Past	7
meet	7
screw	7
Excellence	7
presents	7
Ready	7
agency	7
Jack	7
Republican	7
Nations	7
art	7
Honored	7
Heart	7
Residents	7
visit	7
truck	7
scientists	7
Ventures	7
Bob	7
Consulting	7
months	7
instructions	7
Floating	7
approved	7
Chamber	7
Know	7
Charles	7
1622	7
due	7
invites	7
Helicopters	7
Pence	7
vets	7
names	7
call	7
helps	7
fallen	7
Beshear	7
Dog	7
behind	7
exercise	7
Native	7
Releases	7
raises	7
Letter	7
hours	7
best	7
care	7
fire	7
Weather	7
college	7
Data	7
focus	7
field	7
6th	7
waters	7
today	7
seeking	7
contest	7
inspires	7
pushup	7
sues	7
records	7
Training	7
Pig	6
son	6
Production	6
town	6
EveryPig	6
Ron	6
Holocaust	6
Win	6
Gen	6
rest	6
enduring	6
Regional	6
Commitment	6
Board	6
throughout	6
Gold	6
acquittal	6
causes	6
Honor	6
Riley	6
Medal	6
corridor	6
International	6
Additional	6
bid	6
Lessons	6
Siena	6
Last	6
Bank	6
Major	6
Warriors	6
seven	6
morning	6
cause	6
Town	6
Good	6
Saudi	6
Pelosi	6
Jones	6
Cool	6
break	6
Carp	6
pay	6
investigating	6
punishment	6
Battalion	6
barrier	6
Falls	6
Morning	6
making	6
centre	6
several	6
Street	6
Ptaschinski	6
serve	6
David	6
Seminar	6
Robert	6
Launches	6
debate	6
Manager	6
Maryn	6
must	6
celebration	6
Canton	6
retreat	6
truce	6
Gibsons	6
Rule	6
Brown	6
portends	6
Partnership	6
14	6
Racing	6
Chicago	6
Gaming	6
headed	6
Hotel	6
JEA	6
Disaster	6
RedHot	6
Starting	6
congressman	6
Mill	6
Missile	6
Make	6
counties	6
Whitley	6
Dayton	6
gas	6
Red	6
Network	6
Resolution	6
Show	6
Rounds	6
third	6
Leaders	6
ever	6
primetime	6
target	6
Ray	6
Policy	6
Wars	6
Forecast	6
major	6
remain	6
Named	6
Reform	6
Fourth	6
DOD	6
Tennessee	6
Prosthodontics	6
running	6
Systems	6
force	6
task	6
Democrats	6
needed	6
Hill	6
Assange	6
Us	6
Speech	6
Machine	6
Translation	6
Ltd	6
Wont	6
Toxic	6
Child	6
loses	6
deepening	6
create	6
Michael	6
space	6
hit	6
Montgomery	6
Full	6
hold	6
month	6
Opinion	6
accused	6
helping	6
ritual	6
DallasFort	6
liberated	6
Sergeant	6
Chinas	6
Duckworth	6
film	6
would	6
agents	6
Arabia	6
Foundation	6
FBI	6
Kansas	6
carpet	6
Mathematician	6
red	6
15	6
Chronicle	6
System	6
Creates	6
repairs	6
45	6
EPA	6
19	6
Chemical	6
Sensors	6
Road	6
sand	6
writing	6
TV	6
approves	6
many	6
WPI	6
Station	6
Dutch	6
management	6
injured	6
keeps	6
cost	6
shoreline	6
protection	6
challenges	6
coup	6
Research	6
stretch	6
Warfare	6
Edward	6
January	6
Cold	6
Enterprise	6
275	6
500	6
onto	6
Hits	6
grows	6
Sr	6
Archives	6
Feds	6
Cotton	6
businesses	6
air	6
Proposes	6
stories	6
Upper	6
Heavy	6
capabilities	6
offer	6
Orson	6
Bean	6
lithiumion	6
incident	6
Father	6
selected	6
event	6
batterys	6
Industry	5
university	5
Acquisition	5
Auburn	5
Laser	5
go	5
Countys	5
Construction	5
Bozeman	5
NH	5
2015	5
Martin	5
Secret	5
Oklahoma	5
Capitol	5
reliant	5
fair	5
Taking	5
Fear	5
comes	5
witness	5
Hollywood	5
Friends	5
Patrol	5
WOOD	5
Olin	5
Nancy	5
Bridge	5
Daines	5
benefits	5
director	5
Huawei	5
WOTUS	5
Men	5
25	5
ago	5
Days	5
Vision	5
Chaplains	5
play	5
Science	5
WV	5
Titan	5
couldve	5
like	5
stock	5
Column	5
harbor	5
Cargo	5
provides	5
Continue	5
liberators	5
Happen	5
Lawmakers	5
Daytona	5
firm	5
Todays	5
Thursday	5
build	5
Awarded	5
Trade	5
Bernie	5
cops	5
Intelligence	5
Wings	5
Attacker	5
88	5
announcement	5
McConnell	5
Allies	5
quarter	5
officers	5
really	5
sponsor	5
Proposal	5
Ford	5
McCants	5
elected	5
Goose	5
finance	5
helicopter	5
USA	5
according	5
pays	5
Crestview	5
Dakota	5
declares	5
Near	5
department	5
eased	5
precautions	5
Contract	5
costs	5
issues	5
Eight	5
massive	5
LA	5
training	5
Gets	5
looks	5
visits	5
Zika	5
F35s	5
Old	5
Henry	5
monitoring	5
Drum	5
NDOT	5
senior	5
Rockford	5
Register	5
Louis	5
Go	5
spread	5
across	5
Second	5
Colonel	5
served	5
attorney	5
legislation	5
proud	5
actually	5
data	5
Engineering	5
roadway	5
Rifle	5
repair	5
Boeing	5
arts	5
Electronics	5
Ports	5
respect	5
Citizen	5
70	5
hair	5
heads	5
occupation	5
Seventyfive	5
cookies	5
Liberators	5
Girl	5
Selected	5
drug	5
distributing	5
Netherlands	5
bomb	5
Bud	5
Learn	5
defeat	5
candidate	5
Alumni	5
Things	5
resident	5
attend	5
League	5
CAGR	5
Games	5
Improve	5
80yearold	5
younger	5
Hospitals	5
rally	5
Around	5
finds	5
Columbus	5
Walter	5
Signs	5
treatment	5
Time	5
residents	5
Raiders	5
rules	5
Ken	5
Burlington	5
Contractor	5
May	5
despite	5
Spur	5
Devil	5
Voters	5
Gibson	5
deaths	5
560	5
Smith	5
Guards	5
threatens	5
Commentary	5
participants	5
car	5
Tanks	5
Decade	5
Flying	5
Mobility	5
Trillion	5
Strategic	5
Even	5
broken	5
IACMI	5
Centers	5
Region	5
since	5
world	5
5G	5
Quincy	5
King	5
Farmers	5
Deputy	5
Funds	5
McCoy	5
join	5
Experience	5
wont	5
vote	5
Events	5
Actor	5
voters	5
WRALcom	5
Harold	5
Supreme	5
Damage	5
Control	5
Crane	5
See	5
Dont	5
Wounded	5
Advisor	5
park	5
reflects	5
Made	5
Church	5
companies	5
Reclamation	5
Pebble	5
Bureau	5
Chickamauga	5
Ice	5
leader	5
Norwich	5
hero	5
corporal	5
purge	5
weeks	5
revenge	5
Jordan	5
protects	5
Evening	5
Campbell	5
Passes	5
Douglas	5
Veterinary	5
leads	5
sets	5
Cape	5
Dignified	5
WATCH	5
head	5
landowners	5
Lost	5
Lamar	5
prison	5
laid	5
country	5
messaging	5
Braintree	5
Napoleon	5
Autonomous	5
career	5
father	5
Obits	5
Benson	5
Shipyard	5
TBT	5
ahead	5
memorial	5
strengthen	5
crests	5
dams	5
programs	5
Churchill	4
Tuesday	4
Larry	4
Israel	4
Getting	4
Wins	4
composites	4
Surprises	4
battlefront	4
Levels	4
Downs	4
Commander	4
deliver	4
Boy	4
Homeland	4
freepressonlinecom	4
LISTEN	4
afternoon	4
leaves	4
crest	4
Ionia	4
Lightfoot	4
exhibit	4
91	4
preserve	4
politics	4
Kelo	4
welcome	4
MD	4
Brian	4
Utah	4
cards	4
Dodge	4
Sunburn	4
arrives	4
breach	4
Hanson	4
Gardner	4
Access	4
protected	4
DEFENDEREurope	4
suicides	4
Leadership	4
IndoPacific	4
Debates	4
Movie	4
SunGazette	4
Williamsport	4
Plans	4
Commercial	4
battalion	4
including	4
Harris	4
Michigans	4
travel	4
Earth	4
Adds	4
JAXPORT	4
Bombing	4
likely	4
93	4
Leaves	4
historic	4
Evacuation	4
Saved	4
partner	4
workforce	4
Scott	4
Pasco	4
Spc	4
storms	4
Summit	4
Legacy	4
Salute	4
used	4
give	4
primed	4
primary	4
25W	4
beyond	4
95	4
Nebraska	4
portion	4
Iranian	4
Ahead	4
financial	4
cancer	4
river	4
animals	4
Vote	4
property	4
permitting	4
well	4
Released	4
protecting	4
Riverkeeper	4
earn	4
HISTORY	4
GoEriecom	4
Independent	4
dig	4
much	4
Setting	4
Grandstand	4
Political	4
release	4
Im	4
Ridge	4
Myers	4
happening	4
ROTC	4
closing	4
delivers	4
market	4
Deal	4
Body	4
Max	4
Bomber	4
rights	4
Prepares	4
Telegram	4
Artillery	4
level	4
Thousands	4
lab	4
Legislators	4
Guns	4
Philadelphia	4
virus	4
Give	4
Historic	4
young	4
miles	4
fired	4
save	4
guest	4
AfricanAmerican	4
needs	4
Beaver	4
rising	4
Lower	4
Olympic	4
Planned	4
NewsJournal	4
Event	4
Attend	4
PA	4
Canaveral	4
summer	4
Brigade	4
Infantry	4
Gun	4
FY21	4
global	4
AI	4
details	4
Young	4
day	4
Real	4
spies	4
Gulf	4
Clinton	4
100M	4
highlight	4
council	4
Airman	4
Arms	4
promote	4
outstanding	4
Update	4
letters	4
Joseph	4
beach	4
rain	4
regional	4
Blanchfield	4
Mark	4
went	4
Changed	4
Pays	4
reduce	4
Response	4
Fast	4
Terror	4
Groups	4
Murphy	4
Dead	4
Baltimore	4
announced	4
Mexico	4
Arthur	4
Fred	4
IRGCs	4
creative	4
relaxing	4
experimental	4
injuries	4
Iraqi	4
strike	4
Rockets	4
HIIs	4
Measure	4
Recalls	4
Avenue	4
Fords	4
Hanscom	4
skills	4
Still	4
insider	4
Clayton	4
found	4
Fla	4
Rights	4
need	4
Sunday	4
judge	4
Contested	4
PGE	4
Book	4
machine	4
mentioned	4
looking	4
Delegation	4
Lack	4
Canal	4
Library	4
Design	4
religious	4
Works	4
shellfish	4
Baghdad	4
Growth	4
Finds	4
bank	4
nations	4
Bronze	4
Age	4
Also	4
train	4
90	4
Chiefs	4
power	4
Mountain	4
presidents	4
Scholarship	4
delayed	4
trip	4
less	4
Develop	4
Conflict	4
online	4
Israeli	4
milestone	4
Innovation	4
30th	4
station	4
landmark	4
Teacher	4
works	4
congressional	4
QA	4
Miller	4
Co	4
Northwestern	4
Russias	4
effort	4
Professor	4
Channel	4
research	4
SD	4
Nearly	4
Southeast	4
Season	4
Effort	4
additional	4
Combined	4
Dark	4
Jersey	4
know	4
Sarasota	4
showcases	4
Continues	4
Grow	4
EC145e	4
True	4
Sierra	4
March	4
Headquarters	4
Mount	4
Following	4
Inside	4
use	4
unveils	4
develops	4
Olmsted	4
late	4
Armour	4
Invest	4
returns	4
damaged	4
Birthday	4
Republic	4
Understand	4
Chinese	4
monthly	4
Course	4
English	4
Millions	4
Skills	4
1918	4
Language	4
Modern	4
Challenges	4
often	4
partnering	4
operators	4
ban	4
Field	4
Colin	4
Browne	4
Operating	4
Issue	4
difference	4
Hudson	4
Fish	4
Executive	4
available	4
transistors	4
Fayetteville	4
Louisville	4
Vice	4
Lifestyle	4
improvements	4
runoff	4
restaurant	4
true	4
means	4
Nurse	4
Heroes	4
Many	4
Dee	4
Republicans	4
Fipps	4
Goes	4
Well	4
Election	4
Pleasant	4
11	4
committed	4
SurfKY	4
France	4
People	4
Navigable	4
Sky	4
star	4
move	4
Assistance	4
removal	4
lead	4
Foreign	4
Unit	4
shell	4
Competition	4
Rosas	4
Official	4
Dispatch	4
invasive	4
keep	4
Art	4
lieutenant	4
Forum	4
complete	4
Hiring	4
Rush	4
latest	4
seawall	4
Judge	4
adds	4
withholding	4
smaller	4
Wednesday	4
Floodwall	4
nation	4
divided	4
flawed	4
deeply	4
closure	4
40	4
NEWS	4
Cincinnati	4
Conference	4
student	4
react	4
road	4
Heritage	4
fill	4
Newsradio	4
Christian	4
events	4
education	4
Monday	4
advocates	4
Images	4
Strange	4
welcomes	4
Detrick	4
52	4
Drinking	4
Edge	4
Rose	4
administration	4
Tulsa	4
Series	4
Development	4
Beloit	4
launches	4
moves	4
ports	4
commissioner	4
Single	4
Aboveaverage	4
Approval	4
Exclusive	4
Side	4
Investigation	4
practices	4
Bully	4
Crab	4
DC	4
Largest	4
step	4
Focus	4
safety	4
Toohey	4
expands	3
Thunder	3
Baystreetca	3
Chem	3
Pope	3
Minerals	3
LG	3
comments	3
Hired	3
longtime	3
presidential	3
Become	3
GIs	3
paid	3
abroad	3
Gene	3
spouses	3
caucus	3
Diversity	3
pitches	3
vaccine	3
Canadian	3
victim	3
series	3
fix	3
praises	3
Impeached	3
theme	3
Announced	3
Van	3
Funeral	3
101	3
goal	3
Intelligencer	3
De	3
Upton	3
planned	3
Religious	3
Climate	3
Round	3
face	3
experience	3
Symposium	3
wetland	3
Hampshire	3
dealers	3
want	3
NBC10	3
reveals	3
kill	3
Delivers	3
Colombian	3
100th	3
Flag	3
Welcome	3
End	3
short	3
survivor	3
speaks	3
MHS	3
Coastline	3
Process	3
Head	3
deploy	3
JacobsStantec	3
89	3
Nears	3
reliance	3
nerve	3
JROTC	3
within	3
recordhigh	3
Assault	3
Airborne	3
Trial	3
nanoscale	3
Guide	3
molecular	3
reunion	3
retirement	3
Building	3
relationships	3
disease	3
buy	3
Pritzker	3
breaks	3
Yankton	3
PEOPLEcom	3
McGee	3
KYNT	3
Mighty	3
holds	3
retired	3
Director	3
health	3
Makes	3
Pat	3
problems	3
competition	3
Concerns	3
second	3
Chattanoogancom	3
Treat	3
Fought	3
Produce	3
Victory	3
Recruiters	3
1450	3
Didnt	3
Founder	3
fabric	3
Floyd	3
Addition	3
closer	3
documented	3
genetic	3
Headline	3
AG	3
engineering	3
native	3
vectors	3
fingerprint	3
destroy	3
Swamp	3
Tells	3
seacoastonlinecom	3
MPCA	3
Uranium	3
Meramec	3
rises	3
Follow	3
HoumaThibodaux	3
strategic	3
Lewis	3
Front	3
Kiessling	3
dredged	3
UPDATE	3
Take	3
installation	3
FactChecking	3
Parents	3
Stephen	3
Solicitation	3
94	3
Irrefutable	3
engineered	3
10th	3
loved	3
us	3
devices	3
gravestone	3
Damages	3
least	3
search	3
six	3
vie	3
flight	3
uncase	3
colors	3
engineer	3
Walton	3
memories	3
colonel	3
Attack	3
related	3
Cyber	3
anniversary	3
pilots	3
brought	3
underwater	3
plant	3
Speaker	3
Firstever	3
hosting	3
Claims	3
scale	3
Gabbard	3
surprises	3
Portland	3
Upgrade	3
Augusta	3
Fitness	3
Set	3
antibody	3
Ft	3
specific	3
1st	3
fosterscom	3
status	3
secure	3
Eugene	3
Sudan	3
AFB	3
Soleimani	3
traffic	3
hard	3
WALLA	3
Readers	3
noncombat	3
identifies	3
Rain	3
capacity	3
Blogs	3
Free	3
BARRY	3
28	3
Mary	3
Precinct	3
Midland	3
county	3
Taliban	3
civilian	3
bit	3
82	3
recommendations	3
Francisco	3
millions	3
Leonard	3
Reporter	3
Airport	3
jokester	3
Philanthropy	3
obstacles	3
removed	3
Holdings	3
women	3
Trailblazers	3
Committee	3
films	3
Present	3
scheduled	3
potential	3
Greatest	3
resources	3
Film	3
42nd	3
Simplot	3
Floods	3
lived	3
Fame	3
happily	3
Western	3
Includes	3
Ontario	3
1718	3
discuss	3
Hedwig	3
ULM	3
kids	3
Almanac	3
4th	3
Efforts	3
Chester	3
serving	3
Presence	3
pressure	3
priority	3
floodwall	3
Coffee	3
proposes	3
halt	3
growing	3
unite	3
Right	3
Smart	3
3D	3
happen	3
printing	3
Cause	3
bombmaking	3
storm	3
Irony	3
Grasp	3
Fails	3
Blacklist	3
Alan	3
McCollum	3
bust	3
Safe	3
Pensacola	3
Outbreak	3
Textron	3
Higher	3
chamber	3
perspective	3
uranium	3
medals	3
WWI	3
Arsenal	3
Missiles	3
compete	3
warns	3
Really	3
Ever	3
strikes	3
Strike	3
targeting	3
alShabab	3
militants	3
opportunity	3
round	3
vs	3
Columbia	3
Visitor	3
firefighter	3
weapon	3
Behind	3
Ralph	3
Comments	3
successfully	3
Benefit	3
lecture	3
enriched	3
Paducah	3
icon	3
Funded	3
Consecutive	3
Statement	3
fourth	3
Upgrades	3
Bloomberg	3
Needed	3
wait	3
outside	3
feds	3
delay	3
Emergency	3
enough	3
Sioux	3
Hope	3
trade	3
economic	3
namesake	3
Institute	3
duty	3
Sheridan	3
Initiative	3
Celebrate	3
Defined	3
homes	3
active	3
Steps	3
Senior	3
Aims	3
Engagement	3
fraud	3
Colemans	3
Raytheons	3
guided	3
prosecutor	3
Ruby	3
Views	3
founder	3
Known	3
Ossie	3
Starliner	3
renourishment	3
lift	3
Generals	3
QuadCities	3
planning	3
urge	3
fiscal	3
walls	3
stone	3
Holds	3
Crime	3
Driving	3
Urban	3
provide	3
satellite	3
66	3
labs	3
rule	3
farmers	3
changes	3
Technology	3
lost	3
Camp	3
Catch	3
Built	3
UTSA	3
Adoption	3
Female	3
range	3
Tackle	3
1300	3
Information	3
foundations	3
barriers	3
higher	3
USAG	3
1069	3
inches	3
Helena	3
Documents	3
grants	3
court	3
replace	3
Humphries	3
Moving	3
government	3
Austin	3
Dinner	3
Storm	3
Incentive	3
Dentist	3
Campaign	3
Orders	3
Craig	3
Mass	3
hopes	3
identify	3
DNAlike	3
legal	3
VA	3
Women	3
Moves	3
request	3
Pay	3
Gavins	3
Carpet	3
Rest	3
Due	3
talk	3
Militaria	3
team	3
make	3
Happening	3
Americana	3
replacement	3
deals	3
specialist	3
Kochan	3
Auctions	3
Morphy	3
Aide	3
Pfc	3
Lewark	3
member	3
Pulse	3
lesson	3
Jeweler	3
Clark	3
Ryan	3
food	3
district	3
manager	3
Djibouti	3
recovery	3
9th	3
WWIIs	3
commemorate	3
Q3	3
StandardIonia	3
Hood	3
visitors	3
Tiffany	3
Programs	3
List	3
Technologies	3
marriage	3
Clean	3
Applications	3
couple	3
Issues	3
Russian	3
Task	3
Charleston	3
headaches	3
missed	3
Blue	3
Enterprises	3
fellow	3
concerts	3
orders	3
Ann	3
Syria	3
PEOs	3
AF	3
Horizons	3
Inlet	3
bridge	3
Done	3
Johnson	3
PHASTAR	3
Opens	3
severely	3
grandhaventribunecom	3
Within	3
Carlisle	3
Tribute	3
Approve	3
Cake	3
83	3
Obit	3
mining	3
slain	3
recognizes	3
Hit	3
capital	3
150	3
Valentine	3
Valor	3
TimesNews	3
words	3
final	3
Shipping	3
stopped	3
Expect	3
Retired	3
Fiscal	3
suspended	3
recruit	3
giving	3
hatchery	3
Fox	3
Rowley	3
made	3
homelessness	3
policy	3
Calhoun	3
payback	3
whistleblowers	3
match	3
inspector	3
drill	3
Forever	3
Umatilla	3
honoring	3
Nathan	3
911	3
far	3
Long	3
Panther	3
keynote	3
museum	3
Relief	3
Colorado	3
Rogers	3
Case	3
ID	3
good	3
Sheriffs	3
Housing	3
sense	3
Guthrie	3
Vindmans	3
Partners	3
Collection	3
Open	3
proposal	3
Conduct	3
canceled	3
Threat	3
centenarians	3
29	3
Night	3
post	3
Longtime	3
Rocket	3
Maintenance	3
99	3
cherished	3
NCO	3
Lithuania	3
becoming	3
Phase	3
Hitler	3
Attrition	3
Nike	3
Revolutionize	3
Visits	3
Destin	3
opening	3
Alert	3
brewery	3
raising	3
Log	3
Moore	3
personnel	3
stuff	3
April	3
Launch	3
assault	3
flurry	3
Worlds	3
Expert	3
Country	3
HAIL	3
NYPD	3
23	3
Redefine	3
Experts	3
Nangarhar	3
Weekly	3
Since	3
reunions	3
sled	3
justices	3
chance	3
view	3
Montana	3
DOT	3
broke	3
Curry	3
suit	3
Dresden	3
Springs	3
Jax	3
Childrens	3
working	3
Incorporated	3
win	3
2018	3
21	3
Schumer	3
Doomed	3
GPS	3
calls	3
MONTH	3
Ability	3
dredge	3
Warren	3
jump	3
transfer	3
Protect	3
executive	3
change	3
Chapter	3
Fighters	3
Secessionists	3
Proxies	3
Haile	3
Duluth	3
universities	3
Terrorists	3
soft	3
AirborneUnmanned	3
Hinders	3
Winona	3
FTV	3
Abrams	3
selects	3
Almost	3
Keys	3
19th	3
preflood	3
Grant	3
Delaware	3
past	3
WCVQFM	3
speak	3
challenge	3
arsenal	3
Quarter	3
overtones	3
Voice	3
alleged	3
Alamo	3
Analysis	3
XYZ	3
012820	3
repaired	3
upgrade	3
debris	3
Operation	3
scams	3
943	3
Middle	3
Nashville	3
SEMIFlexTech	3
losing	3
Montrose	3
Airmans	3
Batteries	3
traveled	3
prepositioned	3
Oldest	3
Tuscaloosa	3
Rewind	3
Grand	3
expand	3
Q108	3
goals	3
risks	3
Pilot	3
fail	3
connection	3
CityAirbus	3
eVTOL	3
TFR	3
Len	3
Plastic	3
prepares	3
Lumber	3
woman	3
Raid	3
Ottawa	3
advocate	3
119	3
Hybrid	3
690	3
Flexible	3
Latino	3
20202025	3
worries	3
Accelerate	3
height	3
Monumental	3
Build	3
cold	3
Wife	3
sentenced	3
Battery	3
Soil	3
Risk	3
quarantined	3
joint	3
saturation	3
Capsules	3
international	3
Steelers	3
Grants	3
Inhofe	3
Protests	3
Turns	3
crucial	3
Concern	3
forget	3
solution	3
efforts	3
never	3
plenty	3
matter	3
Ousts	3
Rising	3
soon	3
Care	3
Testified	3
Inquiry	3
Quality	3
Hogan	3
briefs	3
Ministry	3
Crews	3
action	3
Governor	3
Activists	3
Prison	3
Deployed	3
Basin	3
Primary	3
Candor	3
night	3
El	3
Date	3
Tour	3
highest	3
Distinguished	3
approach	3
Law	3
Move	3
neuroscience	3
timeline	3
rivers	3
hell	3
clock	3
flag	3
Restoration	3
Yakima	3
Patients	3
Cleanup	3
280	3
forecast	3
Vet	3
west	3
mourn	3
Sacramento	3
Reconstruction	2
Shoreline	2
Human	2
reps	2
Signing	2
Redstone	2
Southwest	2
SERVICE	2
Administrations	2
Proof	2
completes	2
PressReleasePoint	2
Dominion	2
commercial	2
VALENTINE	2
highways	2
voted	2
Assessing	2
booths	2
Nightmare	2
Championship	2
Rolla	2
toxic	2
Jeopardy	2
Luria	2
Gautier	2
quality	2
Ranson	2
Unpaid	2
Slain	2
remembers	2
Malpractice	2
Rankings	2
Compensation	2
Returns	2
Seek	2
led	2
professor	2
Brace	2
Spotlight	2
Elaine	2
missile	2
Tools	2
121M	2
Met	2
locks	2
filled	2
Merritt	2
directors	2
Aiming	2
Aerovation	2
Hermiston	2
Chuck	2
OPERATION	2
Vickers	2
H2Rescue	2
Conterts	2
Want	2
TimesUnion	2
Approach	2
Doesnt	2
WRULFM	2
Shoutout	2
rock	2
place	2
antibodies	2
FargoMoorhead	2
Commissioner	2
Fischer	2
Appoints	2
Increases	2
aircraft	2
minimize	2
crossneutralizing	2
dengue	2
suicide	2
assessments	2
FY	2
induces	2
Tyreek	2
boom	2
competitive	2
adjutant	2
Olympians	2
come	2
Gordon	2
Napolitano	2
Players	2
NFL	2
Deadlier	2
Shells	2
via	2
Became	2
Lengthy	2
Berets	2
Joining	2
Dreams	2
Del	2
incredibly	2
178	2
Ethics	2
potent	2
Thunderbirds	2
fuel	2
STEM	2
Push	2
Newsom	2
Death	2
Pleads	2
Guilty	2
Instructions	2
inspiring	2
80	2
Advocate	2
wary	2
Tue	2
taps	2
systems	2
factory	2
Drive	2
rocket	2
joining	2
Watermark	2
92	2
editor	2
hundreds	2
Governors	2
Toni	2
Knights	2
spy	2
Bloody	2
Mojave	2
file	2
Seeks	2
AIDEA	2
Bolsters	2
Ucores	2
Bokan	2
Seal	2
encryption	2
ramps	2
electrical	2
Materiel	2
Dover	2
survey	2
hospital	2
HeraldTribune	2
Redwood	2
GM	2
failing	2
mayors	2
Velocity	2
Sharon	2
Tribe	2
Patrick	2
920th	2
Okinawa	2
Earl	2
panel	2
towns	2
Addressx2026	2
Bulk	2
Reformulating	2
Antonios	2
Pushups	2
beer	2
Brewing	2
Longtab	2
Wallops	2
Played	2
Confederacy	2
Wasnt	2
ICE	2
Hanoverton	2
Badgers	2
Previews	2
Dig	2
Sabine	2
damaging	2
IndraSoft	2
Wing	2
noisy	2
43M	2
Drops	2
dilemma	2
Darlington	2
Chart	2
Relentless	2
Optimism	2
Helenans	2
Tempers	2
faribaultcountyregistercom	2
Secure	2
Truck	2
Huizenga	2
Standard	2
Expectations	2
Stensland	2
Legendary	2
Beckley	2
Froce	2
Earned	2
Shipwreck	2
five	2
interest	2
Ronald	2
track	2
Marks	2
legislators	2
Hound	2
INSCOM	2
Sidney	2
Ghosn	2
Fireball	2
Website	2
CAA	2
Elkhart	2
Ovitz	2
paddlers	2
evaluate	2
JLTVs	2
Torrential	2
pride	2
artist	2
Application	2
childrens	2
Mobile	2
CulverStockton	2
book	2
Withdraws	2
blotter	2
threat	2
signs	2
Hawk	2
avoid	2
Dredged	2
Properly	2
1000	2
Talk	2
Acme	2
Alhambra	2
lessen	2
Elvis	2
entertainment	2
caught	2
Orlando	2
minor	2
trends	2
sweet	2
highlights	2
REE	2
Venture	2
Habib	2
cocoa	2
Threatens	2
airshow	2
weekend	2
campaign	2
beantobar	2
chocolate	2
Led	2
sees	2
tap	2
Unmeltable	2
Goofiest	2
BDUs	2
Forefront	2
garrison	2
relations	2
Rejected	2
Fully	2
scam	2
1410	2
Automated	2
Microaggression	2
Detector	2
Implicit	2
Bias	2
Oceanside	2
Enough	2
TechCrunch	2
testing	2
Russell	2
genetics	2
directtoconsumer	2
regulations	2
Workplace	2
tighter	2
Result	2
toss	2
coin	2
Feud	2
Jordanian	2
slaying	2
Copperas	2
gCaptain	2
USAs	2
Florence	2
Salvage	2
Hospital	2
Bullets	2
Oscar	2
Cheyenne	2
trend	2
Survey	2
Delta	2
Shot	2
Roy	2
Parks	2
consider	2
Ammo	2
115M	2
Houston	2
125	2
Weve	2
Arbitrator	2
Fellow	2
Must	2
oil	2
forum	2
Medalist	2
Nuke	2
Enemy	2
Aircraft	2
Late	2
Cove	2
Act	2
arbitrator	2
Anaheim	2
Murt	2
Shasta	2
CA	2
appeal	2
rejects	2
UI	2
tropics	2
respond315AW	2
plot	2
Dev	2
inside	2
33	2
Cepheus	2
batteries	2
Conway	2
Protocol	2
Battleships	2
Tickle	2
eye	2
Much	2
copy	2
straight	2
rescue	2
hire	2
negligence	2
Playtesting	2
Dreamhack	2
casino	2
extreme	2
Rifles	2
Indefinite	2
Phillips	2
LP	2
PSXP	2
152nd	2
Require	2
AntiTerrorism	2
Kent	2
Tout	2
Angus	2
Comeback	2
Nation	2
southeastern	2
Autoworkers	2
NAFTA	2
generals	2
Maxcraft	2
Avionics	2
Roadrunner	2
EFI	2
Duty	2
Retrofit	2
Gonzales	2
Steel	2
Britains	2
Bruce	2
challengers	2
403rd	2
Drugs	2
LangleyEustis	2
hope	2
blame	2
begun	2
legend	2
Fund	2
postponed	2
placing	2
Savannahs	2
DMCAs	2
gubernatorial	2
flows	2
Curtis	2
shanks	2
Owns	2
energy	2
Brodie	2
potatocentric	2
Jacked	2
Potato	2
Converse	2
Congressman	2
Wright	2
Dan	2
RegisterMail	2
Closed	2
Winners	2
Contraband	2
Losers	2
Host	2
phones	2
libraries	2
guard	2
JOY	2
science	2
mentor	2
Peter	2
startups	2
launching	2
Researchers	2
starting	2
journey	2
Poland	2
Musings	2
Nevada	2
wwwindependentsentinelcom	2
39	2
total	2
Essex	2
Rare	2
Kennedy	2
missiles	2
Makeshift	2
Conditions	2
Sanitary	2
Frank	2
cuts	2
Advisory	2
Expresses	2
Extension	2
nearly	2
Exhibit	2
Collier	2
Southall	2
Loop	2
Microsoft	2
Tokyo	2
turns	2
DRG	2
heavy	2
learned	2
biology	2
Strengthening	2
hccommunityjournalcom	2
5th	2
flying	2
value	2
choir	2
Sailors	2
Haiku	2
Stairs	2
Javelin	2
Range	2
Resilience	2
Mortar	2
small	2
living	2
downtown	2
researchers	2
Solidifies	2
northwest	2
Plant	2
Beards	2
Turbans	2
Hijabs	2
sell	2
PEI	2
Franklin	2
Lifestyles	2
LocalLifestyles	2
Koreas	2
RESTORE	2
nursing	2
completed	2
phase	2
Vows	2
Matters	2
spur	2
services	2
Students	2
wonders	2
Unsuccessful	2
Bidder	2
mitigation	2
noncombatrelated	2
Workers	2
DoortoDoor	2
25M	2
Pepin	2
sides	2
midMissouri	2
Agreements	2
Impact	2
patriotism	2
Sites	2
Piece	2
Wisconsins	2
Share	2
sparks	2
Problem	2
Pentagons	2
Question	2
Flow	2
Eclectic	2
FN	2
halfway	2
fear	2
Transaction	2
UPI	2
clean	2
tells	2
Working	2
shop	2
16th	2
winter	2
disaster	2
issue	2
declaration	2
Coronado	2
Bend	2
draws	2
infected	2
mass	2
247	2
terminate	2
gather	2
ARMY	2
Crew	2
sheriff	2
organizations	2
shouts	2
Alias	2
robots	2
Tarplah	2
Confirm	2
Liberia	2
Affair	2
4yearold	2
Purple	2
Mystery	2
makeover	2
surprise	2
Volunteers	2
patrol	2
Mt	2
Fortive	2
Unstoppable	2
Zoe	2
destiny	2
gym	2
bearing	2
name	2
Penalty	2
Dredge	2
warming	2
passengers	2
Denying	2
list	2
Shakespeare	2
FLOOD	2
HEARTLAND	2
Canada	2
vying	2
Ed	2
Bus	2
Bang	2
apologize	2
Logistics	2
opportunities	2
preserved	2
lands	2
villages	2
bombarding	2
Nix	2
Paraplegic	2
85	2
builds	2
Lawsuit	2
critical	2
spotters	2
deploys	2
Zoely	2
rebuild	2
dont	2
rains	2
evaluating	2
sale	2
modernization	2
windstorm	2
Senators	2
ease	2
Lead	2
DefenderEurope	2
Sound	2
marked	2
Puget	2
slowly	2
munition	2
disposal	2
powerprojection	2
decision	2
Bluff	2
aimed	2
Placid	2
serious	2
LakePlacidNewscom	2
boundaries	2
command	2
failed	2
expanding	2
breaker	2
Empire	2
SCENE	2
increased	2
important	2
plane	2
pact	2
Pine	2
PolitiFact	2
Hes	2
Jihadists	2
Los	2
Angeles	2
Material	2
Vista	2
Yes	2
Hanover	2
Dangerous	2
Proposed	2
evacuations	2
FrontPageAfrica	2
Ridgecrest	2
Unfit	2
female	2
supervisor	2
Edwards	2
dentonrccom	2
allowing	2
Bonner	2
become	2
vehicles	2
elevated	2
Amarillo	2
Havoc	2
Wreaks	2
x200BOBITUARY	2
psychiatrist	2
hate	2
wrong	2
Bee	2
Retire	2
WCI	2
PresidentCEO	2
steps	2
danger	2
loss	2
Airbus	2
originally	2
Retirement	2
Sixty	2
Brothers	2
Helicopter	2
Ups	2
Frederick	2
rifle	2
Biden	2
DeFazio	2
increase	2
19382020	2
Antonelli	2
bookings	2
WCIs	2
Jeep	2
harbors	2
Ernest	2
Dixon	2
thedailyreviewcom	2
Agreement	2
Commissions	2
NY	2
limit	2
pioneer	2
Clarence	2
LeBlanc	2
Farm	2
song	2
buzz	2
EC	2
corps	2
Mudd	2
Puddle	2
Inspiring	2
ground	2
Autopilot	2
sex	2
Allied	2
Futures	2
Harder	2
Thinks	2
Lab	2
child	2
fence	2
priorities	2
Digital	2
kidnapped	2
believed	2
OKd	2
Walla	2
Announce	2
wife	2
date	2
commitment	2
Utahns	2
Keeps	2
Dental	2
Biography	2
Wuhan	2
chem	2
families	2
bio	2
Advanced	2
Irans	2
schoolers	2
acts	2
alone	2
musician	2
Jesse	2
Fleming	2
stop	2
1232M	2
Bar	2
demagogueryx2014only	2
towards	2
driving	2
march	2
institutions	2
weigh	2
Safety	2
WUFT	2
Societys	2
Biostatistics	2
Tracy	2
LaRee	2
Unalaska	2
governments	2
collide	2
profanitylaced	2
ERAU	2
PRESIDENT	2
BUTLER	2
21220	2
Welch	2
shoving	2
different	2
crisis	2
propose	2
GloucesterxA0men	2
democracy	2
Key	2
Agencys	2
Rio	2
Acquires	2
habitats	2
Warns	2
Reed	2
sued	2
Sustainability	2
Recently	2
Sheas	2
Explorers	2
Matt	2
Financial	2
drivers	2
Children	2
Hartford	2
circus	2
scars	2
physical	2
emotional	2
bad	2
Unclaimed	2
mitigate	2
airport	2
Districts	2
northern	2
Morris	2
Essay	2
per	2
CalledSpacers	2
retribution	2
burial	2
Publishers	2
Marketplace	2
Offerings	2
Schriever	2
Huntsville	2
Courier	2
20182025	2
Campus	2
bluffs	2
picks	2
36yearold	2
Strangers	2
blast	2
1980	2
Legend	2
neighbors	2
workers	2
German	2
batterycell	2
Ag	2
Praise	2
Tide	2
Definition	2
INFORMATION	2
65	2
usa	2
NETWORK	2
Marauders	2
travels	2
hear	2
Digest	2
Superior	2
Ky	2
Merrills	2
homecoming	2
wake	2
natives	2
Legislation	2
waterravaged	2
Peru	2
shocked	2
Wong	2
Atlantic	2
Reservoir	2
HSRC	2
Goggles	2
Donations	2
1220	2
Clarita	2
festival	2
Mixed	2
Reality	2
screened	2
KHTS	2
Vivian	2
Filson	2
Cooper	2
north	2
prices	2
crop	2
981	2
Hometown	2
WEST	2
plastic	2
alumni	2
Trouble	2
Enemies	2
Wannabes	2
Dropped	2
piece	2
M551	2
Resident	2
plead	2
Gregory	2
peace	2
table	2
Kenneth	2
ComposerinResidence	2
pinning	2
age	2
draft	2
longer	2
Summerville	2
Ghost	2
Watershed	2
Removed	2
boat	2
Boudreaux	2
Discovery	2
Sandy	2
MW	2
playground	2
appear	2
thermal	2
switches	2
nextgen	2
passing	2
outbreak	2
Brings	2
Lamp	2
drugs	2
custody	2
escapes	2
Bullet	2
Reveal	2
Terry	2
main	2
Fruit	2
Leavenworth	2
DEMANDS	2
prove	2
Sweet	2
biological	2
Cream	2
computing	2
weapons	2
applications	2
Parasite	2
borders	2
Outdoor	2
Ground	2
Chittenden	2
Ballard	2
upgrades	2
aviation	2
worry	2
secures	2
path	2
Syracuse	2
Archive	2
mudslides	2
Newspaper	2
Main	2
Pamplin	2
Paige	2
Athens	2
Kreisman	2
Oregons	2
transgender	2
lawmaker	2
Kazakhstan	2
scholarship	2
Youngstown	2
backs	2
heat	2
Kim	2
sales	2
Boston	2
Spin	2
sky	2
fallout	2
hub	2
Laying	2
Legislative	2
Framework	2
C2	2
Transformation	2
Improves	2
Snyder	2
Barbara	2
Organized	2
PASS	2
away	2
Participants	2
Newest	2
Dynamics	2
NATOs	2
Macedonia	2
generation	2
Proficiency	2
Testers	2
innovative	2
Fitzgerald	2
illfated	2
xBB	2
Medford	2
PACE	2
demand	2
Approves	2
Forward	2
Extend	2
Fairfax	2
Speer	2
citizens	2
known	2
Pershing	2
M26	2
game	2
Desert	2
USIsrael	2
lauds	2
Rivlin	2
Mix	2
Guadalupe	2
Came	2
Used	2
Jennifer	2
Pennsylvania	2
Celebrating	2
72nd	2
NBC4	2
Holdrege	2
conference	2
NanoCool	2
BioThermal	2
Pelican	2
facility	2
Denver	2
Kyiv	2
development	2
Ukrainian	2
goo	2
Dialogue	2
THAAD	2
Successor	2
19302020	2
Ohios	2
Went	2
Taught	2
blood	2
Weight	2
Ammunition	2
Ambassador	2
unthinkable	2
confronted	2
powers	2
Livingston	2
radical	2
given	2
Anthem	2
Left	2
Problems	2
Cant	2
added	2
Angelo	2
creating	2
goes	2
Mounted	2
reached	2
Hunt	2
reduced	2
outlook	2
Occur	2
Jamestown	2
Iowans	2
Student	2
Start	2
Deuce	2
meaning	2
Goddard	2
Mission	2
Demonstration	2
Relay	2
Communications	2
NASAs	2
Globe	2
Speaking	2
Historically	2
III	2
Safer	2
1930s	2
reveal	2
heartshaped	2
Confusion	2
Ripley	2
Harry	2
affects	2
Spokane	2
MSU	2
CounterPunchorg	2
grad	2
code	2
Naziled	2
exposed	2
Gang	2
Concussion	2
Chinook	2
Moss	2
hesitate	2
Concerned	2
glamour	2
188	2
outpouring	2
fed	2
Sue	2
Janice	2
Lockheed	2
dollars	2
NotSoSecret	2
Maybe	2
Dean	2
FTA	2
premiere	2
sleek	2
radiates	2
Spotted	2
Fonda	2
Jane	2
triumph	2
Reviewing	2
opposing	2
DR	2
rainfall	2
HILL	2
2016	2
killing	2
Gift	2
selling	2
possibility	2
B52	2
Low	2
GRDA	2
Lai	2
McCabe	2
DOJ	2
Compares	2
Whitaker	2
worth	2
RegisterGuard	2
developer	2
Fishing	2
pounds	2
Vicksburg	2
launch	2
Tyler	2
honorably	2
Away	2
Somali	2
point	2
feel	2
Smashed	2
Battleship	2
underway	2
selection	2
grownup	2
Embassy	2
SOMALI	2
RELIABLE	2
INDEPENDENT	2
BEST	2
HILLAACNET	2
mother	2
allow	2
operating	2
period	2
depots	2
Francis	2
developing	2
Marion	2
beaches	2
Leader	2
taking	2
bonuses	2
Jim	2
decorated	2
Career	2
platform	2
farm	2
Matthew	2
Rescinds	2
Kreigsadler	2
departs	2
2CR	2
Threats	2
Emerging	2
raise	2
Tony	2
NECN	2
children	2
comment	2
Medallion	2
specialty	2
nominees	2
Shares	2
Anti	2
Harlem	2
cities	2
Wallsx2014and	2
affirms	2
perform	2
MoMA	2
Author	2
speaker	2
promoted	2
accepting	2
swearingin	2
tears	2
bursts	2
Anthony	2
turned	2
Augustine	2
Personnel	2
Movies	2
Policeman	2
Recreate	2
Plains	2
Healthcare	2
cannon	2
citys	2
captured	2
Charter	2
Widener	2
Wedding	2
Ring	2
Landmine	2
Humans	2
epidemic	2
flu	2
MO	2
bachelors	2
Ranch	2
Staten	2
Charen	2
island	2
rumors	2
sparked	2
Harlan	2
Spy	2
Polish	2
Armored	2
law	2
Denney	2
predicted	2
Sgt	2
Independence	2
faith	2
Ted	2
Band	2
Blog	2
Updates	2
Kept	2
Kills	2
LaserGuided	2
allblack	2
Cuts	2
Stories	2
Bradley	2
Master	2
Visible	2
Stuart	2
CityBusiness	2
trees	2
Bryan	2
Person	2
Celebration	2
Gainesville	2
Lanier	2
Formosa	2
Adirondack	2
Faces	2
paperwork	2
prodding	2
complex	2
SitNews	2
Mills	2
Rates	2
Greece	2
Turkey	2
Bases	2
side	2
sights	2
1stround	2
FEMA	2
reasons	2
homeless	2
men	2
Investment	2
Tigers	2
Dale	2
Okeechobee	2
Investigations	2
DISCOVERIES	2
beefed	2
doctor	2
Charged	2
Hundreds	2
Hampton	2
breakfast	2
Face	2
rage	2
Action	2
mourns	2
Erosion	2
urging	2
Sought	2
took	2
Davenports	2
ReelfootObion	2
nominated	2
teacher	2
cannabis	2
77	2
Costs	2
Homeowners	2
outgoing	2
BDN	2
Bangor	2
Rob	2
Chef	2
Weeks	2
recipes	2
sixthgrader	2
able	2
problem	2
lakefront	2
Wiregrass	2
NSC	2
Luther	2
Walker	2
customers	2
CMP	2
acting	2
vvdailypresscom	2
Mulvaney	2
Giant	2
Howard	2
salmon	2
sought	2
AmericanStatesman	2
Cairo	2
MSP	2
saying	2
cybersecurity	2
billions	2
maintenance	2
review	2
Terminal	2
Sanctuary	2
option	2
designation	2
Federally	2
deadly	2
floodfight	2
Cod	2
Rapids	2
Scene	2
Legends	2
Shultz	2
Morrow	2
991	2
Zap	2
Yesterdays	2
Favorites	2
Breaking	2
927FM	2
TheDRIVE	2
Son	2
Mornings	2
SwearingIn	2
Yorks	2
Surprised	2
cool	2
parks	2
Tracking	2
Gain	2
Toward	2
Strategy	2
Couple	2
Garrison	2
meetings	2
Ii	2
Aid	2
Pows	2
Filipino	2
Daring	2
keeping	2
appointed	2
inducted	2
Examine	2
NIAGARA	2
starts	2
Sworn	2
Mom	2
term	2
trying	2
Briefs	2
grateful	2
justified	2
Pier	2
Cole	2
laughing	2
feces	2
McSally	2
Xtra	2
Hell	2
operability	2
enhances	2
FingerLakes1com	2
Multiservice	2
Tiger	2
Failed	2
races	2
SunSentinel	2
prime	2
Dragons	2
CareSource	2
strong	2
JournalConstitution	2
Atlanta	2
BREAKING	2
Wakanda	2
Gaston	2
Walking	2
Across	2
Arnold	2
Silver	2
Looking	2
Begin	2
Cheboygan	2
Broadway	2
Daseke	2
card	2
Harriet	2
Tubman	2
salute	2
Rhone	2
WYBZFM	2
twoyear	2
therapy	2
nonprofit	2
HxFCrtgen	2
Horrific	2
Redux	2
Trench	2
43	2
Lee	2
chain	2
owner	2
photo	2
Bridges	2
Blasts	2
Risks	2
Appreciation	2
Nedra	2
Algae	2
Apalachicola	2
Indiana	2
Parts	2
sensor	2
Pigs	2
Hillsdale	2
Hillsdalenet	2
UFO	2
shipping	2
Aurora	2
surged	2
Hellenic	2
Car	2
Worldwide	2
Entire	2
Pool	2
highway	2
Challenge	2
Ousted	2
Wiley	2
Wounding	2
Strikes	2
Links	2
remediation	2
McDade	2
Flynn	2
Radcliff	2
fresh	2
individual	2
induction	2
qualityoflife	2
views	2
Readiness	2
McGraw	2
Bartee	2
pushes	2
Bragg	2
Resolve	2
finalist	2
contributions	2
Sustainment	2
Bland	2
2030	2
129th	2
pot	2
Operational	2
Dry	2
cooks	2
safe	2
TikTok	2
Murchison	2
veterinarians	2
SOUTHCOM	2
Minister	2
focused	2
Services	2
elite	2
Consumers	2
organization	2
concern	2
Youre	2
Marines	2
AntiShip	2
Trailer	2
OK	2
foot	2
Spanish	2
Accepting	2
Morelli	2
recreational	2
JournalRegister	2
OKs	2
Progress	2
Nurses	2
Tributaries	2
spell	2
better	2
Spence	2
Pete	2
romance	2
Justice	2
Threatened	2
Pastor	2
Expansion	2
land	2
alarming	2
Armata	2
gain	2
RealClearPolitics	2
Bickel	2
Wonder	2
Naval	2
Spent	2
OnAnd	2
Lap	2
building	2
Armond	2
Ahrens	2
divert	2
volcano	2
Hat	2
predicts	2
Jams	2
VFW	2
groups	2
Norfork	2
rips	2
God	2
Promotions	2
Photos	2
Hurricanes	2
Hartwell	2
expectations	2
101st	2
Shooting	2
Gish	2
Syndrome	2
Trends	2
Mln	2
MARAD	2
Spiritual	2
IndiaPakistan	2
Visiongain	2
Printed	2
Provides	2
VETERANS	2
HONORING	2
attempt	2
Marketled	2
USD	2
113	2
Close	2
Armed	2
navigable	2
threatening	2
authorization	2
sends	2
Jerry	2
nets	2
mission	2
Thomas	2
Defender	2
stays	2
Title	2
touts	2
MASH	2
DOJx2026	2
Triple	2
games	2
Uzbekistan	2
Guest	2
USCA	2
presidency	2
Isle	2
telegramcom	2
Presque	2
acquired	2
Tulsi	2
raid	2
Areas	2
Tours	2
Loves	2
Credibility	2
Editor	2
Flooded	2
Herndons	1
Firsts	1
pricetag	1
Skoczek	1
1933	1
AutoInjectors	1
EEOC	1
Antidote	1
Agent	1
Grace	1
Nerve	1
PortRelated	1
Phenomenal	1
Fixes	1
Longboat	1
Airlines	1
3932	1
Whittier	1
Mote	1
Tests	1
Narrows	1
Newby	1
Skies	1
grapples	1
interesting	1
hitched	1
require	1
hometown	1
protests	1
Geneva	1
Polsfuss	1
codebreaker	1
Unless	1
depleted	1
longawaited	1
bear	1
Fundraising	1
filings	1
involvement	1
freedom	1
Suffolk	1
strategies	1
boosts	1
USAF	1
Rivers	1
Yorktown	1
Prominent	1
wedding	1
fiance	1
BSA	1
Gala	1
Effingham	1
Terence	1
Settlement	1
Sisters	1
Cost	1
Races	1
slashed	1
Statesvilles	1
Current	1
Riverx2014When	1
Progressives	1
Listen	1
timesbulletincom	1
Northeast	1
discussed	1
Pressure	1
Counterproductive	1
Insanity	1
Kuhn	1
LIV	1
Pals	1
Russians	1
SIGAR	1
Directors	1
appoint	1
Participates	1
fredericknewspostcom	1
Shoes	1
Saxon	1
Cofounder	1
tradition	1
Adams	1
Obstacle	1
Denied	1
Elevated	1
Bobby	1
Forecasts	1
explosive	1
Biological	1
Secures	1
Impossible	1
Refugees	1
Refugee	1
Ban	1
abuse	1
Darn	1
Level	1
2026	1
Lowering	1
ideas	1
exhibitHenry	1
slams	1
100YearOld	1
capitalism	1
Andy	1
naked	1
2142020	1
Join	1
Pictures	1
Pointe	1
Toss	1
Worths	1
Coin	1
opposes	1
Beaches	1
Copper	1
Rudee	1
relief	1
things	1
Voter	1
Kamrowski	1
recording	1
Authority	1
Camera	1
NPS	1
drone	1
spiffing	1
offroad	1
London	1
Buddy	1
Hackett	1
zero	1
Otis	1
Parklands	1
highlighted	1
Medicine	1
beliefs	1
Newsroom	1
APO	1
hotel	1
Lehigh	1
authorizes	1
Pendleton	1
chaplain	1
Salem	1
20M	1
councilman	1
Newly	1
Bell	1
SGM	1
Haul	1
Messenger	1
1000th	1
ouster	1
tensions	1
Moses	1
Robots	1
ebb	1
flow	1
familys	1
Uptown	1
beads	1
Journey	1
Gunfire	1
Struggling	1
RightToRepair	1
Identifies	1
Shine	1
barrage	1
shielded	1
attacker	1
planted	1
60th	1
Troop	1
Historian	1
common	1
rotarian	1
Rosemont	1
ENTERPRISE	1
longstanding	1
Limit	1
Charlestown	1
Progressive	1
Presents	1
Lord	1
Beauty	1
Ross	1
Skys	1
decries	1
Enlightening	1
CRI	1
Receive	1
try	1
52Million	1
TuneUp	1
Dhillon	1
Janet	1
NYSECAT	1
Caterpillar	1
NYSEBA	1
Treadwell	1
Weiner	1
Petaluma	1
Wildlife	1
Chair	1
Slashed	1
EDITORIAL	1
DNA	1
Paso	1
Doe	1
detective	1
suspected	1
drunk	1
improves	1
driver	1
Shack	1
administrator	1
Warrenton	1
fit	1
Hitch	1
SELF	1
Lebanon	1
Hinds	1
Aerospace	1
Maynard	1
principal	1
Schools	1
Projecting	1
Collins	1
Darkening	1
Landpower	1
Beacon	1
H60M	1
Denali	1
climb	1
lakelandtimescom	1
40YearOld	1
Overturns	1
Foundations	1
KansasThe	1
climbs	1
Marathon	1
Helps	1
Tillman	1
Salsa	1
13th	1
DCEDC	1
makers	1
Glaze	1
introduced	1
Beech	1
Freeport	1
flooded	1
rate	1
Deepen	1
comms	1
Environmentalists	1
tours	1
scaleddown	1
UMATILLAWALLA	1
COUNTIES	1
Lenny	1
integrates	1
marry	1
wallxA0construction	1
846	1
unwise	1
utility	1
Persistent	1
OMB	1
Scholar	1
Runners	1
BombMaking	1
Sent	1
Echo	1
M4	1
104YearOld	1
Greencastle	1
Everything	1
carbines	1
Perdue	1
terrible	1
Criticize	1
destruction	1
JaxPort	1
Rhythm	1
Loeffler	1
Facility	1
Noa	1
Kirel	1
Limelight	1
Serve	1
Disposal	1
Manitowoc	1
Nault	1
Jarrett	1
Rises	1
Crudes	1
Sharing	1
Find	1
develop	1
robotic	1
Capital	1
Adranos	1
drive	1
proofing	1
Orino	1
ranks	1
tragic	1
2009	1
resilience	1
Solid	1
Passing	1
Hastings	1
1001	1
Humanists	1
startup	1
manufacturing	1
autonomous	1
FHCIP	1
centraljerseycom	1
MRT	1
headlines	1
Lovato	1
Demi	1
Chevrolet	1
Standing	1
Tahoe	1
WBCH	1
Awesome	1
Sodus	1
Selleck	1
Expanding	1
AGENCY	1
codes	1
foreign	1
Snake	1
901	1
ODDS	1
BEATS	1
Georgias	1
xFEFF93M	1
31st	1
Senatorial	1
RIGGING	1
LOVE	1
Punching	1
GAME	1
sting	1
Swiss	1
Brunell	1
regulators	1
Robin	1
knew	1
mysterious	1
pulling	1
stunning	1
perhaps	1
contact	1
31M	1
Boutique	1
audacious	1
tech	1
Singapores	1
Revolution	1
Robot	1
Inshore	1
LRMC	1
groundhog	1
upholds	1
Concert	1
medalist	1
gold	1
initial	1
findings	1
Twin	1
Pines	1
Fields	1
COP	1
Symphonys	1
1988	1
reader	1
reef	1
bolstered	1
thousands	1
Caroline	1
heres	1
terracotta	1
Hoffman	1
promise	1
Fires	1
AntiTobacco	1
representing	1
Fanatics	1
Lie	1
Beachfill	1
Shinnecock	1
Total	1
Mercer	1
dignifted	1
shrink	1
homeowners	1
Gloria	1
Memoriam	1
heck	1
Setup	1
Failing	1
Morgan	1
19462020	1
6461270	1
Secrets	1
Chop	1
spend	1
showcasing	1
Quench	1
crack	1
fun	1
NewsMedicine	1
Governments	1
UFOs	1
Culture	1
Element	1
lawyers	1
Chattahoochee	1
always	1
Legal	1
Cheap	1
Rug	1
Wakefield	1
Pregnant	1
Cardinale	1
Trio	1
establish	1
Chippewa	1
Crypto	1
Conroys	1
countries	1
Detection	1
Anson	1
ABCs	1
Sorties	1
Flights	1
social	1
strategy	1
AIEnabled	1
Rocks	1
Kimbel	1
Revetment	1
Contingency	1
Kentuckys	1
315th	1
Stranded	1
husbands	1
Gander	1
OBITUARY	1
preserving	1
Preserve	1
Vincent	1
1920	1
overseer	1
Fed	1
LivermoreAmador	1
audit	1
Derangement	1
Explodes	1
Pa	1
Acquittal	1
Highlight	1
Lookback	1
Philippine	1
VFA	1
Explained	1
Duterte	1
Terminate	1
Pact	1
Musicians	1
soliders	1
GreenLights	1
Parental	1
Blooms	1
Graffitiremoval	1
formerly	1
Resumption	1
incarcerated	1
Embarrassing	1
real	1
Guppy	1
Amendment	1
Postscript	1
Capacity	1
insists	1
Veterina	1
Manila	1
Indy	1
FOLLOWUP	1
extension	1
Unbuilding	1
MIAMI	1
Examines	1
64M	1
inwater	1
Adolf	1
coldweather	1
hazardous	1
basics	1
Peninsula	1
Waddington	1
Blogx2026	1
WWNY	1
SUNY	1
Potsdam	1
Advertiser	1
Activision	1
Teases	1
Return	1
Seattle	1
Content	1
retail	1
Kannapolis	1
SolidElectrolyte	1
Interphase	1
LithiumIon	1
operated	1
initiatives	1
computer	1
Premera	1
Stefanik	1
boys	1
atta	1
quos	1
pro	1
Quid	1
unprovoked	1
Porn	1
Icon	1
shut	1
shame	1
smackdown	1
epic	1
Brennan	1
destroys	1
Withheld	1
hurricanes	1
Possessing	1
inmate	1
Jail	1
Cuyahoga	1
Divest	1
Urge	1
Artists	1
Wrong	1
060220	1
Jen	1
Laila	1
Lalami	1
Thought	1
Whitmer	1
Lentzner	1
Condon	1
VP	1
Drew	1
LeaguexAE	1
Richardson	1
Edgar	1
Newspress	1
Monster	1
Mash	1
Workout	1
Trajectory	1
figures	1
Effects	1
Shelby	1
306th	1
Squadron	1
A1C	1
Pitsenbarger	1
Derbyshire	1
spokesman	1
Closing	1
Thoughtx201306Feb20	1
Temple	1
Universitys	1
Blockson	1
Stillwater	1
remarkable	1
Fortmyersbeachtalkcom	1
Richfield	1
rolls	1
Shop	1
AllOptical	1
Computing	1
Computation	1
Osawatomie	1
dry	1
cleaner	1
Creston	1
Kelley	1
Goodby	1
CSMx2008Ramsey	1
charged	1
Amount	1
Perfect	1
struck	1
favorable	1
Rogan	1
Arlington	1
soy	1
Roth	1
Cemetery	1
Councilman	1
owned	1
WarriorTom	1
improvement	1
CASOx2008panel	1
USIran	1
relationship	1
mainline	1
ferry	1
docked	1
TennTom	1
Valencia	1
Driver	1
Pleasures	1
Navigation	1
Agencies	1
Disinformation	1
Ocalacom	1
Hampers	1
Rand	1
Dedication	1
Ultra	1
embraces	1
Candidates	1
Affaor	1
MWR	1
Rucker	1
ChickfilA	1
Franchise	1
IL	1
Hispanic	1
Barclay	1
Statewide	1
Tactics	1
Demo	1
Integrators	1
Swarm	1
Unseat	1
Incumbent	1
Eric	1
Swalwell	1
pretending	1
10K	1
Anastasia	1
Hitchcock	1
built	1
Dyne	1
Newberry	1
Becomes	1
Alachua	1
Reach	1
Graduation	1
Rate	1
Whisler	1
OFFSET	1
becomes	1
Thats	1
blockbuster	1
Eliminating	1
Route	1
paved	1
trail	1
Camels	1
productions	1
Studios	1
Fifer	1
Perry	1
BLACK	1
Cherokee	1
ARGOS	1
Atomics	1
asbestos	1
Aberdeen	1
Proving	1
Massacre	1
Superintendent	1
passes	1
illness	1
Manzanar	1
AuthorEntertainer	1
Inomata	1
Remembrance	1
22	1
exec	1
PNC	1
TamaToledoNewscom	1
Toledo	1
Tama	1
NewsHerald	1
Joplin	1
Ticket	1
Lifelong	1
band	1
justadmissionscom	1
Overhyped	1
investigated	1
AdmissionCampus	1
Diplomats	1
topsxA0550	1
Rowan	1
signifies	1
wellknown	1
Counseling	1
synonymous	1
Santee	1
Seabrooks	1
Removal	1
Completely	1
Hypersonic	1
FAL	1
AK47	1
Transylvania	1
Heroism	1
Furniture	1
Disciplinary	1
Bumgarner	1
photos	1
Finding	1
Cracks	1
Keeping	1
bloodied	1
Tampering	1
Ire	1
USC	1
65th	1
ARL	1
Jendrasko	1
Hemp	1
Argument	1
Convicted	1
ExPolice	1
Arjun	1
measurements	1
Revamp	1
seminars	1
advice	1
lay	1
myriad	1
medicinal	1
Takano	1
Disabled	1
Sand	1
Homemade	1
x411x43Bx43Ex433x438	1
Forbes	1
Biddeford	1
Hates	1
ThreeDimensional	1
Chessboard	1
Acting	1
Monitor	1
tale	1
cautionary	1
scammed	1
stupid	1
Nathaniel	1
ride	1
Indias	1
Fill	1
Portlands	1
HD	1
Philly	1
revived	1
shunned	1
Increasing	1
Troy	1
Whitehall	1
Neuroscience	1
Develops	1
Fascinating	1
Underwood	1
Edition	1
Adrian	1
Queer	1
capitol	1
LocalRegional	1
Odins	1
misused	1
SAUER	1
SIG	1
Jaxport	1
Balog	1
Registry	1
exonerated	1
detectives	1
Gill	1
SWB	1
Theyll	1
Innocence	1
union	1
dealing	1
grief	1
unanswered	1
questions	1
Chaplain	1
Muslim	1
Burn	1
Armydeveloped	1
childpornography	1
Kruse	1
shocker	1
scrapmetal	1
wannabes	1
origins	1
Emancipation	1
INFORUM	1
highschoolers	1
Sullivan	1
Basic	1
Becoming	1
confront	1
Reconnaissance	1
Fond	1
Lionel	1
evolved	1
Chance	1
Pick	1
Justices	1
Garey	1
Fairs	1
Festivals	1
Dwain	1
Fury	1
Whitener	1
Supply	1
Karl	1
leadertelegramcom	1
Tap	1
Tampa	1
Pit	1
Freehold	1
taboo	1
severe	1
Garden	1
InterService	1
Tails	1
Comedian	1
Decorating	1
Kaiserslautern	1
NWS	1
Decreasing	1
original	1
Forks	1
gazebo	1
deck	1
winners	1
Caledonia	1
Nationalist	1
Marches	1
Galley	1
CFAY	1
Congratulations	1
Wreck	1
Firefight	1
Barrier	1
IDd	1
Given	1
floodgates	1
Stars	1
Soleimanis	1
Lundberg	1
94B	1
ambush	1
schoolxA0massacre	1
FCW	1
LiveAction	1
Mr	1
Moody	1
Dave	1
Merril	1
Massachusetts	1
posing	1
Spotlights	1
Bucks	1
Foote	1
waves	1
Brent	1
Cupid	1
Whitehalls	1
flesh	1
pressing	1
Athenaeum	1
ravallirepubliccom	1
fraudsters	1
legion	1
LaVern	1
Hamre	1
CJTFOIR	1
significant	1
gains	1
Candidate	1
Fitchburg	1
Seat	1
gate	1
dark	1
Contest	1
awakening	1
Boats	1
craft	1
Ante	1
subject	1
pricey	1
rare	1
prop	1
hall	1
Social	1
Chaos	1
Caucus	1
Herschel	1
hikes	1
cfs	1
random	1
Tight	1
NonDefense	1
Hamilton	1
flexibility	1
floodcontrol	1
assessor	1
MidDay	1
issued	1
Keller	1
Emmett	1
Ecklund	1
Inova	1
Neurosciences	1
Molecular	1
dating	1
viral	1
load	1
growth	1
rates	1
suggested	1
eclipse	1
lasted	1
ups	1
35000	1
adults	1
Session	1
Charlevoix	1
prompt	1
incentive	1
Bradleys	1
servicemembers	1
Buy	1
MultiDomain	1
schedules	1
Teaches	1
Concepts	1
Commands	1
Active	1
Locker	1
Hurt	1
UT	1
Elected	1
Zeldin	1
RShirleyxA0raisedxA0714000	1
HighProfile	1
Participate	1
offender	1
soliciting	1
Garimella	1
exodus	1
porn	1
England	1
stem	1
Circuit	1
Closure	1
Extended	1
26th	1
HIV1	1
tackles	1
Elliott	1
Firefighters	1
holdup	1
structural	1
Oktibbeha	1
moms	1
Helen	1
Chadwick	1
Extinguishing	1
Quit	1
antiSemitism	1
Jews	1
misplaced	1
EPAs	1
Carriers	1
retiring	1
acquitted	1
columnists	1
Highflying	1
fare	1
Remain	1
adventure	1
Repairs	1
Buertram	1
Fralick	1
GUGELMAN	1
DONALD	1
greet	1
Danville	1
Equality	1
zone	1
sexual	1
Ret	1
DeSousa	1
M14	1
Thailand	1
Temperature	1
Explode	1
Count	1
Exploded	1
Ambush	1
Afternoon	1
reminder	1
Every	1
Engine	1
Screen	1
Epicenter	1
strength	1
VSTO	1
prepare	1
T72	1
Economy	1
Evansville	1
Arapahoe	1
Holding	1
Mondays	1
Irons	1
46	1
SPD	1
1962	1
CF	1
ICYMI	1
aside	1
Hardest	1
Rules	1
brushed	1
CleanWater	1
DEQ	1
winds	1
Desrosiers	1
Distributing	1
Richards	1
Luger	1
AwardWinning	1
Movers	1
FY2020	1
diploma	1
Murdock	1
Shakers	1
urges	1
Rainfall	1
lingering	1
drought	1
repeat	1
EMC	1
Fremont	1
breakwater	1
reportedly	1
Permitting	1
Perham	1
reCONNECT	1
User	1
Third	1
FoodLogiQ	1
27th	1
WA	1
fought	1
Leonardos	1
9mm	1
Murdered	1
visiblelight	1
biometrics	1
infrared	1
Helo	1
Inquiries	1
Related	1
palaces	1
examines	1
ruins	1
Earths	1
nuclear	1
Manilas	1
dearly	1
effects	1
shining	1
OneonOne	1
storage	1
Homer	1
Latsch	1
eroute	1
Deeper	1
WrightPatterson	1
oceans	1
Kerik	1
Blasios	1
AntiCop	1
Stance	1
Breakfast	1
Weekend	1
Attacks	1
Extinguisher	1
Patented	1
Jason	1
progress	1
crews	1
catch	1
Mexican	1
gray	1
wolves	1
Conor	1
Dalys	1
Indycar	1
Winchester	1
Sixteenth	1
Easter	1
Pickup	1
DSKE	1
precaution	1
eases	1
archives	1
stepfather	1
Manned	1
Nixed	1
splinters	1
antiSanders	1
beat	1
202	1
br	1
Documentary	1
Premieres	1
reenlistment	1
reaffirm	1
Optionally	1
warfighters	1
dying	1
politicians	1
Whitney	1
Assisted	1
dedicate	1
03	1
Middletown	1
Speaks	1
Fairview	1
Graders	1
pack	1
Athol	1
fighter	1
BusinessTargeted	1
Reagan	1
Federer	1
pins	1
Signal	1
335th	1
chapel	1
stay	1
Exposed	1
preparations	1
DEFENDER20	1
sustainment	1
drills	1
citybizlist	1
Handguns	1
Warned	1
Socialism	1
Secularism	1
Abortions	1
Tragic	1
Unborn	1
Lives	1
Blockchain	1
Recovery	1
Bonds	1
Trust	1
xE2x80x98order	1
AmazonxE2x80x99	1
Instead	1
Attacking	1
WikiLeaks	1
Fix	1
recently	1
posts	1
Democrat	1
casualties	1
Meyers	1
Herr	1
Magdalin	1
CuttingEdge	1
Marietta	1
Something	1
movie	1
athlete	1
hearing	1
Race	1
decade	1
facilities	1
spaceflight	1
Butch	1
Estes	1
AIAs	1
Fanning	1
Compelling	1
DeBow	1
Freed	1
defend	1
Academic	1
detainees	1
massarrest	1
Singapore	1
Airshow	1
ShowNews	1
Australian	1
Taps	1
destroyer	1
carrier	1
23M	1
raised	1
achieved	1
became	1
ROGER	1
NewsRadio	1
Coldstream	1
AfghanistanxA0attack	1
redlight	1
Anchorages	1
Linemen	1
Gore	1
Defensive	1
Positions	1
Packers	1
NSA	1
wild	1
seen	1
MORTIMER	1
poured	1
Draft	1
heart	1
PoW	1
attacked	1
Roasters	1
improbable	1
Beret	1
Snags	1
Sperryville	1
Destroy	1
urbansuburban	1
Wainwright	1
trailblazer	1
Isenhart	1
Daniel	1
Cope	1
sewer	1
bailing	1
reflect	1
colder	1
Quieter	1
Kokomo	1
71year	1
architectural	1
Weslaco	1
21st	1
Complimentary	1
Century	1
WIFC	1
955	1
designed	1
ERP	1
Jacksonvilleborn	1
Endless	1
Separation	1
Renews	1
TSX	1
Cadets	1
ExchangeUCU	1
founders	1
cum	1
Democracy	1
Abroad	1
Remarks	1
wagon	1
mud	1
elusive	1
DeSantis	1
supporters	1
cinemas	1
Solutions	1
Quilts	1
Accessible	1
worked	1
Blythe	1
clarity	1
regulatory	1
Burr	1
Tillis	1
Counterpoint	1
experts	1
Province	1
southern	1
controlled	1
explanations	1
Sharp	1
Authorization	1
Submits	1
Quilt	1
DHS	1
Webinar	1
EVerify	1
shooter	1
I9	1
uniform	1
Common	1
Core	1
stranger	1
conjures	1
Form	1
images	1
recent	1
21020	1
Educational	1
Afghanistans	1
Starts	1
Wermuth	1
Bombs	1
updated	1
YPGs	1
slowing	1
Ulster	1
Communists	1
Feared	1
edifying	1
Hazel	1
sermons	1
stole	1
Sourcing	1
extravaganza	1
883M	1
giant	1
Offensive	1
Faith	1
decreased	1
Monuments	1
Impacted	1
discussion	1
mapping	1
Tackling	1
viewer	1
disrespected	1
MassisPost	1
Streets	1
church	1
x2022	1
Armenias	1
ANI	1
VIDEO	1
wisdom	1
attendance	1
Tet	1
Babysitter	1
DJ	1
Packed	1
easy	1
breathe	1
EPISD	1
Hendersonville	1
Henderson	1
gathers	1
Cummins	1
Kiilleen	1
Emeritus	1
Chosin	1
Frozen	1
Scheme	1
Fraud	1
Procurement	1
Natchitoches	1
StarTribunecom	1
taken	1
hostage	1
brutalized	1
riot	1
healing	1
streets	1
donations	1
activeduty	1
Rice	1
responds	1
49ers	1
tight	1
Kittle	1
Elk	1
widow	1
Peters	1
library	1
outages	1
Unfettered	1
rolled	1
lakeside	1
ignore	1
cannot	1
Sealevel	1
podcast	1
episode	1
Adeleke	1
Evangelist	1
Artificial	1
acclaimed	1
Firearms	1
widely	1
Amusan	1
protections	1
mean	1
Might	1
Ships	1
Helenaarea	1
partake	1
Bosworth	1
addresses	1
Hempstead	1
achievements	1
Costing	1
farmer	1
holding	1
Stud	1
accountable	1
Way	1
Beat	1
Olusola	1
Adebayo	1
backwater	1
turbines	1
Hammering	1
Debt	1
Costello	1
Eaglefest	1
awaits	1
doors	1
Rayburn	1
USTurkey	1
human	1
replacing	1
Changes	1
passage	1
efficiency	1
inundation	1
style	1
AAMDC	1
94th	1
Stealth	1
Marshalltown	1
comfort	1
Victor	1
India	1
orbit	1
dream	1
Burk	1
Helped	1
hibbingmncom	1
act	1
Whos	1
Estate	1
Cavanaugh	1
37	1
Months	1
57	1
Rotary	1
devastates	1
Baptist	1
booze	1
Crosshairs	1
Brew	1
Wide	1
Sanchez	1
Mononas	1
Danny	1
Cline	1
Janie	1
declines	1
HeraldIndependent	1
Cottage	1
Biosafety	1
Containment	1
Happens	1
features	1
POLICE	1
jailed	1
USChina	1
trespassing	1
old	1
jail	1
sworn	1
badge	1
Lithium	1
Ion	1
naturebased	1
guidelines	1
surprised	1
Monona	1
Heavens	1
deeds	1
Put	1
Shame	1
baking	1
Jury	1
Profile	1
Chimera	1
Canteen	1
Tried	1
Soils	1
w0zniak	1
Hacker	1
Alleged	1
Citadel	1
artifacts	1
convicts	1
agreement	1
DNR	1
FReeper	1
Southeastern	1
Refuge	1
Pours	1
Cash	1
LongRange	1
Hail	1
Rockwood	1
Responsive	1
Relevant	1
Objective	1
Partner	1
Preview	1
Commissioners	1
Overloaded	1
hopefuls	1
register	1
Sentenced	1
Habitat	1
produce	1
element	1
Create	1
Rareearth	1
curbxA0Dune	1
107M	1
announcements	1
brother	1
tab	1
WVa	1
landslide	1
recordnetcom	1
trash	1
Georgetown	1
Dump	1
settlement	1
worlds	1
smallest	1
accord	1
Idlib	1
Travel	1
Messages	1
Cloud	1
Networking	1
Storage	1
Dominated	1
Making	1
Okefenokeeadjacent	1
Burnsvilles	1
Natick	1
mentors	1
Widening	1
alive	1
Uniform	1
354th	1
Landmark	1
Started	1
1921	1
Invaded	1
Gear	1
SFS	1
AFBs	1
Sequel	1
Eielson	1
exceeds	1
pushups	1
dropped	1
Ruthart	1
Rick	1
Supes	1
19412011	1
Site	1
progressing	1
Resubmit	1
summit	1
statewide	1
1917	1
Robbed	1
Bruster	1
trucking	1
Yalta	1
Summary	1
Dates	1
Consequences	1
Uphill	1
Propaganda	1
Albuquerque	1
Posey	1
Boriqueneer	1
Path	1
5135	1
Dirty	1
punishing	1
Wilfred	1
info	1
operator	1
AVR	1
864	1
gauntlet	1
Scouts	1
Cavalry	1
Halts	1
Okanogan	1
praise	1
Injured	1
Securityx2026x2026	1
Postmodernism	1
stabilization	1
SWFL	1
ToetoToe	1
Gonna	1
Carry	1
lineup	1
Kane	1
Excalibur	1
Inspector	1
Wisdom	1
NPR	1
Emotion	1
Needham	1
abandoned	1
mull	1
Conservation	1
Wolf	1
terrorism	1
Nashua	1
Pett	1
Alerts	1
Plastics	1
Sights	1
NGOs	1
Live	1
Suit	1
Terrorism	1
Elrod	1
Yazoo	1
Backwater	1
Exterior	1
blockhouse	1
Overlooked	1
Newsletters	1
puts	1
Attorney	1
CAVs	1
Bunker	1
Buster	1
Weigh	1
Asking	1
Let	1
Suggest	1
messages	1
CentralMainecom	1
agent	1
pen	1
oped	1
white	1
nationalism	1
battling	1
sailing	1
Sarah	1
1061	1
Lion	1
thumbs	1
Thumbs	1
LCSC	1
kickoff	1
Radiox2013Arkansas	1
Moved	1
Offers	1
KFFB	1
Jonesboro	1
navigate	1
Recognizes	1
Boozman	1
Budweiser	1
Flu	1
shots	1
tax	1
reform	1
traumatic	1
brain	1
Deaths	1
Lies	1
SCC	1
overdue	1
affected	1
Lilley	1
Turk	1
Cloyd	1
Alliance	1
Translators	1
Analytics	1
90th	1
Pelehowski	1
Movements	1
FL	1
lobbyists	1
PlayStation	1
Mast	1
Rehire	1
costly	1
Boarder	1
parts	1
Burlison	1
Trading	1
dailyadvancecom	1
evacuation	1
Armory	1
Yuma	1
Happenings	1
Leads	1
ActiveDuty	1
Prototype	1
Chehalis	1
KTTH	1
price	1
Tacoma	1
struggles	1
Sony	1
GI	1
Bayocean	1
resort	1
forgot	1
Chathams	1
oldest	1
stall	1
capecodtimescom	1
Herman	1
Smadesx91972	1
Kat	1
Farrell	1
Drilling	1
Marcellus	1
newest	1
cult	1
Zurolo	1
Ciattarelli	1
asleep	1
AsiaPacific	1
fell	1
told	1
Document	1
voting	1
success	1
x2014xA0but	1
LifeTransition	1
failure	1
Provide	1
KHLs	1
Success	1
agriculture	1
Guiding	1
Principles	1
DODs	1
Upcoming	1
Assessment	1
Baltic	1
Requirements	1
Deter	1
Gambling	1
commend	1
saving	1
Travels	1
unconventional	1
dish	1
intersection	1
Submarine	1
Rocketdyne	1
Aerojet	1
Oakridger	1
Sinise	1
Gary	1
Sikorsky	1
opt	1
Cornwall	1
Leesburg	1
estate	1
Marshalls	1
Gardening	1
Everglades	1
antihypersonic	1
I16	1
NDAs	1
inductees	1
Douglass	1
Mental	1
interceptor	1
Floss	1
Shoe	1
Executives	1
Designers	1
Footwear	1
300th	1
Patricia	1
Eagan	1
newsarticle	1
Recreation	1
Gretsky	1
worst	1
Katherina	1
Folsom	1
breakthrough	1
Nine	1
Parasites	1
markets	1
struggled	1
Vanderbilt	1
Flintlock	1
73	1
freshmen	1
whose	1
instantimpact	1
ESPNs	1
Henning	1
AJ	1
Brief	1
disrupt	1
warm	1
19212020	1
Lincoln	1
minimal	1
x2212	1
Appointment	1
Busterud	1
Administrator	1
wields	1
Hays	1
paintbrush	1
Delightfully	1
Eccentric	1
Shel	1
Silverstein	1
WR	1
pizzeria	1
weirdest	1
300	1
Gorge	1
Chernobyl	1
Dalles	1
xFEFFRufus	1
Watchdog	1
Inked	1
Toll	1
strangers	1
banners	1
streetlight	1
nominations	1
Vandenberg	1
Securing	1
dates	1
cut	1
Webb	1
Cane	1
continuing	1
caring	1
Carson	1
addressed	1
Rockland	1
countys	1
RCSO	1
Foggy	1
Sunrise	1
Vyacheslav	1
charts	1
partys	1
Sorrentino	1
gave	1
Succeeds	1
FullStack	1
worried	1
Remington	1
Mack	1
2120	1
Boalsburg	1
Braggs	1
sessions	1
Hour	1
Rowe	1
Lucas	1
Randolph	1
helicopters	1
Safari	1
inspect	1
refused	1
Whistleblowers	1
Norm	1
Strasma	1
Lifetime	1
Achievement	1
investigates	1
memorials	1
Bluffs	1
brigade	1
Erneido	1
Oliva	1
exile	1
shootout	1
paper	1
bags	1
stalled	1
Vulnerable	1
Virgin	1
Melvin	1
Hungarian	1
Midway	1
Kimmel	1
organist	1
ammunition	1
Relationship	1
USx2013Georgian	1
Priorities	1
producer	1
TBI	1
Drone	1
stroke	1
thetimes247com	1
Anchor	1
ramp	1
tourism	1
Threaten	1
jazz	1
pier	1
boating	1
redesign	1
Moolenaar	1
Mecosta	1
sculptures	1
84	1
Artist	1
Kovels	1
laud	1
Citys	1
feats	1
Mad	1
DARPA	1
Turning	1
Planes	1
Smaller	1
Solomon	1
percent	1
Driftless	1
Popular	1
Kettenkrad	1
AllTerrain	1
shared	1
Seoul	1
tor	1
Negligence	1
outraises	1
Despite	1
Medic	1
Amash	1
bourbon	1
Somerset	1
Horse	1
Soon	1
Riding	1
row	1
override	1
Bogey	1
1950s	1
Birdies	1
807th	1
musnt	1
MCDS	1
commanders	1
CSMs	1
engage	1
developed	1
KFAB	1
unusual	1
1110	1
Avoiding	1
Romes	1
Isles	1
room	1
Thinking	1
Ways	1
Demands	1
remote	1
82nd	1
Kongsberg	1
BSB	1
competitors	1
paratroopers	1
Starr	1
Stabilize	1
seal	1
Crimes	1
Winning	1
CIRCUIT	1
Centennial	1
expo	1
CTC	1
distinguished	1
crime	1
violent	1
governor	1
chiropractor	1
Comedy	1
Colville	1
mobile	1
showcase	1
Reluctant	1
objects	1
Yakama	1
FabiusxA0Maximus	1
tackle	1
upward	1
fishing	1
Carter	1
catastrophists	1
Homesteaders	1
ends	1
StewartHunter	1
select	1
requests	1
participates	1
scrambles	1
FullScale	1
KFKA	1
1939	1
1938	1
Nourishment	1
trustee	1
hills	1
flee	1
uncertainty	1
18X	1
essay	1
PW	1
Talks	1
WII	1
Ruggero	1
collaborations	1
aerospace	1
fans	1
worldwide	1
showing	1
UAH	1
Highranking	1
graduates	1
introduces	1
KUOW	1
Pell	1
Muhammad	1
Convoys	1
CEQ	1
headline	1
Probably	1
Abdulhakim	1
contained	1
Warfarex2026	1
1310	1
Conventional	1
Forgo	1
recruitment	1
Responsibly	1
Cannot	1
crashe	1
extend	1
Implementation	1
Regulations	1
resurfaces	1
controversy	1
biologists	1
prescribed	1
burn	1
came	1
tank	1
exploded	1
Drilldown	1
purchased	1
SMA	1
Testing	1
Guaranteed	1
Scope	1
sp	1
heros	1
Raytheon	1
NM	1
Reception	1
NFLs	1
moment	1
WNY	1
Abruzzino	1
promotes	1
McLeod	1
Religion	1
Hydrographic	1
NOAA	1
Typhoon	1
Capture	1
jets	1
Bergman	1
Immaculate	1
Fans	1
Rossman	1
Served	1
averted	1
validated	1
Avangrid	1
Mankato	1
Jimmy	1
WireJanuary	1
OPA	1
Wire	1
shuttle	1
apart	1
upon	1
reentry	1
Neil	1
Smarts	1
founded	1
Bible	1
lifting	1
alleging	1
Alabamas	1
Simons	1
supercool	1
investors	1
TSP	1
Alexandria	1
early	1
Smedley	1
emeritus	1
Maurice	1
NRA	1
Rehabilitation	1
ones	1
100yearold	1
violated	1
standards	1
Reinforce	1
Revives	1
Latterday	1
Received	1
Saint	1
recounts	1
trust	1
notes	1
Bencze	1
warning	1
receding	1
dispute	1
homeland	1
tribal	1
Needs	1
Deering	1
mayor	1
walking	1
limited	1
floods	1
braces	1
Utica	1
legislatorsxA0screening	1
rainsoaked	1
documentary	1
Kemp	1
Hamburg	1
Axne	1
Gonzalez	1
convoys	1
vehicle	1
NaturalNewscom	1
assisting	1
springtime	1
Fulton	1
exits	1
Guests	1
Smollett	1
Foxx	1
Discontent	1
Juno	1
PTV	1
fall	1
launched	1
Deceased	1
crewserved	1
optics	1
lookout	1
SOCOM	1
Springer	1
Lynn	1
Md	1
Brilliant	1
Minds	1
ICD	1
Step	1
Uticaod	1
primaries	1
BlueDeep	1
Rome	1
Bonneville	1
Revealed	1
andxA0operations	1
devastation	1
PHCP	1
Floodcontrol	1
Dietz	1
entomologist	1
Navel	1
emphasize	1
civil	1
includes	1
ag	1
balance	1
realignment	1
quarterly	1
topic	1
Direction	1
Boot	1
Cajons	1
SFAB	1
Competes	1
hangs	1
Culinary	1
offduty	1
Warhols	1
NeverBeforeSeen	1
Miami	1
Wynwood	1
indictment	1
stopandfrisk	1
Railroad	1
Newmans	1
Hahn	1
Supervisor	1
BERTHA	1
HANSON	1
bunkers	1
discovered	1
DDay	1
firepower	1
NGSW	1
112	1
Firm	1
Deported	1
extends	1
Miguel	1
Powerful	1
Josh	1
SD29	1
Gail	1
rematch	1
Pollen	1
beware	1
sufferers	1
Allergy	1
Professionals	1
Crow	1
PhilippineAmerican	1
warrants	1
60K	1
UTC	1
branch	1
Shiite	1
duplicity	1
Sunnis	1
Dyess	1
Perez	1
soundtrack	1
channeling	1
composer	1
maintain	1
composerinresidence	1
superpower	1
stature	1
deterrence	1
BannerHerald	1
searching	1
Oconee	1
initiative	1
degree	1
funded	1
displays	1
OLakes	1
Chain	1
Weber	1
Engenders	1
Helping	1
Landmines	1
confirms	1
Hedgehog	1
Sonic	1
troubles	1
pardon	1
citizenship	1
Journals	1
fees	1
trades	1
waive	1
Forests	1
HuronManistee	1
Guernsey	1
trapped	1
position	1
Shared	1
Petraeus	1
perfect	1
Harvey	1
accuse	1
owners	1
nears	1
bolster	1
resurrects	1
Dearborn	1
media	1
ArabAmerican	1
THOMAS	1
Berry	1
Ahmad	1
TOM	1
careers	1
impressive	1
bigger	1
bullyingx202F	1
ReEnter	1
cringeworthy	1
Possibly	1
Xerox	1
Ursula	1
Burns	1
ergonomic	1
accurate	1
snipers	1
Banner	1
Mess	1
M270	1
ClarksvilleNowcom	1
Launcher	1
reservoir	1
Inches	1
Another	1
Drop	1
KDF	1
GoUpstate	1
HAMILTON	1
Immigrant	1
Ends	1
Philippines	1
WALDEN	1
KENNETH	1
KEN	1
Anna	1
Mathilda	1
Macke	1
NAACP	1
teaching	1
Murfreesborocom	1
DENNIS	1
CHANNEL	1
Riva	1
Rocked	1
Visiting	1
ANDERTON	1
Zipline	1
021120	1
Wilkinson	1
Seavey	1
Perkins	1
Obituariesx2014Feb	1
STUART	1
1825	1
Updated	1
ThreeLegged	1
Courtroom	1
Battlefield	1
Bringing	1
Rulemaking	1
JR	1
Stool	1
WomanMakers	1
Mossberg	1
HistoryMakers	1
WBIW	1
OpEd	1
performers	1
Private	1
acquire	1
busy	1
MSTC	1
RTSMedical	1
FilmTV	1
Resistance	1
Memoir	1
Yazidi	1
Shadow	1
Knapp	1
Rex	1
Abe	1
Investors	1
Reject	1
reevaluation	1
Powertrains	1
Ranks	1
Rev	1
Judsons	1
Dozens	1
Reassessing	1
Uncomfortable	1
Urging	1
placement	1
Charging	1
24	1
ISU	1
Blier	1
Rocky	1
spoil	1
Detmer	1
Maker	1
Shotguns	1
Decision	1
Gifts	1
favor	1
PM	1
Playbook	1
POLITICO	1
Bern	1
Gangs	1
Brooklyn	1
independence	1
touting	1
Note	1
MilitaryTrained	1
Gunscom	1
Strong	1
Going	1
Interest	1
Blacks	1
airmen	1
biometric	1
Hoosier	1
realtime	1
FirstEver	1
IHS	1
allocated	1
Connected	1
Sandhills	1
featured	1
USO	1
identification	1
Identify	1
lifelong	1
prof	1
MCTC	1
corner	1
greenlights	1
airlifted	1
Mardi	1
NOLA	1
congressmans	1
Christy	1
FDR	1
prospect	1
debates	1
Rehoboth	1
Caggiano	1
Nick	1
Trying	1
Paralympics	1
Elms	1
Eskola	1
schedule	1
transitioning	1
green	1
Gras	1
658326	1
parades	1
TS	1
unity	1
acceptance	1
JBLE	1
Takeaways	1
Friendly	1
Presented	1
DataWiper	1
Tonnage	1
RecordBreaking	1
Reports	1
Mac	1
Download	1
Version	1
acquires	1
Commendation	1
Hodge	1
AIAP	1
Pro	1
Tanzania	1
lures	1
CWRU	1
illegal	1
answers	1
thick	1
Romance	1
Wake	1
Hollywoods	1
Lombard	1
Carole	1
Gable	1
Springfield	1
clinic	1
outpatient	1
incumbent	1
vital	1
FERC	1
Bartley	1
Net	1
lease	1
opinion	1
Books	1
Photographers	1
Censored	1
Ritual	1
assessment	1
Solemn	1
Groundbreaking	1
Delays	1
Hire	1
2420	1
compressor	1
unseat	1
coroners	1
Olive	1
Creations	1
Jewelry	1
Germanys	1
Lynchburg	1
surrender	1
lightweight	1
gatling	1
HASSEY	1
Oh	1
Jerido	1
Lolita	1
Singles	1
Eligible	1
Watermarks	1
linemen	1
defensive	1
modern	1
locations	1
exception	1
providing	1
22b	1
decided	1
rape	1
womans	1
searing	1
Navajo	1
Heroine	1
Fishtrap	1
talkers	1
excess	1
PCFC	1
spaces	1
parking	1
229	1
combined	1
Hawkeye	1
impressions	1
Dominic	1
Newswire	1
fishpassage	1
reboot	1
agree	1
shipbuilding	1
presses	1
tests	1
Lobbying	1
origin	1
Obscene	1
salaries	1
Feliciana	1
NTDC	1
Alphonso	1
jurors	1
1950	1
upper	1
Bourgeois	1
ad	1
KS	1
Mott	1
Sahel	1
teach	1
exactly	1
Bremerhaven	1
equipment	1
decry	1
Toady	1
Pct	1
Constable	1
Baker	1
Boykin	1
CANDIDATE	1
Train	1
1000000	1
draw	1
Potomac	1
Monument	1
jumping	1
parachute	1
hospitalized	1
Suzy	1
Windows	1
Corruption	1
BOMARC	1
Hercules	1
Arts	1
WM	1
deadline	1
Saugus	1
Aliano	1
wreck	1
Esper	1
mishap	1
preserves	1
throngs	1
2TC	1
logistician	1
AMCOM	1
Interrupted	1
Roosevelt	1
Cancer	1
Contracting	1
Warfighter	1
McMahon	1
Manchester	1
947	1
KMCH	1
restore	1
lobby	1
mom	1
Amherst	1
Harrison	1
Lea	1
USTaliban	1
texting	1
Referendum	1
Signatures	1
Submit	1
Foes	1
Skinner	1
Albert	1
Rail	1
Lordstown	1
DART	1
partnerships	1
production	1
install	1
objections	1
lightrail	1
cottages	1
uses	1
Raiford	1
chef	1
secured	1
friends	1
Patton	1
cribbage	1
Mona	1
column	1
rehabilitation	1
4M	1
Noted	1
tree	1
undo	1
figured	1
mountaintop	1
devastated	1
Topside	1
innovate	1
excel	1
Enriched	1
LifeStyle	1
inewsource	1
Rewired	1
Civilian	1
Princeton	1
firestorm	1
Complex	1
Maude	1
bighorns	1
Teton	1
inlet	1
Indian	1
AntiTank	1
Lagoon	1
Abbott	1
Proclaims	1
InputOutput	1
Managing	1
Militarys	1
Stopped	1
HON	1
Chairman	1
Code	1
BCB	1
Comes	1
Prosecutors	1
educational	1
regions	1
CORNER	1
AdvertiserTribune	1
Imogene	1
Carol	1
Lawrence	1
demands	1
150th	1
KenyaBuzz	1
Far	1
Type	1
logistical	1
movement	1
Octo	1
Expands	1
Guam	1
Feedback	1
Iwicki	1
napavalleyregistercom	1
Rhea	1
attending	1
Goo	1
Maurepas	1
130	1
Isnt	1
Stronger	1
internships	1
CJTFHOAs	1
retreats	1
Breger	1
Bold	1
Anniversary	1
Vikings	1
Showmax	1
Seven	1
Genocide	1
JLOC	1
counseling	1
Conversation	1
Torture	1
Knowledge	1
responsible	1
Batteryplant	1
classes	1
Swindle	1
Paradise	1
Stolen	1
Sally	1
carriers	1
investments	1
great	1
bay	1
Relies	1
Activity	1
Industrial	1
Higgins	1
contaminated	1
Reynolds	1
cocreator	1
EWcom	1
Emotional	1
Moments	1
unique	1
Brownley	1
Westmoreland	1
Hyland	1
welllived	1
chants	1
removes	1
waste	1
containers	1
apparently	1
improperly	1
directed	1
MortgageFree	1
cleanup	1
Fewer	1
Buying	1
Appreciating	1
Complete	1
2743	1
Allocates	1
Shrinks	1
Survive	1
Beaming	1
Dobie	1
backing	1
WVDNR	1
Calendar	1
Sessions	1
Simmons	1
Melting	1
Braiser	1
Nights	1
Families	1
Paratrooper	1
Represent	1
Humbled	1
Roland	1
thexA0US	1
Assassinations	1
midwest	1
collaborate	1
resolutions	1
Inventions	1
Gillis	1
Letters	1
ceiling	1
McGrones	1
Cam	1
LB	1
Reveals	1
BoomerangShaped	1
boards	1
Aerospaces	1
JP	1
Lights	1
Phoenix	1
Airships	1
Stanley	1
Hayfield	1
backdoors	1
ongoing	1
Pressel	1
xA0Randy	1
innovation	1
SOSA	1
Environment	1
Birds	1
topics	1
Short	1
Embedded	1
invited	1
tonights	1
Millbrook	1
Edwardsville	1
shipwrecks	1
responses	1
thoughts	1
session	1
reunites	1
Minot	1
Wicked	1
Boating	1
marinas	1
jeopardy	1
thanks	1
highwater	1
Booming	1
plea	1
enters	1
GUILTY	1
access	1
arent	1
welcomed	1
Girardeau	1
sacrifice	1
Chinooks	1
Fmodel	1
conventional	1
SFWMD	1
Dolce	1
Gabbana	1
Testimony	1
Fired	1
Punishment	1
WWD	1
box	1
killings	1
Derby	1
Tzus	1
Approved	1
unexpectedly	1
Stiegert	1
southcoasttodaycom	1
VSO	1
Wears	1
Melania	1
Municipal	1
false	1
finally	1
Superbowl	1
insanity	1
cop	1
Derry	1
convicted	1
statements	1
excavate	1
buyback	1
Mantini	1
Davids	1
escorting	1
Wyandotte	1
drain	1
Mossad	1
Pravda	1
xA0	1
Advocates	1
lessons	1
brutal	1
Putah	1
denies	1
Solano	1
ResearchAndMarketscom	1
Jump	1
Hogs	1
heartwarming	1
independent	1
residential	1
DMACC	1
LimitsTraining	1
recipient	1
Multinational	1
fights	1
Decried	1
Philbrick	1
Immigration	1
Successfully	1
Grade	1
Cytokine	1
CAR	1
Tcell	1
airbase	1
Immunotherapy	1
claim	1
digging	1
historical	1
Published	1
camaraderie	1
advocacy	1
chapter	1
MOAA	1
watershed	1
delegates	1
reaches	1
Skiffs	1
Class	1
MBA	1
Kelleys	1
PoetsQuants	1
carry	1
longterm	1
220K	1
Dick	1
obituary	1
Weisgall	1
Nathalie	1
Reuniting	1
large	1
labor	1
violations	1
Cast	1
Premiere	1
Yellowstone	1
Womack	1
Speed	1
Seattles	1
Regatta	1
Bradenton	1
landmarks	1
quiz	1
119th	1
shallower	1
75k	1
Trevorton	1
Henlopen	1
Acres	1
Marina	1
OLN	1
CytoSorb	1
Fume	1
Cudney	1
Importance	1
Fuel	1
DOE	1
WMT	1
600	1
accept	1
Faculty	1
Outstanding	1
outofthisworld	1
Wang	1
Levin	1
CSUSB	1
RD	1
Memo	1
SECARMY	1
Missions	1
Cell	1
Carr	1
KFYR	1
poison	1
equine	1
KIIX	1
2520	1
counterdrone	1
CNSNews	1
Tilford	1
flowers	1
HERO	1
Yankees	1
diving	1
scuba	1
Hurm	1
Palatine	1
Swing	1
workshop	1
Hornsby	1
Sam	1
Malik	1
Forgiveness	1
Humility	1
Windermere	1
proper	1
Colonial	1
Tattered	1
WDOV	1
Adger	1
Cowans	1
newxA0coronavirus	1
Takes	1
BlueGreen	1
Boaters	1
every	1
Dems	1
Love	1
enables	1
selfassembling	1
Place	1
NSD20	1
Warsaw	1
Causes	1
LGBTQ	1
Focuses	1
Billionaire	1
Mesa	1
gateway	1
Pinning	1
Predicting	1
Runoff	1
10272	1
volunteers	1
structure	1
Mislead	1
Blind	1
Sense	1
Jay	1
ENDORSEMENT	1
Rodrigues	1
Honour	1
Unveiled	1
LebaneseIsraeli	1
Video	1
WorldClass	1
shmoooth	1
SEALs	1
xA0xA0	1
Ricochet	1
salutes	1
Pics	1
Minutes	1
zeroes	1
Statue	1
Kinzler	1
bequest	1
bids	1
Change	1
Save	1
Fayette	1
Michelle	1
Denton	1
attire	1
protest	1
councilors	1
condemn	1
liberating	1
thank	1
Tulelake	1
Pakistan	1
Controversy	1
resume	1
hums	1
Landry	1
Raymond	1
Fernand	1
longrange	1
militarys	1
Invade	1
600000	1
Creech	1
reflectorcom	1
bottom	1
empty	1
Diversify	1
Partnerships	1
LFA	1
AeroVironment	1
75s	1
Eyes	1
1M	1
Decides	1
Size	1
Pittsfield	1
InspireMore	1
cycle	1
ATAP	1
choice	1
half	1
Decades	1
Searching	1
Kicking	1
Try	1
Hamptons	1
85M	1
Scalise	1
CIP	1
TR	1
Nixon	1
BHS	1
983	1
945	1
Bloom	1
Sandra	1
extending	1
Fe	1
ANTPQ53	1
Vessel	1
Reconstructed	1
Volunteer	1
Melrose	1
radar	1
plays	1
Calico	1
Accident	1
Traffic	1
Gulfport	1
Sueko	1
DiazTwine	1
Survivor	1
decency	1
Snow	1
exploits	1
Girard	1
hints	1
tags	1
facing	1
deportation	1
Flagship	1
Sottnet	1
screen	1
Nuszloch	1
idea	1
Reoh	1
Latch	1
reclaim	1
MRAP	1
Dues	1
VFX	1
Association	1
Kidz	1
Kutz	1
Lubbock	1
cars	1
selfdriving	1
redistricting	1
Minneapolis	1
Write	1
Executed	1
AvalancheJournal	1
Joan	1
Webber	1
Utahs	1
Wando	1
SCPA	1
haircuts	1
confidence	1
JCPS	1
interests	1
Compulsory	1
Neighborhood	1
Devastating	1
Xfiles	1
overwhelmingly	1
versus	1
Danger	1
Ada	1
Ransomware	1
Clear	1
Alzheimers	1
siblings	1
Reddick	1
Lets	1
Andrew	1
188000	1
brigadier	1
Located	1
Pending	1
Suspended	1
Drill	1
seminar	1
Cybersecurity	1
Bort	1
Bryson	1
Djiboutian	1
sanitary	1
Representative	1
inspectors	1
Nemec	1
96th	1
CCC	1
Hours	1
Learned	1
Flagstaff	1
Maryville	1
52M	1
Offering	1
Chicagos	1
Evaluation	1
ONeil	1
makes	1
Supremacy	1
Incidents	1
Alarming	1
Testifies	1
SPLC	1
Salinas	1
635	1
411th	1
CAB	1
chooses	1
Historical	1
Rockwall	1
update	1
Lithiumion	1
defiant	1
Huron	1
dramatic	1
gone	1
vision	1
Engstrom	1
Dewberry	1
promotion	1
1943	1
Counterstroke	1
Epic	1
Manstein	1
Von	1
Erich	1
Marshal	1
Glen	1
Aaron	1
Zelinsky	1
Syrian	1
Batterys	1
Declares	1
USBased	1
GazetteDemocrat	1
Boie	1
Kurdishled	1
commandos	1
resigns	1
bang	1
thwart	1
spotlight	1
coffeemaking	1
Stone	1
Roger	1
threatened	1
Toothboss	1
Violations	1
reactivating	1
trial	1
western	1
Daniels	1
Drinks	1
fatal	1
Paperwork	1
Lying	1
Troopers	1
McNulty	1
political	1
Homestead	1
farming	1
Salmon	1
promises	1
Spared	1
taxes	1
phased	1
fiveyear	1
sold	1
uexpress	1
listened	1
sat	1
Cruz	1
Minnows	1
15year	1
bought	1
Luxor	1
secretly	1
jolt	1
battery	1
Jewish	1
meets	1
Lansdale	1
MCOE	1
197th	1
Benefits	1
graduate	1
grandstand	1
Jody	1
Veronica	1
Hook	1
Escobar	1
reservations	1
talking	1
reservation	1
Hunter	1
customs	1
putting	1
discussing	1
Electrical	1
221853	1
Wages	1
Parish	1
OSV	1
Collapsing	1
141	1
Noble	1
Rye	1
Oakland	1
Manolis	1
stationed	1
Berth	1
delphosheraldcom	1
Answers	1
ERBM	1
OPED	1
homeagain	1
comedy	1
Opening	1
Rankins	1
prototype	1
accident	1
Skydiving	1
Kae	1
Ferry	1
Harpers	1
Spirit	1
commentary	1
WW	1
Agency	1
Namibia	1
Cadet	1
junior	1
Citizens	1
Infected	1
Roundups	1
Ucross	1
Vans	1
Cremation	1
lives	1
Hovater	1
SR71	1
Reflections	1
painful	1
Plane	1
Never	1
sanctuary	1
poverty	1
fiery	1
Lightfoots	1
Lori	1
Gregg	1
grave	1
markers	1
Fetterman	1
GibsonxA0selectedxA0to	1
MASSEY	1
banking	1
Rerouting	1
Permits	1
Xinhua	1
Image	1
wise	1
Maryland	1
Tucson	1
Drews	1
Disputed	1
Restarts	1
Encouraging	1
Positive	1
Music	1
Contemporary	1
CD	1
Ortiz	1
Boone	1
Pioneer	1
Composites	1
rank	1
dental	1
Marketing	1
Internet	1
outpost	1
supplies	1
EAS	1
75th	1
scenario	1
preparation	1
successful	1
Surprise	1
demonstration	1
Arcarithm	1
Bulge	1
stages	1
yrs	1
Audience	1
Simulation	1
Worst	1
Trim	1
advisors	1
negotiations	1
founding	1
bankruptcy	1
explore	1
said	1
Aghast	1
Absence	1
Sounded	1
Alarm	1
Striking	1
Carbines	1
M4A1	1
Witnesses	1
Read	1
Legislature	1
specialized	1
Hostility	1
Ultrasound	1
escalates	1
logistics	1
reactions	1
Obamaera	1
Lakewood	1
SALUTE	1
Wilson	1
bossstyle	1
mob	1
enlistment	1
oath	1
administer	1
astronaut	1
Paulson	1
Milton	1
Nets	1
polls	1
Mike	1
Maritime	1
Georgian	1
Brigades	1
Sends	1
Sugar	1
Lees	1
Ward	1
candidacy	1
Salamun	1
Creation	1
transform	1
Opportunity	1
procure	1
4073M	1
nabs	1
official	1
Mach	1
Hasnt	1
Evaluated	1
Grain	1
mentoring	1
highs	1
Wells	1
Stillwell	1
else	1
Examiner	1
BEYA	1
legendary	1
WIBW	1
Kneuvean	1
Jud	1
Hannan	1
KC	1
Podcast	1
RadioKAN	1
Voices	1
prep	1
Causing	1
sports	1
Scandal	1
Cocaine	1
Chapo	1
Colombias	1
Applause	1
Bipartisan	1
REP	1
GREEN	1
Shell	1
Credit	1
PUC	1
masks	1
pet	1
adding	1
firefighters	1
Karliki	1
Pierce	1
whotvcom	1
27mile	1
supporter	1
rescued	1
Conair	1
warehouse	1
Humble	1
ThePierceCountyTribunecom	1
buildings	1
Rugby	1
Ship	1
Cruise	1
Cases	1
61	1
Confirms	1
Sealaska	1
coast	1
Mercury	1
Reduce	1
Whose	1
nature	1
Brewer	1
Unicam	1
Cards	1
Counting	1
WQEL	1
Q927	1
October	1
Reallife	1
Aeronauts	1
highaltitude	1
balloonists	1
19352020	1
Schumacher	1
Montauk	1
Communities	1
chicken	1
Diocese	1
Lafayette	1
Schedule	1
block	1
mystery	1
Selection	1
Virtue	1
Integrating	1
Fixing	1
Knoxville	1
sainthood	1
activism	1
Storer	1
Bookers	1
Words	1
Thurman	1
breaches	1
AllBlack	1
AllFemale	1
pipe	1
Pic	1
Surrender	1
bars	1
revision	1
reroute	1
Carl	1
Stripes	1
excalibur	1
installations	1
3ID	1
industries	1
MICC	1
Lovells	1
Hank	1
Rohingya	1
Crisis	1
1974	1
Japanese	1
Southampton	1
post911	1
NAS	1
bike	1
Disenrollment	1
Natives	1
culturally	1
album	1
47s	1
photographer	1
Kirwan	1
Jta	1
floodplain	1
maps	1
Stretch	1
chronicles	1
Myanmar	1
Mongering	1
discharge	1
Rely	1
increasing	1
27	1
MK	1
Wagon	1
nationwide	1
Tribal	1
bombardments	1
sending	1
Kremer	1
places	1
broadcast	1
WPR	1
reacts	1
policeinvolved	1
museums	1
saves	1
hidden	1
spot	1
WCU	1
Bosse	1
Boyz	1
Revisiting	1
Think	1
AFSB	1
Alley	1
Carmen	1
Startups	1
Wade	1
Virgil	1
Risch	1
Paulette	1
Married	1
Designed	1
Kill	1
Reader	1
involving	1
CityDestroying	1
Equusearch	1
Treatment	1
Coins	1
Facilities	1
Olympics	1
Proceed	1
Allows	1
MootzxA0WWII	1
Declaration	1
qualifications	1
connections	1
Vetting	1
SIDE	1
Portsmouth	1
tenor	1
Blame	1
TOS1	1
Bombers	1
Buratino	1
Exit	1
Negotiates	1
Withdrawal	1
bliss	1
wedded	1
Yards	1
4000	1
Sniped	1
Fighter	1
sources	1
contaminating	1
chemical	1
casualty	1
Wizbowski	1
Ashland	1
operatic	1
ODU	1
artists	1
4073	1
store	1
Swezeys	1
announce	1
formally	1
Richter	1
LLP	1
Elgin	1
mans	1
Cancel	1
Investigating	1
cosponsors	1
Slovenia	1
JLTV	1
buys	1
tribe	1
committee	1
edible	1
Mullin	1
abandon	1
Pearl	1
Barnett	1
caution	1
approaching	1
Outdoors	1
ABAC	1
Picks	1
Sheppard	1
Capabilities	1
Hacking	1
Gave	1
Hillary	1
GAI	1
Haverhill	1
452nd	1
blasted	1
searches	1
103yearold	1
collard	1
lowered	1
greens	1
smoking	1
Reno	1
APG	1
Marylands	1
stood	1
wars	1
sharing	1
devoted	1
restriction	1
current	1
concerned	1
NIGHTSIDE	1
roast	1
Pork	1
antiaircraft	1
Al	1
immense	1
plugging	1
Cousin	1
exercises	1
infantry	1
enemy	1
nearby	1
withholds	1
Countercurrents	1
Machines	1
Washing	1
justice	1
fighting	1
98	1
Marder	1
ClickOnDetroit	1
hazing	1
Newtons	1
suspension	1
Quarantined	1
Baby	1
10MonthOld	1
1059	1
institution	1
Roseville	1
opened	1
Sanilac	1
Teddy	1
977	1
1150	1
WJBO	1
Brigadier	1
Poole	1
artillery	1
Tested	1
M25	1
dangerous	1
Relations	1
cookbook	1
Moorhead	1
APD	1
6Week	1
triple	1
Luncheon	1
Manhattans	1
admonished	1
Oppose	1
Regrets	1
homicide	1
visited	1
Elections	1
Crowded	1
Pala	1
Landfill	1
Canyon	1
legends	1
Moonshine	1
JOHNSTON	1
REBECCA	1
graders	1
Hawaiis	1
hardware	1
shops	1
McCarthy	1
Vacate	1
exploding	1
ambassador	1
beginnings	1
Unique	1
Trail	1
ANTIQUES	1
brewed	1
RONALD	1
LeeJackson	1
MORGAN	1
auburnpubcom	1
expedite	1
introduce	1
Fortenberry	1
AgLines	1
vanish	1
Floodwaters	1
parasites	1
malaria	1
Althea	1
plastid	1
elucidation	1
facilitates	1
bypass	1
mevalonate	1
Randy	1
Handy	1
Marc	1
Carteret	1
solidarity	1
stand	1
Protestors	1
Prevention	1
focuses	1
Brazil	1
allfemale	1
Cross	1
Incident	1
NonCombat	1
Died	1
Regiment	1
200th	1
26	1
relative	1
Fourstory	1
mixeduse	1
apartment	1
twin	1
FLOYD	1
CLINGENPEEL	1
Vekich	1
285th	1
banquet	1
HEAVENDROPt	1
42Inch	1
airfield	1
M2	1
Goon	1
Alto	1
Palo	1
donors	1
Pedro	1
editorial	1
timely	1
scouts	1
muddy	1
Rebels	1
Rockabilly	1
580	1
Monsters	1
Dwelling	1
Mysterious	1
Tales	1
spark	1
Pineville	1
Ethiopia	1
Addis	1
GeekWire	1
hindered	1
Longterm	1
42	1
voice	1
Lawton	1
birds	1
enemies	1
Greene	1
Kenny	1
Holiday	1
FPRI	1
Fellows	1
Nellis	1
retain	1
Seabird	1
seek	1
Clay	1
Sheriff	1
steady	1
threats	1
PlatteWinner	1
radio	1
Louisianas	1
Pill	1
powerful	1
gambling	1
OG	1
orphanage	1
Haiti	1
violence	1
reach	1
Roundup	1
Timothy	1
happens	1
anything	1
USled	1
exclave	1
village	1
Easterbrook	1
Berkeley	1
hiring	1
Lites	1
enhance	1
Snipers	1
Rodgers	1
Nadine	1
Rosie	1
technologies	1
pursue	1
HandtoHand	1
Rangers	1
HousexA0Lawyer	1
KyivPost	1
Sunny	1
Era	1
Antibiotic	1
Entered	1
Lima	1
Swamping	1
Lexington	1
Playhouse	1
Spill	1
Commits	1
intent	1
follow	1
Like	1
elementary	1
dedication	1
Condom	1
Condoms	1
stresses	1
Rewrite	1
Applauds	1
Idaho	1
Yalobusha	1
jobs	1
Bombed	1
Oil	1
Defend	1
slammed	1
Sigmatech	1
WBCO	1
Coventry	1
retire	1
charge	1
95yearold	1
RI	1
Cuomo	1
shapes	1
symposium	1
Hatch	1
providencejournalcom	1
127M	1
Helens	1
integration	1
acquisition	1
Heavily	1
Fundraiser	1
started	1
Shannon	1
Invasion	1
Aggressive	1
Calls	1
BC	1
shown	1
Revelstoke	1
passed	1
NJs	1
Suicidal	1
TwoFront	1
Hacksaw	1
species	1
MPNnow	1
Manchin	1
Resist	1
happened	1
fiction	1
Freedman	1
firearms	1
reap	1
stands	1
Hawks	1
Gouverneur	1
Jct	1
DeKalb	1
burglaries	1
senator	1
September	1
Joel	1
Libraries	1
Penn	1
author	1
pioneering	1
AOC	1
bootstrap	1
Cowlitz	1
MILITARY	1
Crazy	1
Kenya	1
Ritter	1
enter	1
Trinity	1
Turner	1
Assistant	1
modernising	1
legislature	1
fibre	1
Shes	1
Houma	1
schools	1
trooper	1
lying	1
Repository	1
MATTERS	1
metaphor	1
Equipment	1
Akima	1
Experimental	1
effective	1
Dengue	1
reviewing	1
changed	1
fiber	1
Litigation	1
Clarified	1
Jurisdiction	1
preparing	1
Proves	1
Deviously	1
Rationalx2014Not	1
Arrives	1
guns	1
Trailblazing	1
lawyer	1
TODAY	1
healthy	1
outofstate	1
smoothie	1
Veteranowned	1
immersion	1
Strength	1
Capsule	1
Odds	1
Software	1
grounds	1
opioid	1
novel	1
LHS	1
impossible	1
physically	1
musicinspired	1
drinks	1
Antoine	1
Original	1
0207	1
hairstyles	1
Cleary	1
denied	1
82B	1
Awardees	1
Stick	1
Obsolete	1
Records	1
178M	1
Allen	1
Booz	1
Scary	1
Sussex	1
Brainerd	1
Waitsburg	1
Hero	1
NEW	1
VENTURES	1
MEDIA	1
ROCK	1
GROUP	1
ENTERTAINMENT	1
BELIEVE	1
AWARDWINNING	1
recordbreaker	1
Yeager	1
Guardsman	1
Embracing	1
vice	1
CC	1
Edmonds	1
openings	1
SET	1
KIDS	1
Stay	1
SERIES	1
republic	1
banana	1
unhinged	1
unchained	1
Kurskx2014Was	1
Conservative	1
Brunssum	1
Beneluxs	1
Hub	1
Historys	1
drives	1
2B	1
SCHWARZ	1
LARRY	1
CREATOR	1
cyber	1
DE	1
Archery	1
Posthumously	1
chic	1
Files	1
Waunakees	1
cargo	1
Racketeering	1
141M	1
Conspiracy	1
superiors	1
Involving	1
Chained	1
25th	1
Californias	1
Turbulent	1
Murder	1
parachuting	1
Party	1
Travis	1
Mizzou	1
CH47D	1
Inducted	1
Schuh	1
Dwight	1
soars	1
reporting	1
convocation	1
SOCOMs	1
BioJoint	1
autopilot	1
SecDef	1
Sentences	1
Bloods	1
Orthopedics	1
Lawsuits	1
Alternetorg	1
Waynesburg	1
Steven	1
Columbine	1
PFT	1
Schuman	1
Marvin	1
GlobeNews	1
Lady	1
Titusville	1
Mims	1
Lucky	1
851st	1
Lighting	1
LED	1
Solution	1
ICT	1
MultiCore	1
TRI	1
McChord	1
14th	1
Habits	1
decide	1
Tips	1
picking	1
democratic	1
Gone	1
nominee	1
Partys	1
Delmont	1
Die	1
nomination	1
Ingalls	1
Huntington	1
Acquire	1
oldschool	1
Hard	1
originals	1
Convalescent	1
MacDonald	1
easier	1
monumental	1
Boroff	1
Austen	1
Sandhurst	1
runup	1
Xavier	1
Peay	1
Realities	1
Fiction	1
Geomatics	1
McLarens	1
Aside	1
Tapped	1
PEng	1
PLS	1
tasks	1
Charlton	1
harm	1
applaud	1
Sixth	1
mayoral	1
beards	1
hijabs	1
turbans	1
faction	1
Statistics	1
1960s	1
Robinson	1
Jackie	1
Chesapeake	1
followed	1
antiCommunist	1
blueprint	1
CameraPole	1
Slash	1
deployed	1
Judgement	1
kicking	1
eroding	1
STANDTO	1
XIII	1
paramedic	1
Transatlantic	1
Strengthen	1
Aim	1
Munich	1
Scream	1
postacquittal	1
wacko	1
full	1
racism	1
ignorance	1
climate	1
Insubordinate	1
prior	1
Barry	1
alliance	1
leverages	1
firing	1
Required	1
archaeological	1
Pomeroy	1
B93	1
Sheboygans	1
961	1
1045	1
Beachfront	1
F22	1
Jam	1
communit	1
Hoyt	1
explains	1
granddaughter	1
ECC	1
votes	1
girls	1
Klamath	1
solar	1
reconsider	1
Compass	1
Youth	1
Nonconforming	1
Gender	1
Targeting	1
Actorcomedian	1
Chula	1
wrongway	1
Somber	1
lmtribunecom	1
Structural	1
outdoor	1
abusing	1
sexually	1
lines	1
Graduate	1
actor	1
UNG	1
movies	1
handgun	1
Cho	1
transmission	1
Troutdale	1
electric	1
stage	1
aims	1
Exmilitary	1
recruiter	1
Available	1
blasts	1
Demings	1
predictions	1
SAABF	1
Salwei	1
awaited	1
AMC	1
UnionTribune	1
Newton	1
garden	1
sculpture	1
Childers	1
Waco	1
LaFleur	1
Ask	1
Orbital	1
Findings	1
Initial	1
Johansson	1
ABCT	1
investigate	1
offpost	1
DeSousas	1
Cosmos	1
Supernova	1
Tennis	1
Planet	1
Renewable	1
Leaps	1
Toomey	1
residence	1
youth	1
Livestock	1
Misses	1
Eddie	1
Conrad	1
beloitdailynewscom	1
Micael	1
AB	1
published	1
Saab	1
rivals	1
Tomlinson	1
Jolt	1
SpanishAmerican	1
Flowing	1
StantecJacobs	1
horse	1
60	1
Run	1
Pats	1
Countdown	1
Taylor	1
Val	1
COUNTY	1
UMATILLA	1
lsquo	1
Nickels	1
Benjamin	1
replenishment	1
Lite	1
959	1
EDITOR	1
PostStars	1
Ben	1
abates	1
Broadkill	1
Shiffman	1
Mirror	1
Inquirer	1
Nantucket	1
Halfstaff	1
houses	1
Method	1
integrity	1
Reservoirs	1
Yang	1
MOBILIZATION	1
BATTALION	1
IRONMAN	1
GUARD	1
NATIONAL	1
SanTan	1
IOWA	1
Lico	1
Mural	1
Milwaukee	1
Glock	1
Match	1
Serious	1
P320	1
Sauer	1
Sig	1
RECEIVES	1
ORDERS	1
zones	1
MIDEAST	1
doortodoor	1
Gottheimer	1
VANS	1
CREMATION	1
NJ	1
Hot	1
Bamboo	1
CCPD	1
bows	1
storefront	1
Spillway	1
Carre	1
Bonnet	1
coastal	1
DEPLOYMENT	1
FACT	1
deputy	1
Chapa	1
Lorenzo	1
racing	1
expansion	1
tunnel	1
permafrost	1
Feasibility	1
recommends	1
assets	1
COLUMN	1
spoils	1
Standardbred	1
Kearns	1
design	1
Finch	1
Protecting	1
factors	1
temperatures	1
Unavoidable	1
Borders	1
JD	1
easement	1
conservation	1
Shawn	1
Jeffersonville	1
Coxs	1
FSS	1
Hennessy	1
Massive	1
AUSA	1
Anticipated	1
Montanas	1
Cajon	1
Newsday	1
React	1
roundups	1
placed	1
quarantine	1
Inx2026	1
Accuse	1
Colombians	1
79	1
Recent	1
LAMonitorcom	1
Mideast	1
mobilization	1
Ironman	1
Pattern	1
Concerning	1
48	1
Knight	1
basketball	1
coach	1
Chipola	1
Sexual	1
Microgun	1
Supposed	1
closures	1
Bacow	1
award	1
Salovey	1
Ferri	1
Canaan	1
Sherman	1
jeopardized	1
Spit	1
Gallipolis	1
AMPrepToday	1
Cancelled	1
Minute	1
Per	1
12000	1
Chipley	1
Leaving	1
camps	1
Pull	1
Increase	1
Track	1
Markel	1
Restoring	1
Coronados	1
Deterrence	1
Enabling	1
Comms	1
Diplomacy	1
perils	1
joys	1
roll	1
Stokes	1
Robbie	1
Potential	1
proclamation	1
Pilots	1
Garcia	1
Exploring	1
Corporation	1
Kriegman	1
Alumnus	1
Bugle	1
turn	1
hands	1
taxidermy	1
Swift	1
bar	1
owns	1
55	1
Selma	1
2720	1
Cubas	1
CaseHalstead	1
